strain,"1,2-propanediol","2,3-butanediol",HMDA,putrescine,glutarate,adipate,hexanoate,octanoate,coumarate,isobutyrate,butanol,NaCl,M9,global,comp,
12PD1-10,0.351150671,0.346804871,-0.22561167,-0.27870367,0.072742315,0.053330687,0.137963711,-0.255671903,,0.070422623,-0.470725448,-0.116994145,0.186646599,-0.047162303,12PD,-0.043617821
12PD1-2,0.423013586,0.392367831,-0.22561167,-0.27870367,0.03638649,0.08204939,0.215836273,-0.039191359,,0.08175442,0.315778776,-0.116994145,0.249728141,0.109413081,12PD,0.064854589
12PD1-4,0.384709397,0.359651545,-0.22561167,-0.27870367,0.072007342,0.04836926,0.29405187,-0.255671903,,-0.318140649,-0.470725448,-0.116994145,0.273073401,-0.092584304,12PD,-0.056244915
12PD2-5,0.396872264,0.356980859,-0.22561167,-0.27870367,0.043706656,0.148187437,-0.220542716,-0.255671903,,-0.207515851,-0.470725448,-0.116994145,0.206442261,-0.113004939,12PD,-0.092768017
12PD2-8,0.298306223,0.337089298,-0.22561167,-0.27870367,0.028266394,0.104201726,0.109715136,-0.255671903,,-0.318140649,-0.470725448,-0.116994145,0.059591418,-0.111762798,12PD,-0.093362137
12PD2-9,0.315815772,0.348984058,-0.22561167,-0.27870367,0.033883773,0.038992158,0.276534943,-0.053552376,,0.028335347,-0.470725448,-0.116994145,0.040680816,-0.029571693,12PD,-0.034379656
12PD3-10,0.307223726,0.241963903,-0.22561167,-0.27870367,0.0624526,0.140787276,0.109986556,-0.255671903,,0.032389357,-0.470725448,-0.116994145,0.014435318,-0.065846519,12PD,-0.067790166
12PD3-7,0.414191741,0.361195908,-0.22561167,-0.27870367,0.031015627,-0.187738611,0.213436821,0.257965313,,0.14598514,-0.470725448,-0.116994145,0.108379375,-0.006467149,12PD,-0.014708669
12PD3-8,0.313121149,0.329889784,-0.22561167,-0.27870367,0.076810981,0.094454903,0.131199466,-0.255671903,,0.007504787,-0.470725448,-0.116994145,0.048104945,-0.056853712,12PD,-0.059976543
12PD4-6,0.268549153,0.24123351,-0.22561167,-0.27870367,-0.002123753,-0.007203973,0.174752849,0.089218621,,-0.318140649,-0.470725448,-0.116994145,0.10503153,-0.104453265,12PD,-0.073569709
12PD4-8,0.288547328,0.260175576,-0.085544562,-0.093176033,0.03405146,0.058656535,0.107217772,0.049756484,,0.147638864,-0.265534524,0.036777384,0.042883036,0.032388759,12PD,0.026627454
12PD4-9,0.278641761,0.286407696,0.079691785,-0.104478722,0.040038379,0.065890839,0.129231195,-0.255671903,,0.088110972,-0.470725448,0.044335558,0.127724572,-0.014622647,12PD,0.00277772
12PD5-1,0.214173875,0.330504538,-0.22561167,-0.27870367,-0.125065206,-0.093644963,0.225906199,0.206633206,,-0.225257571,-0.470725448,-0.116994145,0.038646137,-0.080217165,12PD,
12PD5-3,0.428262194,0.345146138,-0.22561167,-0.27870367,-0.137808598,0.091278125,0.126206808,-0.255671903,,-0.318140649,-0.470725448,-0.116994145,0.1582929,-0.122537563,12PD,
12PD5-9,0.259453204,0.294136985,-0.22561167,-0.27870367,-0.121373141,0.107226582,0.19647002,0.333073663,,0.090751856,-0.470725448,-0.116994145,0.137432444,-0.010591541,12PD,
12PD6-3,0.193049501,0.180933058,-0.153107428,-0.27870367,-0.034762783,0.033502479,0.103785115,-0.191967703,,-0.318140649,-0.470725448,-0.077531879,0.066627908,-0.137244542,12PD,
12PD6-6,0.245070356,0.191347212,-0.22561167,-0.182957021,-0.014995218,0.020763412,0.122073944,-0.008541942,,-0.318140649,-0.470725448,0.021262635,0.076841685,-0.114079725,12PD,
12PD6-9,0.191937723,0.191710759,-0.001182227,-0.27870367,-0.034431137,0.009569718,0.079816942,-0.089135674,,-0.318140649,-0.370511765,-0.010883744,0.020584559,-0.101606171,12PD,
12PD7-5,0.298578764,0.319121102,-0.023517122,-0.123960524,0.063610831,0.100489162,0.124851135,0.04740085,,-0.158561611,-0.298024205,0.096824515,0.050930292,-0.000344028,12PD,
12PD7-6,0.385458354,0.403514099,0.041385463,-0.27870367,-0.006828778,0.060687306,-0.427270449,-0.255671903,,-0.082709389,-0.470725448,0.044834908,-0.0134752,-0.090913881,12PD,
12PD7-7,0.25064571,0.288192292,0.02317218,-0.273818982,-0.05499306,-0.137715271,0.010545469,-0.177155181,,-0.040411039,-0.470725448,0.020731058,0.02562282,-0.082710715,12PD,
12PD8-10,0.317672099,0.294739706,-0.22561167,-0.27870367,0.134849932,0.139868284,0.169256161,0.236592,,0.100968503,-0.470725448,0.043439952,0.244179645,0.007877103,12PD,
12PD8-6,0.41434601,0.314931875,-0.22561167,-0.27870367,-0.10783511,0.136703296,0.171869412,-0.255671903,,-0.318140649,-0.306351404,-0.116994145,0.13831696,-0.091590818,12PD,
12PD8-7,0.339542209,0.30251988,-0.177048159,-0.27870367,0.074526176,0.073736412,-0.219683785,0.147746621,,-0.19120522,-0.470725448,0.015204119,0.138672006,-0.083434477,12PD,
23BD1-6,0.14652892,0.154514922,-0.080697482,-0.037367685,-0.004655078,0.031920057,0.025441955,0.135597883,-0.314146112,-0.252020304,-0.024668425,0.019139867,-0.050982598,-0.057314299,23BD,
23BD1-8,0.123171088,0.116557678,-0.090899256,-0.057732701,-0.013679177,0.00927118,0.022960441,0.190619367,0.063799389,-0.339520671,0.015702298,0.00863974,-0.02385338,-0.016170197,23BD,
23BD1-9,0.130662827,0.119505415,-0.190144986,-0.057046336,-0.016944586,0.016487853,0.013811621,0.155742529,-0.314146112,-0.250009492,-0.024252614,0.01518596,-0.040857432,-0.072564251,23BD,
23BD2-4,0.098984831,0.118482711,-0.070558493,-0.181520702,-0.192386048,-0.197666831,-0.121070611,-0.252405315,-0.314146112,-0.093743299,-0.194073736,-0.032635389,-0.062622345,-0.141612062,23BD,
23BD2-5,0.110784887,0.139761601,-0.059304527,-0.242116797,-0.192386048,-0.197666831,-0.159565199,-0.057905828,-0.314146112,-0.052158649,-0.186300552,-0.066351986,0.100645517,-0.123902332,23BD,
23BD2-7,0.12578841,0.116409347,-0.055894735,-0.176024142,-0.192386048,-0.197666831,-0.129603778,-0.252405315,-0.314146112,-0.117060751,-0.184557217,-0.01998512,0.062593879,-0.143049308,23BD,
23BD2-9,0.114530931,0.142455255,-0.066495049,-0.162306992,-0.192386048,-0.197666831,-0.132641281,-0.142572606,-0.314146112,-0.14031004,-0.160268201,-0.016776972,0.012426171,-0.131329072,23BD,
23BD3-3,0.240582372,0.311650538,-0.247861386,-0.275884708,-0.085861647,-0.165014982,-0.344040572,-0.252405315,-0.314146112,-0.141068306,-0.489640224,-0.133746155,0.036034564,-0.188391201,23BD,
23BD3-4,0.167260815,0.265551776,-0.247861386,-0.275884708,-0.082014126,-0.197666831,-0.411600367,-0.252405315,-0.314146112,-0.23958384,-0.179915268,-0.133746155,-0.038204161,-0.171687116,23BD,
23BD3-9,0.169397576,0.30285252,-0.247861386,-0.275884708,-0.083825009,-0.197666831,-0.344675639,-0.252405315,-0.314146112,-0.095723318,-0.364335455,-0.133746155,-0.003472646,-0.167501687,23BD,
23BD4-3,0.173357049,0.155152507,-0.042325113,-0.036737539,-0.04138707,-0.019765666,0.013991384,0.161192599,-0.314146112,-0.339520671,0.03111334,0.027697673,0.052541283,-0.064273805,23BD,
23BD4-4,0.132429588,0.174170787,-0.064157542,-0.083534002,-0.083273758,-0.088314781,0.025706008,-0.252405315,-0.314146112,-0.339520671,-0.021050816,0.010812579,-0.113939003,-0.110505215,23BD,
23BD4-7,0.125964271,0.232245584,-0.142271147,-0.14347606,-0.192386048,-0.197666831,-0.0785687,-0.252405315,-0.174531816,-0.120956987,-0.489640224,-0.1034467,0.03590274,-0.150895785,23BD,
23BD5-1,0.110142542,0.171192832,-0.019383677,-0.061541304,-0.084579413,-0.085693331,0.061952804,0.139883632,-0.314146112,-0.050030539,-0.278636301,-0.012688219,0.001807642,-0.070900109,23BD,
23BD5-10,0.107425385,0.160525118,-0.022938732,-0.066701475,-0.083004496,-0.060634512,0.042134768,0.159490415,0.066121933,-0.036468922,-0.489640224,0.008780905,0.03351204,-0.045041302,23BD,
23BD5-7,0.104409867,0.174991132,-0.021343369,-0.036505415,-0.082057468,-0.060958833,0.096346242,0.153857918,-0.185442366,-0.035168906,-0.489640224,0.000563133,0.101915645,-0.072941547,23BD,
23BD6-1,0.20317937,0.200293421,0.04418307,-0.171276289,-0.070097425,-0.018025458,-0.005251443,-0.038490244,-0.314146112,-0.252385228,-0.276021018,-0.029996306,0.135979969,-0.110248262,23BD,
23BD7-10,0.146107406,0.295257061,-0.11613953,-0.077172115,-0.127808543,-0.197666831,-0.07614419,-0.066838942,-0.314146112,-0.099815237,0.158728204,-0.114571043,0.058889149,-0.041551594,23BD,
23BD7-4,0.173066934,0.300053412,-0.10707696,-0.093018127,-0.123696484,-0.197666831,-0.091995487,-0.252405315,-0.160669092,-0.067549574,-0.489640224,-0.055527543,0.143623898,-0.121533583,23BD,
23BD7-5,0.142573824,0.284142163,-0.002505177,-0.045062817,-0.121587605,-0.108424093,0.01180679,0.240797332,0.065062519,-0.03510303,-0.253670026,-0.018733198,0.11945601,0.00684912,23BD,
23BD7-7,0.164569362,0.320988966,-0.104378275,-0.20879672,-0.122336744,-0.197666831,-0.120563236,-0.252405315,-0.314146112,-0.103063279,0.163797596,-0.114583358,0.089483603,-0.06221377,23BD,
23BD8-2,0.078202166,0.180283625,-0.062489319,-0.098497654,-0.025601596,-0.028971107,0.252577417,0.256776444,0.145604152,0.025618622,-0.058407994,-0.022850552,0.187966829,0.0628565,23BD,
23BD8-5,0.099172569,0.125683085,-0.023978587,-0.23999611,-0.061681284,-0.01956421,0.106202351,0.206219257,0.125749458,-0.014626095,0.093715926,-0.077952995,0.135209151,0.044874726,23BD,
23BD8-7,0.064501765,0.153157385,0.046991523,-0.038827371,0.003358723,-0.009746189,0.061367607,0.170617438,0.098173245,-0.12881353,-0.019074646,0.042706209,0.135490269,0.03147476,23BD,
HMDA1-10,0.010013282,0.011249837,0.211403359,0.14779526,0.090832818,0.211187534,-0.020678313,0.080551078,-0.250642283,-0.068680883,-0.477218379,0.198369977,-0.070867821,-0.060677977,HMDA,
HMDA1-6,0.01058671,0.055068584,0.190829646,0.195680186,0.178259952,0.262879482,0.043408423,0.311794276,0.119372961,-0.06339685,-0.003009607,0.198191056,-0.026487038,0.09992301,HMDA,
HMDA1-8,-0.048016527,0.010623917,0.110320562,0.120088858,0.201055083,0.216255346,0.019847828,0.182862592,-0.247172926,0.019031663,-0.348964708,0.030262413,-0.013368203,-0.020180989,HMDA,
HMDA2-1,-0.022310634,-0.015254065,0.205321218,0.091602945,-0.014215685,0.063653957,0.046332346,0.179235098,-0.388921594,0.021802699,-0.477218379,0.104289004,-0.060057302,-0.081946629,HMDA,
HMDA2-8,0.003209581,-0.008461777,0.230202438,0.102656403,0.001132434,0.075349909,0.060584987,0.157467544,-0.27606325,0.028882928,-0.477218379,0.130812403,-0.067312077,-0.059880517,HMDA,
HMDA2-9,-0.006139136,-0.006721515,0.230622538,0.110350035,-0.00943313,0.064924445,0.044404874,0.11522639,-0.029895996,0.015121949,-0.477218379,0.116846493,-0.079186215,-0.031523766,HMDA,
HMDA3-4,0.021663044,-0.197826773,0.275179324,0.205480451,0.317970018,0.278791539,0.219296129,0.095727955,0.27691211,0.186135057,-0.477218379,0.189160214,0.104282521,0.069174961,HMDA,
HMDA3-5,0.050413849,0.054305166,0.290187745,0.230189105,0.278842039,0.24272662,0.127491514,0.197107693,0.219072657,0.132505959,-0.477218379,0.21576223,0.030458156,0.08741968,HMDA,
HMDA3-6,0.024950625,-0.130346747,0.261717664,0.179007676,0.313470023,0.275920785,0.212093662,0.101195016,0.289784201,0.184749533,-0.477218379,0.178458608,0.035565304,0.076953003,HMDA,
HMDA4-2,-0.050269373,0.05248184,0.13752942,0.168210456,-0.059425359,0.143815117,0.113013683,0.219341063,0.007905143,0.029474339,-0.477218379,0.147430155,-0.169137829,-0.003730695,HMDA,
HMDA4-6,-0.026289477,0.03594095,0.20074549,0.179699109,7.03E-05,0.137155185,0.158596552,0.163742004,0.101612556,0.028403121,-0.477218379,0.11601438,-0.198176423,0.01553465,HMDA,
HMDA4-9,-0.038785702,0.035874352,0.210502902,0.196789209,0.018172062,0.176646978,0.109000233,0.19026522,0.040729729,0.02536714,-0.477218379,0.186654933,-0.139022865,0.010777306,HMDA,
HMDA5-10,0.010773831,0.032607166,0.203378444,0.139103625,0.127650575,0.076953679,0.042055891,-0.185579025,0.142514539,0.084592453,-0.477218379,0.083198771,0.018085165,-0.00224609,HMDA,
HMDA5-4,0.063519478,0.058815368,0.245244776,0.205633483,0.256621827,0.254247488,0.147925894,0.374733553,0.213897302,0.026120306,0.076333156,0.207755068,0.031347006,0.159624235,HMDA,
HMDA5-5,0.041215315,0.064247452,0.316900093,0.225001494,0.290506057,0.265822074,0.197698733,0.393478885,0.203309338,-0.124379179,-0.283486099,0.217190497,0.082090117,0.100627883,HMDA,
HMDA6-10,0.001542525,0.005938872,0.194004613,0.154405521,0.150399448,0.162225532,-0.058271448,-0.192395314,-0.004154475,-0.129717308,-0.477218379,0.023841613,-0.089822702,-0.057138159,HMDA,
HMDA6-3,-0.022065512,0.036946534,0.247559026,0.181615218,0.230715773,0.189894618,0.007032826,0.257625792,0.15772379,0.074141793,-0.120971256,0.115656175,0.009460677,0.100723212,HMDA,
HMDA6-7,-0.041921821,0.028712629,0.252887005,0.184359358,0.208798101,0.170063866,0.07672647,0.226320065,0.122760264,0.069661159,-0.088835366,0.129176179,-0.081454904,0.098839445,HMDA,
HMDA7-1,0.013296045,-0.03664382,0.221062761,0.118519854,0.215233092,0.208657897,0.073108819,0.218424713,0.257742217,-0.390819229,-0.477218379,0.156092487,0.004365205,-0.017062235,HMDA,
HMDA7-10,-0.004363251,-0.197826773,0.206902579,0.128851396,0.200053003,0.197061682,0.025194747,0.208799367,0.248747616,-0.390819229,-0.477218379,0.160544845,-0.02606002,-0.04766934,HMDA,
HMDA7-7,0.020170742,-0.008103129,0.195565942,0.098664873,0.173116914,0.184172584,0.084393888,0.241278591,0.19981903,-0.390819229,-0.477218379,0.148005424,-0.066722734,-0.026817902,HMDA,
HMDA8-10,0.009435165,-0.06986934,0.354376543,-0.050975057,0.139152657,0.146927633,0.172787586,0.232592515,-0.031725669,0.07371445,-0.477218379,0.053035827,-0.061945381,-0.001095428,HMDA,
HMDA8-5,0.041773991,0.030572349,0.352506665,0.149626601,0.131935915,0.153355009,0.180413771,0.217777864,0.105015873,0.046833077,-0.477218379,0.151686613,-0.065005419,0.042572976,HMDA,
HMDA8-9,-0.006238417,-0.08344292,0.290633319,0.118972249,0.104558901,0.144795459,0.098730541,0.224828651,0.138351415,0.066294179,-0.477218379,0.135021666,-0.08048412,0.019320551,HMDA,
PUTR1-3,0.020660034,0.08506051,0.191169035,0.162256598,0.222937689,0.157035106,0.092117001,0.269698243,0.203838407,-0.045631188,-0.453608051,0.18961664,0.219820863,0.048180931,PUTR,
PUTR1-6,-0.027317842,0.03959426,0.176241418,0.134522353,0.187568275,0.132113393,0.102445334,0.244278808,0.212093283,-0.03069918,-0.453608051,0.132051969,0.163851522,0.036566443,PUTR,
PUTR1-9,-0.037303749,-0.193758785,0.183308547,0.109371765,0.15945027,0.075512558,0.063023103,0.164021864,-0.39007504,-0.013579793,-0.453608051,0.082775611,0.086927844,-0.096239659,PUTR,
PUTR2-4,0.025413289,0.051960234,0.08396028,0.05670236,0.178078477,0.149222272,0.069346604,0.07756434,0.126985761,-0.03218917,-0.453608051,0.163388567,0.070263011,8.37E-05,PUTR,
PUTR2-6,0.010471139,0.050309679,0.105324833,0.046936225,0.165435767,0.15439422,0.095230203,0.085047718,0.163441841,-0.052246619,-0.453608051,0.176723981,0.071999143,0.004868762,PUTR,
PUTR2-8,-0.005207428,0.045437683,0.088642854,0.066590872,0.179402016,0.160507887,0.08990023,0.109151721,0.161731217,0.024490136,-0.453608051,0.168509907,0.095390831,0.017878396,PUTR,
PUTR3-1,0.026228671,0.072980735,0.329917444,0.167839702,0.146623891,0.17380706,0.047509051,0.210457273,0.196684734,-0.098422125,-0.453608051,0.224539836,0.130115233,0.036530358,PUTR,
PUTR3-10,0.021136079,0.086014545,0.34360043,0.156217751,0.113195303,0.212393216,0.027690928,0.132906354,0.196846989,-0.112611193,-0.453608051,0.229481017,0.084295726,0.029949183,PUTR,
PUTR3-9,-0.009860764,0.02715971,0.087371936,0.032945119,0.060524641,0.041543739,0.117567516,-0.3219076,0.040402482,0.004078806,-0.453608051,0.095382929,0.003208112,-0.053277768,PUTR,
PUTR4-3,0.03644228,0.007929648,0.304368481,0.135476243,0.194122853,0.169135394,0.130122037,0.163690619,0.050475679,0.049481823,-0.453608051,0.239255615,0.053328576,0.028962416,PUTR,
PUTR4-7,0.069126597,0.023998933,0.279200677,0.12035429,0.161652178,0.138825817,0.061517065,-0.3219076,-0.009288516,0.020556807,-0.453608051,0.235892851,0.049990241,-0.028359945,PUTR,
PUTR4-8,0.101741957,0.042592924,0.303478891,0.131377041,0.173350503,0.144357765,0.095129223,-0.315376658,0.024231337,0.087488638,-0.453608051,0.126012404,0.066820836,-0.004733824,PUTR,
PUTR5-1,-0.05511834,-0.076630756,0.105277302,0.040126664,-0.053565424,-0.058623646,0.047967043,-0.226685114,0.009376985,-0.189229494,-0.453608051,0.027955757,-0.110601724,-0.1118347,PUTR,
PUTR5-6,-0.020587162,-0.002409876,0.197836527,0.057739951,0.093878693,0.048808221,0.006003103,0.14529107,-0.032349028,0.011419863,-0.453608051,0.171168904,0.093743806,-0.028881187,PUTR,
PUTR5-8,-0.010748208,-0.005488765,0.215866022,0.064307206,0.079058126,0.038514234,0.042585052,0.188841813,-0.001560248,0.031010705,-0.453608051,0.204679734,0.05674428,-0.016437162,PUTR,
PUTR6-10,-0.002632,0.074503094,0.262744999,0.137358175,0.113424618,0.13156323,0.015549004,-0.041794362,0.097633838,-0.006889319,0.062980915,0.229686716,-0.004889796,0.076807337,PUTR,
PUTR6-2,-0.014599376,0.020906277,0.135314546,0.062508312,0.145728191,0.092117065,0.106977281,-0.3219076,0.102747483,-0.145258216,-0.453608051,0.169900814,0.092380963,-0.052120516,PUTR,
PUTR6-7,0.122425186,0.111449375,0.187146533,0.15738167,-0.000140201,-0.009492123,-0.031013794,-0.235885109,-0.099022855,-0.07860706,-0.453608051,-0.001622997,0.130446753,-0.069398586,PUTR,
PUTR7-1,-0.014898012,0.073136069,0.301711962,0.112439816,0.010076061,0.015959544,0.10224257,0.221783882,0.143293952,-0.039852007,-0.453608051,0.218799182,0.04173019,0.015010983,PUTR,
PUTR7-7,-0.074039745,-0.047337779,0.25108557,0.081837768,0.085419948,-0.003102206,-0.01334816,0.13763331,-0.12216314,-0.018142263,-0.453608051,0.168178615,0.058117602,-0.053069731,PUTR,
PUTR7-9,-0.064062332,-0.041557449,0.276214486,0.052491356,0.094009997,0.0017401,-0.032806479,0.10256733,-0.124877776,-0.037636863,-0.453608051,0.170637992,0.036568561,-0.058653106,PUTR,
PUTR8-10,-0.12126629,-0.122139502,0.016515953,0.189842774,0.056612039,0.014781844,0.028206525,0.03714857,0.108540537,-0.177514937,-0.453608051,0.020245672,-0.011889501,-0.067595443,PUTR,
PUTR8-3,-0.010242792,0.064520037,0.333556605,0.153032483,0.157500583,0.182208677,0.106798738,0.047075215,0.182993718,0.01403882,-0.009874758,0.272412529,-0.03129691,0.105966281,PUTR,
PUTR8-6,-0.005866368,-0.061657093,0.325994263,0.169399201,0.168747774,0.06222966,0.197154474,0.211349176,0.217089347,-0.14740928,-0.327421033,0.163569618,-0.033110686,0.035434174,PUTR,
GLUT1-10,0.086780596,0.118106923,-0.587679931,0.000848058,0.317100216,0.293329442,0.052485822,0.204822861,-0.208295252,-0.089893309,-0.435736488,0.17017286,0.072339725,-0.06790927,GLUT,
GLUT1-3,-0.058907608,-0.171573351,0.064716026,-0.250230626,0.274874723,0.18118311,0.100998549,0.124242139,-0.331762186,-0.105911219,-0.224031714,-0.095021004,-0.007811594,-0.083626644,GLUT,
GLUT1-9,-0.053710767,-0.171573351,-0.587679931,-0.250230626,0.280502318,0.186429493,0.127033149,0.115593232,-0.331762186,-0.158627601,-0.435736488,-0.095021004,-0.002496769,-0.165982258,GLUT,
GLUT2-1,-0.032124031,-0.013586896,-0.044035513,0.041646436,0.236319647,0.181059921,0.019517618,0.118862157,-0.229282215,-0.064705598,-0.305375194,0.067378484,-0.059795683,-0.048037824,GLUT,
GLUT2-10,-0.029029066,-0.171573351,-0.013018069,-0.146849872,0.300433011,0.228302765,0.100862704,0.074107661,-0.331762186,-0.066757679,-0.435736488,-0.095021004,0.000432735,-0.104844372,GLUT,
GLUT2-9,-0.015281613,-0.027735648,-0.587679931,-0.007548265,0.246875233,0.202229691,0.031240231,0.158768371,0.061087047,-0.158160452,-0.435736488,0.118378443,-0.024949997,-0.076943268,GLUT,
GLUT3-5,0.024638809,-0.035562494,-0.587679931,0.023055408,0.284918694,0.239823578,0.083114746,-0.013675158,0.084377427,-0.289636225,-0.435736488,-0.095021004,0.029209433,-0.094539873,GLUT,
GLUT3-7,0.028461563,-0.052431153,-0.587679931,-0.177563513,0.264612831,0.233110404,0.106002116,-0.020774319,0.103353728,-0.157117446,-0.435736488,0.024893912,0.018297017,-0.090439652,GLUT,
GLUT3-9,-0.022634805,0.006872721,-0.587679931,-0.035369531,0.258419941,0.214886963,0.080341253,0.105063048,-0.204022031,-0.064976582,-0.435736488,-0.095021004,0.00278328,-0.097147358,GLUT,
GLUT4-1,-0.030464726,-0.171573351,-0.587679931,0.01013165,0.248464785,0.197295806,-0.01960019,-0.162340801,-0.200915056,-0.029061327,-0.435736488,0.16065276,-0.027252645,-0.142021509,GLUT,
GLUT4-10,0.03958599,0.00129297,-0.587679931,0.037324628,0.25977912,0.209721388,0.107681041,-0.008868527,0.122495851,-0.342370652,-0.435736488,0.062309356,0.028768831,-0.092191351,GLUT,
GLUT4-4,-0.025909792,-0.171573351,-0.587679931,0.013833163,0.249774705,0.198395694,-0.02588979,-0.275583325,-0.204137809,-0.025980606,-0.435736488,0.170952794,-0.047195708,-0.150143285,GLUT,
GLUT5-4,0.023241417,-0.171573351,-0.384096567,-0.250230626,0.227317002,0.140509268,0.230459064,0.287846701,0.243493114,-0.342370652,-0.435736488,-0.095021004,0.018387237,-0.082897851,GLUT,
GLUT5-5,0.039194189,-0.171573351,-0.385608789,-0.250230626,0.18459521,0.18629308,-0.187185146,0.383931767,0.271825989,-0.342370652,-0.435736488,-0.095021004,0.025056738,-0.101708108,GLUT,
GLUT5-9,0.031212865,-0.171573351,-0.587679931,-0.250230626,0.269851823,-0.095825685,0.24266171,0.377418626,0.244901608,-0.342370652,-0.435736488,-0.095021004,0.009292968,-0.103811561,GLUT,
GLUT6-10,-0.043465344,-0.028321713,-0.517323223,0.02159308,0.223257043,0.18672589,0.013866454,0.162322102,0.116134693,0.024636085,-0.435736488,0.17098493,-0.068721935,-0.039723821,GLUT,
GLUT6-4,-0.007621879,0.009153969,-0.435137643,0.03090704,0.204208951,0.185181519,0.046548675,0.185608834,0.135371313,-0.038415466,-0.303166348,0.092205882,-0.032249542,-0.012628263,GLUT,
GLUT6-5,-0.004129815,0.007427667,-0.436887506,0.016484677,0.242035379,0.179076947,0.044085997,0.192753992,0.104008516,-0.033648606,-0.435736488,0.117761152,-0.026694955,-0.034167738,GLUT,
GLUT7-2,-0.002799833,-0.026307607,-0.587679931,0.04847029,0.243843297,0.224510716,0.049157078,0.204285798,0.135764349,-0.008347737,-0.435736488,0.221672937,-0.014769973,-0.03476198,GLUT,
GLUT7-6,0.009144571,0.00709605,-0.587679931,0.056934139,0.196064275,0.210544486,0.034757886,0.085055467,0.097132479,0.014879445,-0.297881456,0.139686248,0.047703843,-0.025847903,GLUT,
GLUT7-7,-0.002497923,0.065329898,-0.393947187,-0.250230626,0.282442213,0.227798109,0.080408801,0.15374471,0.138552229,-0.094041549,-0.435736488,0.100130256,-0.026183034,-0.039398271,GLUT,
GLUT8-5,0.017400157,0.000717817,-0.235247839,-0.178887704,0.298438984,0.253567875,0.1165535,0.180191925,0.208310464,0.064113714,-0.435736488,-0.012232765,0.02179522,0.007816268,GLUT,
GLUT8-6,0.028588057,0.001607271,-0.461349098,0.04042275,0.321925797,0.355236296,0.186954563,0.117716898,0.333830939,0.075507482,-0.272333628,0.187698107,0.127789262,0.059866524,GLUT,
GLUT8-9,0.049463338,0.033367618,-0.497812495,0.074665804,0.334407271,0.348434802,0.096940979,0.060442292,0.308728234,0.07018637,-0.435736488,0.208277134,0.102031924,0.026440723,GLUT,
ADIP1-1,0.066017981,0.135024519,-0.269299807,-0.269255317,0.281021702,0.246417914,0.164137602,-0.26074114,-0.32735527,-0.393986918,-0.467526294,-0.099004209,0.059233607,-0.158243355,ADIP,
ADIP1-6,0.049274981,0.112025277,-0.160403819,-0.211551527,0.331255778,0.287015177,0.097954252,0.383684225,-0.109287896,-0.027503531,-0.257585113,-0.011053434,-0.099881481,0.011660826,ADIP,
ADIP1-9,0.055302076,0.118069028,-0.269299807,-0.269255317,0.287193204,0.227504285,0.126014845,-0.26074114,-0.32735527,-0.393986918,-0.467526294,-0.099004209,-0.049963483,-0.164298774,ADIP,
ADIP2-10,0.067749705,0.092328422,-0.269299807,-0.269255317,0.25697376,0.231451863,0.08201526,-0.26074114,0.266731795,0.002220115,-0.302749921,-0.099004209,-0.010273318,-0.007985326,ADIP,
ADIP2-5,0.052713306,0.093683792,-0.269299807,-0.148339751,0.289774739,0.242454392,0.114479877,-0.26074114,0.291401804,-0.025138364,-0.290966995,-0.099004209,-0.026876036,0.007592056,ADIP,
ADIP2-6,0.079540971,0.103155356,-0.269299807,0.089510107,0.308206743,0.254158397,0.069714583,-0.26074114,0.262488853,0.014164006,-0.467526294,-0.099004209,0.003673954,0.001150909,ADIP,
ADIP3-2,0.048740984,0.115084483,-0.171831809,-0.178791335,0.300271866,0.252486334,0.134205945,-0.075106381,-0.111710604,-0.270075202,-0.467526294,-0.000874995,-0.065350449,-0.086230044,ADIP,
ADIP3-4,0.058499589,0.135757915,-0.269299807,-0.269255317,0.27829558,0.226209856,0.150226295,-0.26074114,-0.32735527,-0.393986918,-0.467526294,-0.099004209,0.004367938,-0.160770405,ADIP,
ADIP3-8,0.093030147,0.144057223,-0.149330423,-0.19801736,0.276635472,0.228058527,0.14755425,-0.064856238,0.258518138,-0.277135414,-0.467526294,0.00402705,-0.038483792,-0.031723462,ADIP,
ADIP4-1,-0.004394126,0.046014434,0.078774934,0.067894571,0.207954586,0.211462717,0.014132145,0.191760356,-0.32735527,-0.060502896,-0.467526294,0.21817295,-0.06148844,-0.06048291,ADIP,
ADIP4-4,0.017069247,0.006465863,-0.045790731,-0.049570392,0.002930769,0.021491509,0.023061163,-0.049328262,0.039046964,-0.121637192,-0.467526294,0.059196693,-0.122409156,-0.084607662,ADIP,
ADIP4-8,-0.00124679,0.040490425,0.050290644,-0.188588466,0.203413964,0.219466476,0.113424968,0.205485634,0.13084147,-0.047264183,-0.467526294,0.204875721,-0.064632767,-0.005958853,ADIP,
ADIP5-2,-0.04122127,-0.103761918,0.143413829,0.104344631,0.187828253,0.191959469,0.039169836,0.128378021,0.119707979,-0.088470788,-0.376088914,0.135526759,-0.080247193,-0.007295232,ADIP,
ADIP5-5,-0.03135328,-0.097880305,-0.03970065,-0.033117758,0.006687627,0.002303304,-0.060005282,0.032138814,0.054701337,-0.097290572,-0.467526294,0.056273249,-0.090460036,-0.093406115,ADIP,
ADIP5-6,0.033155307,0.090586476,-0.269299807,-0.269255317,0.332287074,0.282352196,0.059943846,0.297049258,0.193514185,-0.172157312,-0.467526294,-0.099004209,-0.115865913,-0.019863474,ADIP,
ADIP6-10,0.025275735,0.047292683,0.005037893,0.060012791,0.250443867,0.221837791,0.109772308,0.153499432,0.092995307,-0.135058349,-0.32178686,0.199698383,-0.030968645,0.011963546,ADIP,
ADIP6-3,0.033595418,-0.131664365,-0.003450874,0.055704843,0.2653099,0.215496538,0.083169732,0.248601095,0.134897928,-0.139676704,-0.334714425,0.221665866,-0.019758174,-0.005534564,ADIP,
ADIP6-9,-0.004796221,0.044391459,0.003275648,0.078664003,0.218342025,0.210778427,0.059155864,0.250002263,0.161654739,-0.161699721,-0.331520829,0.227970848,-0.057038888,0.017562109,ADIP,
ADIP7-10,0.096603684,0.131342542,0.025730463,-0.164013774,0.276915323,0.206632706,0.101983014,0.287066178,0.297242712,-0.287201486,-0.467526294,0.152169887,-0.036474637,0.005859204,ADIP,
ADIP7-2,-0.014714792,0.033651318,-0.054072711,-0.065264458,0.125177465,0.108972663,0.036111142,-0.089152743,0.160755983,-0.021117665,-0.467526294,0.079074904,-0.009392908,-0.037621569,ADIP,
ADIP7-5,0.076053713,0.112379188,-0.028601992,-0.106424905,0.227356382,0.205996648,0.118893243,0.215266891,0.006350362,-0.369762378,-0.467526294,0.156370819,-0.031758029,-0.057473713,ADIP,
ADIP8-10,0.028209565,0.060866549,-0.046423797,-0.038847953,0.026020683,0.124706697,0.023979657,-0.26074114,0.120697471,-0.071440065,-0.467526294,0.068777872,-0.091319043,-0.063293609,ADIP,
ADIP8-11,0.009606869,-0.003558645,0.041409046,0.070020492,0.171406523,0.189175643,0.027034131,0.202136595,0.12637371,-0.196958216,-0.040360988,0.162976134,-0.090123494,0.033726725,ADIP,
ADIP8-12,0.025557086,0.077326444,-0.063459711,-0.025538437,0.05568106,0.093223393,0.02354232,-0.26074114,0.121448581,-0.052192043,-0.467526294,0.064588868,-0.130339854,-0.058512796,ADIP,
ADIP8-13,-0.366132741,-0.163144173,-0.269299807,-0.269255317,-0.188535594,,-0.367997475,-0.26074114,-0.32735527,-0.393986918,-0.467526294,-0.099004209,-0.122313207,-0.303456445,ADIP,
ADIP8-14,0.019880589,-0.163144173,-0.076469293,-0.088212846,-0.188535594,,-0.367997475,-0.26074114,0.129452257,-0.393986918,-0.467526294,-0.099004209,-0.051665357,-0.211493014,ADIP,
ADIP8-15,-0.071694273,0.024860376,0.223417876,0.009258634,0.162250669,0.21684231,-0.042538116,0.158126792,-0.32735527,-0.187027379,-0.267439652,0.142907032,0.004928957,-0.056183263,ADIP,
ADIP8-16,-0.029187012,0.109420879,-0.062767483,-0.054037564,-0.029294881,0.127386995,-0.016498556,-0.26074114,0.201829945,-0.283439229,-0.467526294,0.064036973,-0.055346146,-0.083955859,ADIP,
ADIP8-17,-0.007397666,0.097402652,-0.040351099,-0.044410646,0.111579823,0.108638796,-0.035385741,-0.26074114,0.172954898,-0.115727303,-0.467526294,0.076677671,-0.001937595,-0.056175864,ADIP,
ADIP8-18,-0.012996219,0.088342751,-0.051807644,-0.125141938,0.09423637,0.112007655,0.027610485,-0.26074114,0.177890131,-0.110044536,-0.467526294,0.066566296,-0.02597918,-0.059036579,ADIP,
ADIP8-19,0.037089128,0.103033082,0.052778566,0.043589114,0.167122168,0.190872921,-0.015593386,-0.26074114,0.225579541,-0.181064039,-0.467526294,0.157465007,-0.025539446,-0.032994798,ADIP,
ADIP8-20,-0.00591412,0.023537542,-0.052104366,-0.068892007,0.079406531,0.094477588,0.011187785,-0.26074114,0.196828771,-0.140238857,-0.467526294,0.055745301,-0.117955115,-0.069390235,ADIP,
ADIP8-3,0.026994365,0.007363102,-0.038127552,-0.062061342,0.082793404,0.115966545,-0.021636668,-0.26074114,0.107436243,-0.061369835,-0.467526294,-0.035929285,-0.133918211,-0.072285737,ADIP,
ADIP8-7,0.032494225,-0.052852512,-0.115742505,-0.148105649,0.085489255,0.098935499,0.035992691,-0.269501813,-0.174069175,-0.083149907,-0.467526294,0.058350968,-0.0972334,-0.133437736,ADIP,
HEXA1-1,0.095180581,0.015441997,-0.103154984,-0.24403557,-0.184607482,-0.173750158,,-0.183557363,0.295017792,-0.062049565,-0.280232399,-0.164590601,-0.052207199,-0.081164805,HEXA,
HEXA1-4,0.037139236,-0.170072956,-0.273065167,-0.24403557,-0.184607482,-0.173750158,0.246844452,0.137379405,0.275734639,-0.108349575,-0.312657761,-0.031355317,-0.133779644,-0.080137559,HEXA,
HEXA1-5,0.06697279,0.052218958,-0.140666793,-0.24403557,-0.184607482,-0.173750158,,-0.212912899,0.262866161,-0.242672902,-0.501258969,0.024672714,-0.042137879,-0.144755665,HEXA,
HEXA2-10,0.012210941,-0.11916023,-0.101138166,-0.24403557,-0.097035256,-0.173750158,0.230536163,0.075557478,0.127388939,-0.33707651,-0.501258969,-0.081561298,0.043922937,-0.140719932,HEXA,
HEXA2-3,-0.01684675,-0.020834105,-0.273065167,-0.24403557,-0.184607482,-0.134223633,,-0.316105824,0.153774906,0.157684149,-0.375900775,-0.226650311,0.042697917,-0.117049654,HEXA,
HEXA2-9,-0.003995352,-0.021163184,-0.273065167,-0.24403557,-0.184607482,-0.13651381,,-0.119498844,0.115504445,-0.021458898,-0.501258969,-0.226650311,0.003774365,-0.138140923,HEXA,
HEXA3-1,0.077281416,0.017598225,-0.080000153,-0.24403557,-0.113718616,-0.173750158,,-0.166660433,0.277918807,-0.236667152,-0.501258969,0.007031949,-0.04701068,-0.130688824,HEXA,
HEXA3-7,0.072885162,-0.130228319,-0.273065167,-0.24403557,-0.184607482,-0.173750158,0.231172982,-0.088900008,0.21666503,0.034557534,-0.501258969,-0.043991282,0.022351429,-0.106693918,HEXA,
HEXA3-9,0.062083481,-0.127742257,-0.273065167,-0.24403557,-0.184607482,-0.173750158,0.201798148,-0.045419639,0.197696616,0.037718453,-0.501258969,-0.067181664,0.006047815,-0.107589442,HEXA,
HEXA4-10,0.007781543,-0.117209496,-0.192588598,-0.006474568,-0.004252743,-0.115688218,0.183513865,-0.105248112,0.304509044,-0.086282224,-0.501258969,-0.063612617,0.061168222,-0.074372976,HEXA,
HEXA4-4,0.029220615,-0.109138697,-0.191606983,-0.154363245,-0.126017802,-0.120122665,0.27119909,-0.115059303,0.282560584,-0.241603044,-0.501258969,-0.068746159,0.113861245,-0.112489368,HEXA,
HEXA4-7,-0.004015699,-0.113489505,-0.193160309,-0.155164849,-0.124367931,-0.120381423,-0.047219342,-0.073597356,0.219544317,-0.239827157,-0.501258969,-0.054685447,0.027136083,-0.141710988,HEXA,
HEXA5-10,-0.002882175,0.020140353,-0.025615374,0.011172042,0.001187533,-0.006819118,-0.034673699,-0.08147898,-0.011012728,-0.034075627,-0.501258969,-0.025341775,-0.054161178,-0.084902967,HEXA,
HEXA5-7,-0.01473385,-0.011455714,-0.040878504,-0.010739508,-0.00051396,-0.002559729,-0.017517377,-0.266130872,-0.039247801,-0.047290946,-0.501258969,-0.020438495,-0.100395779,-0.109774772,HEXA,
HEXA5-8,-0.013961454,0.001345718,-0.024601474,-0.017407674,0.008345063,-0.002383915,-0.034204455,-0.279241278,-0.005732811,-0.049561751,-0.501258969,-0.019540945,-0.056822384,-0.10427924,HEXA,
HEXA6-4,-0.017795063,0.002647187,-0.035677259,-0.015660268,0.005896078,0.000316951,-0.038721829,0.068721016,-0.002286395,-0.052783932,-0.501258969,-0.021384763,-0.099849251,-0.080177824,HEXA,
HEXA6-7,-0.004674301,0.010950995,-0.028530799,0.001297142,0.007199722,-0.002147718,0.034668465,-0.001957533,0.093637019,-0.050733251,-0.501258969,-0.022669075,-0.073913844,-0.063162795,HEXA,
HEXA6-9,-0.013523713,0.011239581,-0.030468537,-0.011533179,-0.000853041,0.000677739,0.016980791,0.012334953,0.089021955,-0.045346162,-0.501258969,-0.021596671,-0.079684989,-0.064682033,HEXA,
HEXA7-2,-0.01617046,-0.11231973,-0.195245758,-0.172910106,0.030186565,-0.114416368,0.08286631,-0.3914436,0.090087795,-0.233146645,-0.501258969,0.03585562,0.105506797,-0.162445575,HEXA,
HEXA7-3,-0.023341286,-0.109969201,-0.190596087,-0.158002205,0.045660187,-0.112963413,0.102285744,-0.257604948,0.088661704,-0.23859855,-0.501258969,0.037549235,0.047546663,-0.14953934,HEXA,
HEXA7-4,-0.006240447,-0.003925772,-0.048586264,-0.01459316,0.004737951,-0.004352146,-0.043226941,-0.33035441,-0.071513996,-0.054009979,-0.501258969,-0.023401921,-0.073040479,-0.121270886,HEXA,
HEXA7-4sm,-0.097357319,-0.179048615,,-0.259164918,-0.179290834,-0.178877806,0.279799242,-0.203967198,,0.21110093,,,,-0.074283219,HEXA,
HEXA8-1,-0.094579788,-0.116090983,-0.20120691,-0.160690029,-0.119866024,-0.119033888,0.006802027,-0.3914436,0.091177901,-0.248569187,-0.501258969,-0.154235982,-0.093879777,-0.181065778,HEXA,
HEXA8-2,-0.074433977,-0.12087995,-0.203982276,-0.168511751,-0.048840081,-0.114799364,-0.072602841,-0.085542486,-0.208174067,-0.099787037,-0.501258969,-0.163180516,0.013856578,-0.182462775,HEXA,
HEXA8-5,0.017165579,0.031850821,-0.21779006,-0.18197029,0.010296913,0.032239434,0.174042433,-0.146123723,0.311524861,-0.225418637,-0.501258969,-0.098432738,0.097496103,-0.078279224,HEXA,
HEXA8-5sm,0.019119463,0.049124135,,-0.259164918,0.017208822,0.027705075,0.227762908,-0.091218013,,-0.297088757,,,,-0.070433995,HEXA,
OCTA1-3,-0.358867815,-0.157569986,-0.270381885,-0.270784887,-0.038569833,-0.17079682,0.011303379,0.13348263,0.392622148,-0.274733843,-0.505252609,-0.113847653,0.300149863,-0.121115428,OCTA,
OCTA1-5,-0.358867815,-0.157569986,-0.270381885,-0.270784887,-0.07084261,-0.17079682,0.042650003,-0.026855704,0.33527054,-0.274733843,-0.505252609,-0.113847653,0.236631588,-0.140827407,OCTA,
OCTA1-9,-0.162155424,-0.157569986,-0.270381885,-0.270784887,-0.075553483,-0.17079682,0.052184086,-0.028941216,0.249878907,-0.218568797,-0.505252609,-0.113847653,0.258542015,-0.144807084,OCTA,
OCTA2-10,-0.053105676,-0.091306606,-0.270381885,-0.270784887,0.019570785,0.044196774,-0.431259908,0.175185254,-0.12702732,-0.274733843,-0.505252609,-0.113847653,-0.104662906,-0.195008187,OCTA,
OCTA2-14,0.015816345,0.004284142,0.041571989,-0.270784887,0.0061222,0.047362668,-0.217757161,0.16994064,0.216265141,-0.224026491,-0.505252609,0.123438618,0.079327893,-0.088643156,OCTA,
OCTA2-16,-0.020588415,0.017324718,0.034703442,-0.270784887,0.005419163,0.084966094,-0.431259908,0.214631916,0.140107789,-0.06481423,-0.505252609,0.235357516,0.066043617,-0.08482806,OCTA,
OCTA2-4,0.066955678,-0.016766015,0.128024635,0.011259141,0.033483242,0.061896367,0.110140977,0.071999442,0.143034215,-0.134987888,-0.505252609,0.152025266,0.171917711,-0.043652914,OCTA,
OCTA2-9,0.077859892,0.033061591,0.165379944,0.055700324,0.058698431,0.061790685,0.170495609,0.132622356,0.137481945,-0.123498647,-0.32095257,0.053137101,0.234858631,0.006919428,OCTA,
OCTA4-10,-0.358867815,-0.157569986,-0.270381885,-0.270784887,-0.034938058,-0.17079682,0.163486176,0.04455004,0.287759096,-0.274733843,-0.505252609,-0.113847653,0.148162227,-0.13131858,OCTA,
OCTA4-13,-0.264012662,-0.157569986,-0.270381885,-0.270784887,-0.061037587,-0.17079682,0.125198006,-0.09045335,0.271067764,-0.274733843,-0.505252609,-0.113847653,0.266813733,-0.147945276,OCTA,
OCTA4-5,-0.358867815,-0.157569986,-0.270381885,-0.270784887,-0.026089509,-0.17079682,0.131094961,0.019428521,0.249553,-0.274733843,-0.505252609,-0.113847653,0.14876377,-0.140252607,OCTA,
OCTA4-9,0.140178695,-0.157569986,-0.270381885,-0.270784887,-0.036563146,-0.17079682,0.166603951,0.04815345,0.312708557,-0.274733843,-0.505252609,-0.113847653,0.109001123,-0.127390364,OCTA,
OCTA5-4,0.039424102,-0.157569986,0.007768601,-0.011372691,0.083377225,0.047763309,0.059904585,0.001287825,0.081602782,0.071143739,-0.505252609,0.107561422,-0.006845741,-0.059387378,OCTA,
OCTA5-8,0.068516349,-0.157569986,-0.016408125,0.004514437,0.102037114,0.063499957,0.089467956,-0.011242085,0.138015365,0.148246595,-0.505252609,0.126976602,0.122512613,-0.037232287,OCTA,
OCTA5-9,0.051071359,-0.063232419,0.005108689,0.024684373,0.098966242,0.046830056,0.074036625,0.067393587,0.108537524,0.138112166,-0.505252609,0.108464141,0.163572131,-0.023332222,OCTA,
OCTA6-5,-0.358867815,0.371238972,-0.270381885,-0.270784887,-0.189306646,-0.17079682,-0.25388091,-0.151639257,0.321177957,-0.013078158,-0.505252609,-0.113847653,0.110722484,-0.06847272,OCTA,
OCTA6-6,0.189684209,0.349882826,-0.270381885,-0.270784887,-0.055694762,0.019537005,0.153006435,-0.109501369,0.334529784,-0.002425162,-0.505252609,-0.113847653,0.100858774,-0.012882128,OCTA,
OCTA6-7,-0.125314991,0.345574421,-0.270381885,-0.270784887,-0.189306646,-0.17079682,0.106337695,-0.048327872,0.348491995,0.049214741,-0.505252609,-0.113847653,0.086866156,-0.026228808,OCTA,
OCTA7-10,0.027629916,-0.056475758,-0.270381885,-0.270784887,0.001340715,-0.00631115,-0.431259908,0.035515221,-0.339201359,0.113600767,-0.505252609,-0.113847653,0.246983272,-0.179752844,OCTA,
OCTA7-2,0.013002309,-0.029442199,-0.270381885,-0.270784887,0.009010284,-0.035360422,-0.216440242,-0.026431506,0.284943852,0.135365409,-0.505252609,-0.113847653,0.159040725,-0.074225696,OCTA,
OCTA7-9,0.01593491,-0.04040205,-0.270381885,-0.270784887,-0.018572113,-0.019808869,-0.230719323,0.060429454,-0.098076767,0.143258081,-0.505252609,-0.113847653,0.262947125,-0.125056022,OCTA,
OCTA8-10,0.047041649,-0.00472825,-0.024059676,-0.057439904,-0.100228433,-0.17079682,-0.054303897,0.109261567,0.10422285,-0.211519077,-0.505252609,0.0438748,0.026680854,-0.109437238,OCTA,
OCTA8-5,0.005104102,0.036070818,-0.039376134,-0.080743402,-0.097314062,-0.17079682,-0.052439922,0.061501021,0.021955568,-0.198112047,-0.505252609,0.01389815,-0.007894083,-0.119274704,OCTA,
OCTA8-7,0.002718055,0.03065167,-0.036979172,-0.074494097,-0.085307169,-0.17079682,-0.071971955,0.142340537,0.064235197,0.011020779,-0.045067503,0.1693098,-0.018325959,-0.012537742,OCTA,
COUM1-10,0.098067369,0.068753209,-0.254690546,-0.281387519,-0.019894041,-0.166809236,-0.246772055,0.195790102,0.290178895,-0.37033929,-0.448012237,-0.118747229,0.287210834,-0.120900153,COUM,
COUM1-2,-0.198473491,0.121349566,-0.254690546,-0.281387519,0.021215146,-0.054634655,0.057548408,-0.263795686,,-0.37033929,-0.21106204,-0.118747229,0.312219131,-0.141301083,COUM,
COUM1-7,0.06451253,0.065377972,-0.254690546,-0.281387519,-0.014643668,-0.118630832,0.141438852,-0.014645158,0.40877251,-0.37033929,-0.448012237,-0.118747229,0.317548998,-0.087925783,COUM,
COUM2-3,-0.054006754,-0.204617126,-0.254690546,-0.281387519,0.022551649,0.007337798,-0.359071823,-0.041071456,0.252392229,-0.37033929,-0.448012237,-0.118747229,0.17858092,-0.174820339,COUM,
COUM2-4,-0.099363331,-0.204617126,-0.254690546,-0.281387519,0.023262313,0.031533934,0.150558492,-0.042664108,0.302795624,-0.37033929,-0.448012237,-0.118747229,0.198860733,-0.129552392,COUM,
COUM2-7,-0.125139048,-0.204617126,-0.254690546,-0.281387519,0.012745637,-0.00026924,-0.209821992,-0.101856052,,-0.37033929,-0.448012237,-0.118747229,0.104246306,-0.233101665,COUM,
COUM3-1,0.105743796,0.107588957,-0.254690546,-0.281387519,0.097756287,-0.075579837,0.200489985,0.014144918,0.336982992,-0.37033929,-0.448012237,-0.118747229,0.208717632,-0.074773276,COUM,
COUM3-10,0.077659933,0.069988798,-0.254690546,-0.281387519,-0.190445889,-0.166809236,0.127323272,0.032652908,0.277585312,-0.37033929,-0.448012237,-0.118747229,0.091087598,-0.11963656,COUM,
COUM3-7,0.11109714,-0.114640433,-0.254690546,-0.218391836,0.033189441,-0.101446784,-0.094548189,-0.134678124,0.347345942,-0.352026657,-0.448012237,-0.118747229,0.18177992,-0.136088058,COUM,
COUM3-9,0.149354431,0.130293598,-0.254690546,-0.281387519,0.112108005,0.101014915,-0.206018246,0.08529331,0.414942575,-0.37033929,-0.448012237,-0.118747229,0.268263402,-0.070707913,COUM,
COUM4-10,-0.37737407,-0.198224998,-0.254690546,-0.275831869,-0.024026883,-0.040558745,0.021923806,-0.073891744,0.110938446,-0.108318401,-0.448012237,-0.118747229,-0.056930291,-0.138165026,COUM,
COUM4-2,-0.12856209,-0.198224998,-0.254690546,-0.275831869,0.014898824,-0.035203351,0.012833666,-0.25341198,0.131926095,-0.105121378,-0.448012237,-0.118747229,-0.061608371,-0.145019307,COUM,
COUM4-5,-0.329766646,-0.204617126,-0.254690546,-0.281387519,-0.021336102,-0.007990463,0.002408695,-0.118591139,0.128374597,-0.114627384,-0.448012237,-0.118747229,-0.073219783,-0.13995367,COUM,
COUM4-8,-0.112526231,-0.204617126,-0.254690546,-0.281387519,-0.009675513,-0.063035231,0.113228822,-0.024860853,0.062282104,-0.055551669,-0.448012237,-0.118747229,-0.044363303,-0.129444193,COUM,
COUM5-3,0.017696589,-0.204617126,-0.254690546,-0.281387519,-0.011675054,-0.057075345,0.087620273,-0.123221129,0.423911299,0.082948422,-0.448012237,-0.118747229,0.237330289,-0.066569186,COUM,
COUM5-5,0.005042743,-0.204617126,-0.254690546,-0.281387519,0.000603688,-0.023761741,0.149984437,0.072320025,0.31350575,-0.37033929,-0.448012237,-0.118747229,0.161700375,-0.12541839,COUM,
COUM5-8,-0.092367952,-0.204617126,-0.254690546,-0.281387519,-0.190445889,-0.166809236,-0.214479464,-0.025158201,0.247587701,-0.005560859,-0.448012237,-0.118747229,0.119435144,-0.139583993,COUM,
COUM6-2,0.081510359,0.067387745,0.040445204,-0.281387519,0.082184379,0.054378882,0.076196162,0.037851553,,-0.37033929,-0.448012237,-0.118747229,0.122753139,-0.116700727,COUM,
COUM6-5,0.072487018,0.045148061,-0.139195647,-0.275831869,0.039415026,-0.113328815,0.120455305,0.050503298,,-0.352026657,-0.448012237,-0.118747229,0.169900174,-0.145088802,COUM,
COUM6-9,0.087111248,0.052247708,0.080460474,-0.281387519,0.088854898,0.05756574,0.080251682,0.096911196,,-0.37033929,-0.448012237,-0.049058547,0.12186082,-0.108544494,COUM,
COUM7-5,0.028535104,-0.130763871,-0.254690546,-0.281387519,0.050986461,0.058019071,-0.201733798,0.261710461,0.263096453,-0.37033929,-0.448012237,-0.118747229,0.247897808,-0.12422384,COUM,
COUM7-6,0.018951999,-0.150995223,0.058428104,-0.281387519,0.029150714,0.062791882,0.132703205,0.215508918,0.38884604,-0.37033929,-0.448012237,-0.118747229,0.209253772,-0.067414723,COUM,
COUM7-9,-0.195044012,-0.133822912,-0.2148285,-0.272498479,-0.116910226,-0.119114392,-0.290408003,-0.176127978,0.084040033,-0.341039077,-0.448012237,-0.118747229,0.021564064,-0.204825426,COUM,
COUM8-1,0.157984282,0.122416216,0.054878563,-0.281387519,0.059888047,0.105326678,0.082957871,0.128205254,,-0.37033929,-0.448012237,0.098447153,0.265403815,-0.092475902,COUM,
COUM8-6,0.183256011,0.101564104,-0.16346025,-0.272498479,-0.001739087,0.05467017,-0.21408614,0.039182921,0.274388635,-0.341039077,-0.448012237,-0.028869785,0.284197357,-0.098866287,COUM,
COUM8-8,0.184985165,0.11415187,0.024769461,-0.281387519,0.028350389,0.069671972,0.081080153,0.111877783,,-0.37033929,-0.448012237,0.029471206,0.308654219,-0.104059545,COUM,
IBUA1-5,-0.004963546,-0.123207485,-0.059227774,-0.276953776,0.044846723,-0.03583159,-0.044174666,-0.043127171,-0.20867047,0.186557964,-0.471039706,-0.128441355,-0.010649938,-0.117656261,IBUA,
IBUA1-7,-0.063603223,-0.121532928,-0.05121909,-0.276953776,0.036398621,-0.005047498,-0.022715065,0.009829937,0.118070011,0.301359801,-0.471039706,-0.096958737,0.023369972,-0.046856608,IBUA,
IBUA1-9,0.025857468,0.026879505,-0.052671169,-0.246996081,0.04057887,0.010410762,-0.010014743,0.117769809,-0.332731958,0.299106774,-0.471039706,-0.059396761,0.111010738,-0.078320952,IBUA,
IBUA2-1,-0.006505358,-0.126587014,0.07996946,-0.276953776,0.120563348,0.096236194,0.166020783,-0.039876354,0.128766467,0.028361478,-0.471039706,-0.128441355,0.076400257,-0.052502707,IBUA,
IBUA2-6,0.039274167,-0.128997498,-0.005923892,-0.276953776,0.113308064,0.061905577,0.208813986,-0.096162913,0.105854426,0.437853778,-0.471039706,-0.128441355,0.159872497,-0.007690782,IBUA,
IBUA2-9,0.008082752,-0.168910441,0.087314141,-0.149225129,0.110572935,0.107950174,0.155591751,-0.019671576,0.145826666,0.23381664,-0.471039706,-0.128441355,0.101235986,-0.016291528,IBUA,
IBUA3-10,-0.032057089,-0.127723328,0.122031111,0.022207955,0.041751186,0.087497381,0.137173605,-0.047444712,0.179184114,,-0.471039706,-0.063825925,0.158152201,-0.035973021,IBUA,
IBUA3-2,-0.029255555,-0.168910441,-0.000507046,0.000790045,0.127083496,0.077299632,-0.243124809,-0.159698649,0.244033146,0.328239827,-0.471039706,-0.128441355,0.162764151,-0.023822263,IBUA,
IBUA3-4,-0.020599589,-0.168910441,-0.008293394,-0.023867061,0.048988515,-0.006573181,0.156800946,0.001216757,0.135679076,0.201029775,-0.471039706,-0.128441355,0.11723786,-0.031300715,IBUA,
IBUA4-1,-0.006425606,-0.125123547,0.027889331,0.043936658,0.047477,0.067206951,0.144316317,-0.177488964,0.161086006,0.060850494,-0.471039706,0.031239313,0.205297518,-0.042508301,IBUA,
IBUA4-8,-0.03426495,0.024706465,-0.042854825,-0.080516088,-0.004988853,0.018200721,0.065385509,-0.12850239,0.160903403,0.127026057,-0.471039706,-0.009345533,0.064617603,-0.035005964,IBUA,
IBUA4-9,-0.049337709,0.017211165,-0.093163862,-0.223549357,-0.087538191,-0.163182462,0.03026276,0.0217617,0.063140855,0.199823005,-0.471039706,-0.128441355,0.188643584,-0.064081341,IBUA,
IBUA5-2,-0.036376576,-0.016283796,-0.24464144,-0.276953776,-0.182634504,-0.163182462,0.10116012,0.093858367,0.203209897,0.18241495,-0.471039706,-0.128441355,0.153380441,-0.0625565,IBUA,
IBUA5-5,-0.05217923,-0.026262218,-0.24464144,-0.276953776,-0.182634504,-0.163182462,0.149591439,0.016437135,0.216398526,0.18525002,-0.471039706,-0.128441355,0.172087613,-0.063763597,IBUA,
IBUA5-6,-0.040120352,-0.015308607,-0.24464144,-0.276953776,-0.182634504,-0.163182462,0.102521527,0.240260156,0.175763302,0.135932245,-0.471039706,-0.128441355,0.196671661,-0.062424002,IBUA,
IBUA6-10,-0.046484409,-0.168910441,0.101008403,0.041497686,0.178557645,0.158806223,0.166337521,-0.120349206,0.258183588,0.234892368,-0.471039706,0.16978883,0.094389116,0.016579278,IBUA,
IBUA6-7,-0.012327988,-0.019273613,-0.183523251,-0.109607454,-0.182634504,-0.163182462,0.150153279,-0.072561662,0.185244686,0.211104888,0.099846148,-0.043778056,0.227821231,0.028034869,IBUA,
IBUA6-9,-0.023838367,-0.168910441,0.00191001,-0.039912959,0.038715331,-0.037615794,0.049497694,0.008019025,0.178554204,0.192001833,-0.471039706,-0.128441355,0.150266846,-0.037012494,IBUA,
IBUA7-6,-0.020972651,-0.014028515,0.076968693,0.051470754,0.066079312,0.089913115,0.079721997,0.013849482,0.217218527,0.208896704,-0.471039706,0.037027628,0.191354937,0.018578384,IBUA,
IBUA7-7,-0.057611324,0.015877209,0.035957325,-0.002735304,0.050093653,0.078010157,0.110636364,0.066862073,0.201427871,,-0.471039706,-0.065317032,0.145357897,-0.012537482,IBUA,
IBUA7-9,-0.022957996,-0.01565161,0.076050704,0.0572125,0.057355038,0.100250665,0.100635231,-0.036237632,0.217324141,0.12855819,-0.471039706,0.026561774,0.144413352,0.00526061,IBUA,
IBUA8-10,0.045866599,-0.07865404,0.027142419,-0.019699592,0.029646206,0.043159305,0.162874701,0.148642104,0.278941866,0.247950996,-0.471039706,0.047028149,0.243259783,0.024725955,IBUA,
IBUA8-3,0.100507439,0.066255496,0.026338361,0.024023025,0.095118717,0.066597212,-0.229266485,-0.013742833,0.282910212,0.21801257,0.194568586,0.119472723,0.308028321,0.106611552,IBUA,
IBUA8-4,0.090790256,0.057028937,0.030569346,0.027799089,0.087094614,0.07580023,0.164304932,-0.042239287,0.298949986,0.195507137,0.11759449,0.109184628,0.308386094,0.12010643,IBUA,
BUT1-2,0.115923591,0.108897187,0.067407591,0.122139836,0.143965758,0.082916653,-0.005741433,0.11358933,0.054884088,0.086934559,0.013684243,0.166377231,0.200453377,0.075219849,BUT,
BUT1-3,0.075198923,0.079376204,0.013471294,0.118221039,0.145445167,0.065536409,0.012732961,0.030569999,0.043913371,0.037926908,-0.018831033,0.106915081,0.108246263,0.047910555,BUT,
BUT1-5,0.092441398,0.088714954,0.051632588,0.125012625,0.146440999,0.073343633,-0.005396513,0.097102066,0.061341204,0.07418463,-0.000302192,0.146504624,0.12593812,0.066858042,BUT,
BUT2-1,-0.018378875,0.024273895,0.131353348,0.004335219,-0.050749371,-0.093919092,-0.06765442,0.129362542,0.060744145,-0.113102036,0.095144073,0.07426745,0.127966748,0.013346313,BUT,
BUT2-8,0.005438715,0.003938667,0.15777029,0.009923526,-0.032530057,-0.081221396,0.042967526,-0.363159824,-0.391414702,-0.042005918,0.166491245,0.08318776,0.143595931,-0.056587954,BUT,
BUT2-9,0.012366356,0.004551423,0.16422087,0.018978325,-0.046701133,-0.088711376,0.061046773,-0.363159824,0.007396747,-0.04698768,0.139627682,0.088798118,0.194135455,-0.003225002,BUT,
BUT3-3,0.109365057,0.035625713,0.146573829,0.118737928,0.144706016,0.078577653,0.062405085,-0.033917232,0.101459532,-0.318942954,0.022032161,0.152188018,0.134673265,0.014102299,BUT,
BUT3-6,0.094564795,0.09061704,0.066307899,0.086536859,0.116217732,0.049909153,0.045661212,-0.014225006,-0.014963517,0.024388207,-0.096727941,0.139244608,0.13050339,0.02550253,BUT,
BUT3-7,0.09737036,0.074703688,0.066840762,0.069611215,0.116260864,0.053723355,0.053609847,-0.031610493,-0.00153259,-0.043932091,-0.118642745,0.1390047,0.126457691,0.01068772,BUT,
BUT4-4,0.100785224,0.086749535,0.108629034,0.119000476,0.140029207,0.071959665,0.019615189,0.089551823,0.069670654,0.071148707,0.010755617,0.168512166,0.164286763,0.073245316,BUT,
BUT4-7,0.110538961,0.110142563,0.12770893,0.119755558,0.153920348,0.078486449,0.038483287,0.045303901,0.131107365,-0.067769717,-0.09638925,0.195707582,0.150019981,0.051274314,BUT,
BUT4-9,0.097171307,0.086600491,0.120286653,0.122886769,0.147932687,0.076969736,0.011093839,0.091411216,0.08762302,0.041606487,-0.002935108,0.175662975,0.149376729,0.071169334,BUT,
BUT5-2,0.11171776,0.10114954,0.124499297,0.123866953,0.141891356,0.061977576,0.04225856,0.113150481,0.097547904,0.035537778,-0.047446644,0.176389666,0.142375532,0.070087241,BUT,
BUT5-3,0.093997036,0.079729529,0.110604766,0.119123664,0.146100018,0.079547954,0.014868955,0.074514443,0.093077824,0.076138578,0.021469231,0.181008178,0.135731512,0.077542152,BUT,
BUT5-6,0.112725373,0.112682394,0.139469392,0.122146417,0.14148492,0.065566969,0.02954537,0.116473703,0.104049683,0.058462468,-0.107627496,0.196703198,0.169878967,0.067844348,BUT,
BUT6-1,0.093891337,0.084942009,0.124038133,0.110325581,0.136333831,0.080386644,0.000232173,0.045941007,0.081028782,0.068167002,0.009961067,0.192355711,0.164372213,0.070389649,BUT,
BUT6-3,0.090290833,0.095956822,0.139403242,0.118286205,0.1514763,0.084105531,-0.00066776,0.05846569,0.100956738,0.060595667,-0.024087525,0.204771033,0.152604204,0.072708044,BUT,
BUT6-8,0.089053014,0.090958193,0.136456955,0.117438899,0.134063915,0.075870586,0.00319644,0.103727259,0.099303403,0.058674658,0.013813013,0.188078778,0.141140252,0.078303756,BUT,
BUT7-6,0.069566568,0.089280644,0.086260951,0.09954504,0.151248423,0.075658996,-0.005161581,0.115514225,0.115582897,-0.031514987,0.07322618,0.168222504,0.084862127,0.072586823,BUT,
BUT7-7,0.11821636,0.119114518,0.132421291,0.121475847,0.142033454,0.068621236,0.009046711,0.116461985,0.124811729,0.058005528,0.073290122,0.188949402,0.157602739,0.095750308,BUT,
BUT7-9,0.120408538,0.109427458,0.132372128,0.120751865,0.15922339,0.080865426,0.021720632,0.120812947,0.124030635,0.072298446,0.106880809,0.19381603,0.139010036,0.104358649,BUT,
BUT8-10,0.004987578,-0.157028501,0.0220183,-0.247568968,-0.174296423,-0.165164359,-0.095158796,-0.346315826,-0.234871024,-0.129008399,0.058265005,-0.039789601,0.148226938,-0.137983708,BUT,
BUT8-5,0.003098512,-0.080090505,-0.005556917,-0.243703652,-0.17263162,-0.126228614,-0.119295158,-0.363159824,-0.329626673,-0.194993182,0.116901887,-0.021201686,0.142433273,-0.143299481,BUT,
BUT8-7,0.018573034,-0.057410831,-0.058553198,-0.243703652,-0.17263162,-0.137611659,-0.118760432,-0.363159824,-0.236840652,-0.184232197,0.101881162,0.039936763,0.126480689,-0.131973244,BUT,
BUT9-10,0.067566998,0.075487202,0.139659247,0.099702472,0.03683644,0.040247418,0.054560989,-0.136809859,0.127018153,0.130493402,0.137528031,0.079780007,0.153167747,0.083946449,BUT,
BUT9-5,0.016098948,0.036503517,0.148935694,0.038599618,-0.014481483,-0.04406837,-0.067816706,0.033498815,0.127362923,-0.051097511,0.097843787,0.132516522,0.155970473,0.0368495,BUT,
BUT9-7,0.042618278,0.064398084,0.190169406,0.080318814,0.052613233,0.051504706,0.006829958,0.040422501,0.12857724,0.088883502,0.077916679,0.16584927,0.129128279,0.081529259,BUT,