	MG1655-1	23BD2-4_1	23BD4-3_1	23BD6-1_1	23BD7-4_1	metJ-1	relA-1	purT-1	MG1655-2	23BD2-4_2	23BD4-3_2	23BD6-1_2	23BD7-4_2	metJ-2	relA-2	purT-2	MG1655-3	23BD2-4_3	23BD4-3_3	23BD6-1_3	23BD7-4_3	metJ-3	relA-3	purT-3	fabR-1	clsA-1	yfgF-1	treA-1	acrB-1	metJ-lg-1	metJ-sm-1	fabR-2	clsA-2	yfgF-2	treA-2	acrB-2	metJ-lg-2	metJ-sm-2	fabR-3	clsA-3	yfgF-3	treA-3	acrB-3	metJ-lg-3	metJ-sm-3
0.00577	0.0	0.123	0.139	0.068	0.0	0.0	0.0	0.0	0.749	0.491	0.0	0.027	0.0	0.0	0.0	0.0	0.644	0.36	0.0	0.0	0.144	0.0	0.039	0.0	0.453	0.008	0.234	0.0	0.01	0.014	0.0	0.378	0.068	0.0	0.032	0.155	0.168	0.527	0.0	0.0	0.0	0.0	0.0	0.008	0.0
0.17165	0.255	0.132	0.096	0.0	0.121	0.254	0.224	0.251	0.419	0.292	0.122	0.041	0.013	0.04	0.153	0.228	0.178	0.295	0.174	0.011	0.102	0.093	0.0	0.097	0.766	0.103	0.168	0.093	0.104	0.029	0.018	0.256	0.0	0.095	0.126	0.06	0.211	0.325	0.095	0.612	0.256	0.204	0.068	0.102	0.094
0.33832	0.365	0.105	0.0	0.198	0.266	0.466	0.3	0.325	0.112	0.17	0.16	0.001	0.072	0.049	0.233	0.122	0.031	0.346	0.226	0.001	0.182	0.15	0.057	0.243	0.449	0.033	0.076	0.202	0.112	0.0	0.176	0.045	0.006	0.132	0.0	0.092	0.0	0.008	0.192	0.069	0.209	0.336	0.216	0.0	0.098
0.50504	0.407	0.087	0.079	0.275	0.317	0.555	0.305	0.327	0.068	0.092	0.104	0.001	0.034	0.016	0.333	0.163	0.094	0.167	0.346	0.11	0.139	0.11	0.213	0.271	0.336	0.004	0.052	0.38	0.079	0.04	0.191	0.063	0.08	0.184	0.132	0.0	0.077	0.0	0.168	0.085	0.257	0.293	0.272	0.102	0.143
0.6717	0.386	0.013	0.084	0.267	0.394	0.495	0.361	0.434	0.115	0.0	0.071	0.001	0.072	0.062	0.461	0.28	0.083	0.129	0.097	0.067	0.0	0.2	0.188	0.371	0.26	0.0	0.0	0.441	0.124	0.06	0.231	0.046	0.094	0.068	0.096	0.121	0.027	0.181	0.171	0.042	0.355	0.506	0.383	0.145	0.07
0.83833	0.312	0.02	0.092	0.194	0.404	0.588	0.395	0.385	0.048	0.041	0.164	0.04	0.082	0.072	0.559	0.428	0.043	0.14	0.356	0.131	0.121	0.209	0.284	0.384	0.19	0.066	0.011	0.451	0.051	0.072	0.245	0.0	0.132	0.134	0.023	0.186	0.012	0.135	0.155	0.029	0.31	0.517	0.394	0.155	0.135
1.00498	0.406	0.048	0.126	0.152	0.279	0.485	0.478	0.495	0.055	0.009	0.095	0.0	0.038	0.086	0.45	0.468	0.106	0.187	0.227	0.026	0.131	0.193	0.333	0.492	0.156	0.052	0.055	0.49	0.092	0.119	0.273	0.096	0.173	0.287	0.093	0.143	0.061	0.232	0.226	0.168	0.435	0.565	0.465	0.113	0.175
1.17163	0.381	0.008	0.176	0.074	0.37	0.624	0.52	0.59	0.122	0.143	0.103	0.12	0.014	0.148	0.564	0.471	0.2	0.173	0.367	0.134	0.131	0.224	0.407	0.514	0.146	0.116	0.121	0.465	0.098	0.106	0.302	0.184	0.29	0.239	0.155	0.231	0.08	0.294	0.125	0.17	0.469	0.636	0.531	0.118	0.263
1.33844	0.437	0.02	0.168	0.132	0.318	0.537	0.503	0.489	0.156	0.218	0.219	0.042	0.155	0.207	0.647	0.584	0.205	0.239	0.365	0.043	0.157	0.308	0.394	0.505	0.217	0.177	0.211	0.437	0.212	0.089	0.27	0.157	0.292	0.299	0.13	0.12	0.123	0.464	0.159	0.447	0.415	0.563	0.565	0.232	0.152
1.50497	0.486	0.056	0.126	0.156	0.37	0.499	0.51	0.522	0.124	0.116	0.188	0.096	0.093	0.12	0.636	0.494	0.116	0.157	0.413	0.058	0.121	0.245	0.4	0.543	0.139	0.231	0.155	0.486	0.096	0.121	0.201	0.123	0.232	0.296	0.042	0.17	0.13	0.405	0.214	0.519	0.467	0.595	0.48	0.284	0.202
1.67174	0.43	0.0	0.266	0.072	0.455	0.499	0.538	0.578	0.04	0.116	0.216	0.068	0.121	0.204	0.551	0.578	0.116	0.073	0.413	0.143	0.121	0.273	0.4	0.543	0.027	0.146	0.098	0.402	0.124	0.149	0.257	0.095	0.26	0.352	0.042	0.17	0.045	0.433	0.158	0.238	0.467	0.426	0.452	0.143	0.174
1.83838	0.466	0.07	0.249	0.135	0.349	0.593	0.58	0.593	0.12	0.202	0.11	0.075	0.101	0.183	0.578	0.614	0.169	0.19	0.282	0.153	0.214	0.253	0.431	0.713	0.086	0.209	0.161	0.466	0.159	0.125	0.313	0.075	0.239	0.359	0.106	0.206	0.161	0.468	0.277	0.041	0.362	0.487	0.43	0.123	0.238
2.00501	0.449	0.099	0.283	0.092	0.56	0.602	0.552	0.592	0.156	0.17	0.209	0.118	0.141	0.197	0.637	0.682	0.035	0.181	0.404	0.188	0.252	0.349	0.482	0.654	0.08	0.224	0.205	0.477	0.117	0.088	0.229	0.115	0.28	0.233	0.148	0.162	0.042	0.425	0.152	0.126	0.404	0.45	0.502	0.136	0.307
2.17181	0.441	0.085	0.301	0.057	0.441	0.536	0.65	0.549	0.188	0.112	0.174	0.112	0.133	0.162	0.61	0.618	0.067	0.12	0.339	0.037	0.271	0.228	0.422	0.68	0.077	0.189	0.143	0.497	0.081	0.084	0.229	0.164	0.217	0.141	0.084	0.126	0.067	0.475	0.09	0.126	0.424	0.474	0.496	0.157	0.214
2.33839	0.372	0.063	0.325	0.125	0.507	0.583	0.601	0.642	0.02	0.16	0.184	0.036	0.175	0.228	0.676	0.632	0.153	0.178	0.216	0.117	0.26	0.328	0.419	0.531	0.074	0.17	0.206	0.428	0.093	0.113	0.242	0.149	0.229	0.348	0.151	0.14	0.176	0.457	0.125	0.363	0.352	0.419	0.363	0.085	0.228
2.50505	0.443	0.094	0.278	0.086	0.469	0.596	0.603	0.672	0.145	0.133	0.286	0.083	0.191	0.19	0.627	0.648	0.137	0.257	0.313	0.098	0.246	0.343	0.473	0.673	0.128	0.217	0.254	0.415	0.138	0.221	0.388	0.137	0.33	0.198	0.197	0.156	0.062	0.672	0.145	0.454	0.397	0.555	0.41	0.129	0.215
2.67178	0.472	0.003	0.247	0.06	0.529	0.652	0.653	0.72	0.024	0.117	0.178	0.059	0.221	0.25	0.699	0.622	0.1	0.18	0.342	0.124	0.246	0.316	0.426	0.544	0.024	0.193	0.147	0.416	0.0	0.088	0.206	0.167	0.276	0.258	0.285	0.186	0.1	0.535	0.122	0.497	0.428	0.393	0.5	0.104	0.302
2.83851	0.417	0.047	0.367	0.142	0.525	0.683	0.613	0.738	0.047	0.098	0.174	0.054	0.192	0.19	0.616	0.705	0.067	0.114	0.4	0.159	0.305	0.344	0.356	0.637	0.038	0.272	0.224	0.445	0.082	0.133	0.35	0.11	0.246	0.282	0.113	0.213	0.029	0.503	0.143	0.415	0.453	0.439	0.465	0.186	0.273
3.00522	0.453	0.073	0.399	0.209	0.648	0.661	0.695	0.707	0.077	0.147	0.213	0.122	0.285	0.285	0.557	0.686	0.04	0.1	0.323	0.163	0.34	0.353	0.401	0.771	0.0	0.228	0.265	0.424	0.064	0.092	0.206	0.203	0.284	0.208	0.264	0.166	0.075	0.542	0.156	0.637	0.492	0.454	0.562	0.168	0.197
3.17174	0.436	0.017	0.405	0.138	0.55	0.642	0.582	0.734	0.0	0.2	0.284	0.138	0.27	0.327	0.729	0.642	0.019	0.288	0.389	0.311	0.35	0.393	0.452	0.627	0.134	0.215	0.169	0.464	0.162	0.196	0.263	0.188	0.382	0.364	0.194	0.122	0.097	0.499	0.2	0.329	0.505	0.417	0.437	0.181	0.266
3.33844	0.509	0.017	0.399	0.209	0.677	0.802	0.638	0.707	0.077	0.147	0.241	0.122	0.37	0.369	0.642	0.686	0.125	0.1	0.492	0.248	0.481	0.296	0.486	0.658	0.0	0.256	0.181	0.34	0.205	0.148	0.318	0.203	0.284	0.236	0.264	0.166	0.159	0.542	0.071	0.384	0.379	0.398	0.421	0.168	0.282
3.50526	0.466	0.124	0.346	0.197	0.724	0.812	0.688	0.727	0.274	0.24	0.316	0.199	0.47	0.359	0.688	0.672	0.321	0.154	0.588	0.225	0.549	0.451	0.574	0.695	0.143	0.304	0.287	0.494	0.193	0.176	0.305	0.218	0.328	0.396	0.282	0.35	0.22	0.616	0.319	0.4	0.537	0.537	0.499	0.297	0.381
3.67192	0.446	0.025	0.357	0.148	0.618	0.68	0.645	0.741	0.072	0.213	0.21	0.149	0.449	0.281	0.715	0.624	0.12	0.131	0.399	0.236	0.473	0.403	0.464	0.668	0.118	0.282	0.321	0.446	0.088	0.208	0.305	0.198	0.308	0.29	0.119	0.245	0.194	0.566	0.211	0.428	0.544	0.457	0.561	0.276	0.248
3.83858	0.431	0.078	0.405	0.272	0.74	0.668	0.643	0.796	0.116	0.183	0.389	0.27	0.574	0.376	0.68	0.693	0.079	0.108	0.667	0.366	0.6	0.444	0.494	0.695	0.177	0.263	0.216	0.487	0.212	0.184	0.328	0.21	0.347	0.328	0.271	0.201	0.139	0.52	0.163	0.619	0.499	0.462	0.513	0.174	0.289
4.0051	0.383	0.063	0.387	0.279	0.747	0.733	0.713	0.782	0.056	0.157	0.311	0.248	0.525	0.299	0.622	0.729	0.104	0.0	0.423	0.32	0.636	0.452	0.413	0.584	0.124	0.213	0.25	0.411	0.134	0.076	0.356	0.19	0.326	0.278	0.194	0.18	0.142	0.668	0.085	0.505	0.478	0.382	0.575	0.238	0.268
4.17197	0.434	0.108	0.408	0.36	0.772	0.755	0.617	0.714	0.177	0.188	0.336	0.33	0.634	0.408	0.6	0.752	0.0	0.168	0.501	0.369	0.603	0.475	0.498	0.7	0.096	0.351	0.276	0.434	0.159	0.16	0.389	0.242	0.379	0.303	0.274	0.12	0.256	0.637	0.167	0.539	0.502	0.409	0.573	0.262	0.32
4.33854	0.6	0.106	0.461	0.356	0.937	0.808	0.784	0.796	0.116	0.24	0.417	0.467	0.715	0.404	0.595	0.664	0.135	0.164	0.611	0.366	0.6	0.472	0.607	0.695	0.092	0.263	0.273	0.347	0.155	0.184	0.384	0.21	0.291	0.3	0.271	0.341	0.139	0.633	0.191	0.224	0.47	0.377	0.429	0.259	0.458
4.5052	0.407	0.152	0.415	0.328	0.907	0.786	0.662	0.815	0.115	0.169	0.331	0.352	0.659	0.404	0.658	0.779	0.079	0.13	0.447	0.375	0.772	0.475	0.512	0.708	0.026	0.262	0.297	0.519	0.184	0.177	0.392	0.184	0.32	0.271	0.215	0.147	0.157	0.633	0.132	0.289	0.555	0.399	0.426	0.176	0.263
4.67192	0.499	0.094	0.531	0.423	0.863	0.793	0.631	0.841	0.089	0.218	0.399	0.392	0.782	0.471	0.74	0.732	0.025	0.089	0.651	0.436	0.977	0.54	0.473	0.673	0.128	0.245	0.198	0.471	0.138	0.249	0.388	0.306	0.273	0.282	0.197	0.24	0.203	0.784	0.229	0.594	0.622	0.526	0.579	0.326	0.356
4.83858	0.511	0.166	0.545	0.49	1.013	0.974	0.704	0.829	0.119	0.28	0.381	0.458	0.876	0.566	0.715	0.799	0.195	0.21	0.578	0.505	0.876	0.579	0.537	0.651	0.051	0.227	0.348	0.483	0.177	0.229	0.421	0.26	0.341	0.264	0.123	0.139	0.126	0.598	0.211	0.43	0.379	0.282	0.533	0.14	0.367
5.00535	0.411	0.232	0.725	0.504	1.028	0.958	0.713	0.866	0.056	0.241	0.395	0.473	0.722	0.552	0.65	0.729	0.132	0.141	0.591	0.602	0.974	0.536	0.582	0.668	0.039	0.298	0.335	0.496	0.191	0.217	0.552	0.218	0.354	0.307	0.278	0.152	0.227	0.753	0.169	0.365	0.45	0.438	0.575	0.21	0.297
5.17185	0.406	0.193	0.633	0.529	1.138	0.924	0.786	0.883	0.093	0.357	0.561	0.471	0.887	0.605	0.769	0.752	0.141	0.196	0.783	0.679	0.913	0.56	0.611	0.784	0.153	0.267	0.389	0.491	0.243	0.273	0.417	0.157	0.351	0.388	0.162	0.345	0.341	0.777	0.111	0.624	0.615	0.494	0.601	0.178	0.461
5.33856	0.415	0.15	0.559	0.536	1.257	0.961	0.716	0.925	0.089	0.33	0.483	0.561	1.063	0.584	0.796	0.816	0.053	0.173	0.848	0.576	1.09	0.596	0.642	0.814	0.128	0.301	0.282	0.471	0.194	0.249	0.613	0.193	0.358	0.31	0.366	0.353	0.231	0.7	0.06	0.172	0.481	0.386	0.635	0.242	0.441
5.5053	0.557	0.285	0.67	0.709	1.29	1.075	0.709	0.805	0.109	0.37	0.488	0.736	0.982	0.616	0.784	0.706	0.157	0.349	0.793	0.716	1.12	0.655	0.539	0.797	0.081	0.362	0.372	0.501	0.254	0.37	0.572	0.252	0.389	0.342	0.37	0.355	0.269	0.816	0.206	0.384	0.569	0.337	0.612	0.329	0.415
5.67193	0.537	0.27	0.737	0.743	1.493	1.055	0.638	0.848	0.105	0.428	0.551	0.741	1.271	0.594	0.754	0.742	0.125	0.241	0.773	0.698	1.184	0.719	0.57	0.827	0.084	0.34	0.293	0.509	0.205	0.317	0.572	0.288	0.453	0.236	0.208	0.363	0.328	0.767	0.24	0.384	0.548	0.482	0.478	0.252	0.394
5.83876	0.554	0.282	0.751	0.705	1.568	1.071	0.707	0.944	0.132	0.422	0.597	0.732	1.204	0.612	0.751	0.759	0.151	0.261	0.846	0.77	1.37	0.707	0.535	0.793	0.105	0.274	0.397	0.413	0.166	0.281	0.427	0.22	0.386	0.31	0.31	0.295	0.265	0.813	0.09	0.408	0.481	0.333	0.496	0.269	0.524
6.00542	0.544	0.331	0.63	0.835	1.5	1.146	0.784	1.049	0.116	0.493	0.614	0.833	1.362	0.658	0.82	1.002	0.22	0.362	0.836	0.845	1.473	0.697	0.494	0.611	0.092	0.319	0.442	0.516	0.324	0.269	0.469	0.21	0.375	0.215	0.299	0.257	0.308	0.887	0.163	0.478	0.499	0.321	0.485	0.259	0.514
6.17198	0.603	0.277	0.83	0.839	1.673	1.15	0.814	0.939	0.121	0.526	0.702	0.893	1.619	0.746	0.769	0.781	0.141	0.337	0.868	0.848	1.702	0.701	0.583	0.84	0.181	0.323	0.473	0.519	0.215	0.357	0.586	0.298	0.294	0.331	0.303	0.373	0.256	1.031	0.195	0.398	0.474	0.55	0.573	0.347	0.405
6.33873	0.496	0.345	0.669	0.954	1.815	1.155	0.685	0.923	0.14	0.466	0.592	0.895	1.509	0.636	0.819	0.672	0.047	0.225	0.901	0.855	1.677	0.677	0.553	0.809	0.039	0.326	0.335	0.468	0.219	0.329	0.524	0.218	0.326	0.363	0.194	0.321	0.199	0.865	0.169	0.421	0.534	0.382	0.463	0.323	0.493
6.5054	0.547	0.503	0.915	0.923	1.927	1.262	0.899	0.939	0.093	0.413	0.674	0.978	1.873	0.69	0.656	0.752	0.084	0.281	1.121	1.045	1.983	0.785	0.611	0.756	0.096	0.351	0.389	0.519	0.3	0.357	0.586	0.298	0.379	0.331	0.274	0.373	0.341	0.946	0.111	0.229	0.558	0.409	0.517	0.347	0.517
6.67197	0.443	0.488	0.925	0.958	2.129	1.215	0.688	0.953	0.061	0.499	0.821	1.124	1.907	0.893	0.74	0.816	0.137	0.398	1.073	0.998	2.102	0.849	0.586	0.898	0.212	0.301	0.451	0.555	0.279	0.418	0.642	0.418	0.499	0.451	0.338	0.24	0.315	0.869	0.229	0.763	0.481	0.442	0.495	0.467	0.384
6.83873	0.443	0.488	1.009	1.155	2.185	1.158	0.8	1.037	0.089	0.499	0.68	1.068	2.019	0.921	0.796	0.76	0.137	0.342	1.157	1.083	2.131	0.849	0.67	0.842	0.156	0.329	0.338	0.471	0.222	0.39	0.613	0.277	0.358	0.366	0.338	0.184	0.315	0.84	0.173	0.51	0.537	0.442	0.579	0.326	0.441
7.00537	0.554	0.536	1.033	1.184	2.47	1.381	0.791	0.972	0.188	0.704	0.851	1.183	2.387	0.95	0.92	0.787	0.151	0.43	1.212	1.136	2.469	0.905	0.676	0.793	0.246	0.33	0.537	0.525	0.25	0.45	0.652	0.305	0.357	0.423	0.282	0.436	0.349	0.954	0.203	0.408	0.565	0.389	0.665	0.438	0.524
7.17207	0.516	0.613	1.109	1.229	2.88	1.428	0.728	1.049	0.172	0.662	0.868	1.171	2.714	0.911	0.82	0.693	0.135	0.587	1.258	1.267	2.909	0.894	0.607	0.864	0.149	0.348	0.47	0.572	0.296	0.41	0.638	0.323	0.375	0.3	0.299	0.37	0.421	0.943	0.163	0.365	0.499	0.49	0.569	0.315	0.598
7.33872	0.61	0.649	1.09	1.184	2.921	1.381	0.819	1.028	0.132	0.929	0.879	1.267	3.007	1.007	0.863	0.787	0.179	0.542	1.269	1.277	3.033	1.074	0.62	0.934	0.161	0.33	0.537	0.525	0.307	0.45	0.737	0.305	0.357	0.395	0.366	0.295	0.434	0.982	0.09	0.464	0.509	0.417	0.581	0.41	0.524
7.50549	0.469	0.649	1.09	1.269	3.343	1.438	0.876	0.972	0.103	0.845	1.02	1.352	3.007	1.035	0.779	0.844	0.179	0.627	1.353	1.361	3.258	0.989	0.591	0.878	0.077	0.358	0.481	0.525	0.391	0.535	0.68	0.248	0.47	0.31	0.31	0.38	0.406	1.066	0.259	0.239	0.565	0.474	0.581	0.326	0.609
7.67209	0.648	0.825	1.211	1.421	3.694	1.476	0.826	1.063	0.148	0.859	1.144	1.392	3.809	1.102	0.935	0.854	0.167	0.611	1.448	1.54	3.862	1.084	0.548	0.806	0.202	0.341	0.492	0.62	0.43	0.462	0.864	0.343	0.311	0.321	0.461	0.475	0.447	1.049	0.214	0.563	0.632	0.486	0.62	0.364	0.619
7.83874	0.539	0.828	1.186	1.424	4.149	1.564	0.885	0.981	0.125	0.948	1.204	1.368	3.474	1.134	0.855	0.801	0.116	0.812	1.48	1.487	3.866	1.031	0.552	0.811	0.206	0.345	0.412	0.511	0.321	0.523	0.756	0.347	0.371	0.353	0.465	0.535	0.535	1.053	0.189	0.596	0.495	0.518	0.595	0.452	0.651
8.00551	0.64	1.067	1.371	1.471	4.34	1.637	0.925	1.049	0.321	1.253	1.251	1.754	4.342	1.238	0.908	0.903	0.199	0.974	1.638	1.559	4.253	1.105	0.629	1.003	0.283	0.363	0.6	0.612	0.423	0.628	0.724	0.42	0.417	0.427	0.342	0.382	0.529	1.099	0.208	0.762	0.682	0.594	0.557	0.555	0.64
8.17223	0.535	1.051	1.381	1.618	4.935	1.645	0.826	1.092	0.204	1.422	1.115	1.561	4.598	1.272	0.765	0.769	0.111	1.034	1.645	1.709	4.68	1.084	0.548	0.891	0.117	0.369	0.577	0.535	0.514	0.519	0.751	0.343	0.311	0.406	0.32	0.39	0.531	1.077	0.214	0.676	0.66	0.514	0.676	0.505	0.732
8.3388	0.65	1.329	1.493	1.737	5.003	1.732	0.848	1.169	0.168	1.521	1.573	1.681	5.089	1.221	0.81	0.828	0.158	1.071	1.846	1.767	5.027	1.144	0.642	0.988	0.155	0.459	0.583	0.565	0.433	0.555	0.795	0.261	0.343	0.438	0.352	0.393	0.57	1.025	0.162	0.635	0.607	0.437	0.569	0.48	0.678
8.50552	0.67	1.543	1.766	1.873	6.162	1.61	0.862	1.184	0.2	1.719	1.596	1.79	5.511	1.413	1.037	0.934	0.19	1.209	2.122	1.9	5.788	1.25	0.611	0.874	0.152	0.396	0.634	0.557	0.37	0.665	0.852	0.395	0.42	0.46	0.43	0.442	0.567	1.132	0.269	0.467	0.572	0.545	0.761	0.643	0.699
8.67225	0.532	1.63	1.883	1.877	6.591	1.84	0.865	1.186	0.205	1.894	1.628	1.936	6.081	1.247	0.958	0.767	0.167	1.382	2.125	1.761	6.217	1.169	0.615	0.963	0.156	0.315	0.553	0.56	0.458	0.612	0.772	0.228	0.367	0.407	0.462	0.417	0.515	1.136	0.16	0.5	0.462	0.549	0.566	0.505	0.788
8.8388	0.539	1.976	1.946	2.111	7.478	1.705	0.785	1.134	0.159	2.158	1.834	2.029	6.685	1.424	0.883	0.831	0.263	1.702	2.302	1.994	6.565	1.26	0.595	0.887	0.164	0.35	0.533	0.595	0.494	0.677	0.782	0.32	0.289	0.471	0.441	0.367	0.495	1.143	0.252	0.594	0.469	0.388	0.574	0.512	0.766
9.00556	0.549	2.296	2.21	2.264	7.748	1.942	0.764	1.113	0.147	2.399	1.846	2.069	7.634	1.634	0.954	0.841	0.194	1.743	2.483	2.146	7.768	1.441	0.552	0.986	0.177	0.446	0.544	0.69	0.419	0.633	0.853	0.472	0.385	0.482	0.565	0.604	0.678	1.211	0.264	0.269	0.593	0.513	0.67	0.608	0.89
9.17229	0.522	2.527	2.043	2.289	8.47	1.943	0.858	1.179	0.302	2.53	2.041	2.348	7.792	1.518	0.943	0.757	0.18	1.85	2.482	2.232	8.182	1.412	0.687	1.006	0.172	0.417	0.627	0.663	0.476	0.741	0.927	0.388	0.357	0.396	0.452	0.491	0.672	1.351	0.262	0.542	0.706	0.481	0.725	0.579	0.862
9.33891	0.529	2.872	2.304	2.495	9.131	2.006	0.834	1.099	0.143	3.218	2.077	2.582	8.594	1.639	0.924	0.764	0.19	2.142	2.659	2.409	8.673	1.42	0.611	1.015	0.152	0.396	0.634	0.642	0.455	0.693	0.994	0.395	0.42	0.488	0.6	0.498	0.652	1.189	0.241	0.552	0.629	0.489	0.676	0.671	0.869
9.50554	0.504	3.045	2.477	2.669	10.579	2.01	0.865	1.13	0.233	3.591	2.42	2.756	9.929	1.699	0.929	0.824	0.196	2.429	3.087	2.553	8.791	1.508	0.587	1.105	0.269	0.343	0.695	0.673	0.402	0.754	0.942	0.285	0.339	0.548	0.377	0.445	0.685	1.277	0.245	0.726	0.632	0.493	0.736	0.731	0.957
9.67218	0.555	3.551	2.641	2.883	11.229	2.088	0.841	1.162	0.152	3.765	2.606	2.855	9.931	1.576	0.823	0.874	0.312	2.724	3.134	2.773	10.661	1.444	0.573	1.059	0.199	0.448	0.572	0.64	0.62	0.712	1.034	0.42	0.389	0.54	0.342	0.467	0.613	1.41	0.151	0.536	0.653	0.453	0.699	0.639	0.894
9.83892	0.597	4.157	2.796	3.069	12.212	2.187	0.85	1.115	0.173	4.662	2.735	3.07	11.535	1.705	0.984	0.832	0.135	3.25	3.234	2.9	10.654	1.628	0.646	0.936	0.216	0.406	0.7	0.71	0.55	0.757	1.139	0.349	0.431	0.527	0.582	0.566	0.744	1.34	0.251	0.471	0.696	0.441	0.572	0.71	0.908
10.00553	0.587	4.627	3.012	3.339	12.449	2.205	0.815	1.193	0.242	4.9	2.836	3.424	12.506	1.919	0.885	0.878	0.204	3.406	3.477	3.229	12.191	1.617	0.492	1.177	0.288	0.451	0.604	0.7	0.624	0.886	1.039	0.339	0.392	0.431	0.43	0.471	0.702	1.357	0.296	0.513	0.685	0.626	0.702	0.728	0.897
10.1722	0.61	4.903	3.203	3.607	13.938	2.48	0.819	1.254	0.216	5.466	3.02	3.606	13.405	1.796	0.92	0.787	0.264	3.614	3.776	3.447	14.107	1.694	0.591	0.962	0.246	0.443	0.706	0.61	0.56	0.929	1.018	0.446	0.386	0.508	0.451	0.605	0.744	1.461	0.203	0.549	0.565	0.502	0.665	0.664	0.975
10.33903	0.668	5.584	3.488	3.843	14.927	2.455	0.813	1.247	0.236	5.798	3.086	4.013	14.025	1.943	0.964	0.874	0.284	4.305	4.094	3.592	14.726	1.613	0.629	1.087	0.142	0.363	0.656	0.696	0.508	0.91	1.119	0.42	0.389	0.512	0.398	0.495	0.783	1.41	0.321	0.536	0.653	0.368	0.642	0.724	1.007
10.50563	0.575	6.198	3.99	4.151	16.408	2.646	0.912	1.29	0.212	6.34	3.535	4.435	16.351	2.051	0.938	0.81	0.174	4.701	4.372	3.868	15.95	1.663	0.655	1.115	0.167	0.47	0.708	0.745	0.529	0.991	1.149	0.441	0.438	0.477	0.618	0.516	0.978	1.545	0.315	0.48	0.703	0.364	0.721	0.745	1.085
10.67228	0.474	6.632	3.689	4.581	16.994	2.515	0.9	1.278	0.185	6.905	3.768	4.723	16.516	2.201	0.913	0.878	0.204	5.185	4.691	4.273	16.426	1.871	0.718	0.922	0.316	0.395	0.745	0.615	0.68	0.971	1.152	0.424	0.336	0.431	0.515	0.471	0.9	1.526	0.296	0.541	0.6	0.429	0.787	0.84	1.152
10.83897	0.594	7.063	4.29	5.07	18.59	2.551	0.848	1.198	0.168	7.453	3.946	5.156	17.744	2.209	0.923	0.659	0.158	5.223	4.953	4.535	17.315	1.963	0.642	1.157	0.296	0.374	0.781	0.622	0.631	0.979	1.247	0.487	0.399	0.438	0.494	0.675	0.824	1.506	0.247	0.353	0.551	0.465	0.569	0.791	1.187
11.00571	0.569	7.83	4.322	5.357	19.925	2.554	0.822	1.341	0.343	7.855	4.148	5.584	18.966	2.467	0.843	0.916	0.248	5.963	5.296	5.217	18.678	1.967	0.731	1.077	0.244	0.321	0.785	0.738	0.55	1.068	1.167	0.377	0.431	0.527	0.667	0.679	0.998	1.538	0.166	0.612	0.554	0.469	0.629	0.851	1.247
11.17234	0.595	8.23	4.436	5.818	19.958	2.696	0.756	1.304	0.301	8.865	4.664	6.302	19.986	2.499	0.883	0.831	0.291	6.428	5.557	5.447	20.036	2.109	0.595	1.114	0.278	0.435	0.787	0.652	0.635	1.016	1.348	0.462	0.374	0.584	0.611	0.509	0.92	1.568	0.281	0.566	0.639	0.557	0.744	0.88	1.106
11.33896	0.605	8.61	4.702	6.568	22.105	2.848	0.792	1.283	0.317	9.309	4.791	6.628	21.736	2.596	0.954	0.756	0.364	6.699	5.853	5.856	21.445	2.177	0.636	1.127	0.262	0.531	0.799	0.775	0.759	1.057	1.391	0.614	0.385	0.595	0.565	0.689	1.046	1.579	0.349	0.751	0.593	0.569	0.698	0.976	1.23
11.50571	0.617	9.919	5.108	6.997	24.186	2.943	0.921	1.441	0.29	10.012	4.91	7.084	22.347	2.435	0.929	0.909	0.337	7.493	5.916	6.457	22.822	2.187	0.672	1.218	0.184	0.428	0.864	0.673	0.798	0.952	1.366	0.511	0.367	0.746	0.632	0.7	0.939	1.617	0.188	0.585	0.632	0.663	0.764	0.986	1.212
11.67228	0.634	10.819	5.353	7.333	25.135	2.961	0.848	1.368	0.317	10.526	5.131	7.591	23.661	2.71	0.898	0.784	0.307	7.746	6.306	7.017	23.173	2.206	0.693	1.156	0.29	0.361	0.827	0.577	0.844	1.114	1.448	0.472	0.215	0.482	0.622	0.632	0.933	1.664	0.264	0.354	0.593	0.485	0.67	1.004	1.202
11.83914	0.738	10.344	5.649	8.126	24.757	3.091	0.85	1.426	0.427	11.019	5.419	8.466	25.238	2.75	1.013	0.832	0.418	8.477	6.766	7.279	24.894	2.165	0.675	1.162	0.216	0.462	0.841	0.71	0.635	1.153	1.563	0.377	0.346	0.696	0.441	0.763	0.97	1.764	0.251	0.697	0.611	0.525	0.798	1.021	1.275
12.00561	0.565	11.693	6.053	8.917	26.879	3.291	0.861	1.295	0.429	11.523	6.033	9.233	25.318	2.872	0.922	0.858	0.249	8.738	6.923	7.974	25.991	2.479	0.629	1.065	0.226	0.379	0.818	0.679	0.834	1.305	1.473	0.433	0.317	0.528	0.725	0.791	1.04	1.824	0.396	0.52	0.724	0.505	0.802	0.937	1.475
12.17236	0.66	12.076	6.321	9.358	27.7	3.331	0.868	1.501	0.304	11.884	6.302	9.59	27.074	2.969	0.937	0.954	0.265	9.549	7.277	8.753	25.789	2.321	0.671	1.249	0.296	0.475	0.943	0.774	0.845	1.261	1.573	0.585	0.413	0.511	0.679	0.575	1.053	1.779	0.293	0.818	0.763	0.63	0.813	0.863	1.315
12.33902	0.44	12.426	6.13	10.362	27.633	3.423	0.873	1.421	0.314	13.146	6.908	10.084	27.461	3.233	0.947	0.819	0.332	10.043	7.514	9.217	27.367	2.583	0.651	1.287	0.418	0.483	0.866	0.809	0.682	1.326	1.612	0.45	0.42	0.546	0.573	0.724	0.977	1.929	0.301	0.403	0.77	0.553	0.821	1.126	1.578
12.50583	0.575	12.501	6.604	10.833	29.033	3.444	0.981	1.416	0.389	13.33	6.416	11.377	28.294	2.884	0.994	0.869	0.237	10.826	8.327	10.03	28.087	2.519	0.671	1.277	0.296	0.447	0.943	0.717	0.845	1.233	1.658	0.443	0.413	0.624	0.736	0.802	1.082	1.921	0.237	0.62	0.735	0.63	0.813	1.118	1.429
12.67246	0.773	13.252	6.922	11.76	30.359	3.559	0.887	1.492	0.404	14.041	6.853	12.192	29.789	3.343	0.949	0.925	0.365	11.5	8.536	10.439	29.21	2.606	0.705	1.286	0.415	0.477	1.031	0.744	0.817	1.21	1.642	0.528	0.412	0.71	0.68	0.773	1.174	2.037	0.352	0.602	0.707	0.549	0.73	1.034	1.6
12.83907	0.617	14.388	7.173	12.287	32.163	3.565	0.95	1.441	0.318	14.425	7.031	12.94	31.541	3.255	0.844	0.852	0.337	11.283	8.914	11.436	29.809	2.866	0.587	1.218	0.241	0.343	0.978	0.758	0.741	1.404	1.678	0.398	0.424	0.577	0.462	0.841	1.109	1.956	0.188	0.811	0.774	0.493	0.849	1.043	1.438
13.00585	0.66	15.168	7.37	13.443	31.501	3.955	0.896	1.558	0.219	15.287	7.153	13.448	31.613	3.451	0.909	0.869	0.52	12.017	8.922	12.327	29.931	2.859	0.642	1.192	0.296	0.447	1.085	0.802	0.873	1.318	1.857	0.5	0.413	0.624	0.736	0.83	1.167	2.034	0.293	0.563	0.621	0.63	0.898	1.289	1.684
13.1724	0.637	15.384	7.51	14.617	31.629	3.588	0.879	1.455	0.237	15.631	7.826	14.762	30.58	3.563	0.959	0.844	0.284	12.397	9.057	12.686	30.403	2.832	0.471	1.16	0.294	0.421	1.058	0.835	0.989	1.288	1.878	0.475	0.36	0.57	0.569	0.777	1.221	2.092	0.267	0.274	0.653	0.432	0.702	1.008	1.46
13.33918	0.649	15.281	7.846	15.036	32.687	4.087	0.993	1.684	0.387	15.78	8.144	15.354	33.338	3.785	1.048	0.971	0.349	13.61	9.629	13.774	32.05	3.049	0.663	1.386	0.43	0.551	0.963	0.819	1.034	1.282	1.883	0.46	0.345	0.472	0.584	0.848	1.274	2.025	0.341	0.588	0.639	0.565	0.832	1.194	1.759
13.50585	0.744	16.349	8.684	16.192	33.115	4.07	0.887	1.492	0.233	16.485	7.847	16.681	32.175	3.968	0.807	0.925	0.223	13.972	9.786	14.36	32.023	2.947	0.676	1.399	0.443	0.505	1.06	0.886	0.988	1.38	1.955	0.528	0.412	0.483	0.623	0.859	1.202	2.151	0.352	0.688	0.763	0.577	0.844	1.233	1.714
13.67249	0.748	16.383	8.319	17.108	33.183	4.245	0.918	1.665	0.523	17.317	8.421	17.143	34.26	4.001	1.039	0.9	0.285	13.751	9.99	15.758	30.811	3.235	0.681	1.29	0.334	0.48	1.035	0.833	0.792	1.498	2.074	0.531	0.444	0.657	0.712	0.919	1.292	2.211	0.356	0.778	0.767	0.496	0.904	1.322	1.774
13.83917	0.734	16.615	8.471	18.415	36.236	4.258	0.965	1.57	0.331	17.029	8.627	18.335	33.877	4.04	0.934	0.829	0.292	14.15	10.225	16.642	33.214	3.276	0.692	1.386	0.402	0.551	1.133	1.046	0.892	1.424	2.138	0.517	0.43	0.614	0.754	0.933	1.359	2.111	0.341	0.758	0.753	0.622	0.747	1.307	1.788
14.00589	0.677	17.495	8.897	19.465	34.419	4.57	0.965	1.655	0.416	17.938	9.393	19.102	32.912	4.296	1.104	0.971	0.292	14.547	10.651	16.557	32.505	3.305	0.692	1.386	0.487	0.551	1.133	0.876	1.034	1.453	2.223	0.517	0.515	0.699	0.84	0.905	1.331	2.224	0.255	0.559	0.923	0.451	0.917	1.279	1.788
14.17249	0.727	17.058	8.717	20.074	34.312	4.505	0.818	1.764	0.32	18.035	9.042	20.392	34.282	4.315	0.867	0.879	0.366	14.959	10.498	17.963	33.45	3.439	0.57	1.32	0.422	0.487	1.097	0.812	1.111	1.558	2.213	0.51	0.338	0.635	0.832	0.898	1.35	2.387	0.305	0.578	0.689	0.642	0.91	1.186	1.922
14.33915	0.622	18.468	8.973	21.106	34.334	4.68	0.946	1.72	0.344	18.496	9.179	21.847	33.964	4.544	0.922	0.943	0.391	15.456	11.147	19.114	32.68	3.585	0.629	1.349	0.481	0.351	1.073	0.849	0.919	1.532	2.097	0.433	0.374	0.585	0.725	0.876	1.409	2.448	0.311	0.634	0.724	0.533	0.802	1.419	1.843
14.50582	0.662	18.77	9.228	22.99	35.655	4.813	1.003	1.58	0.324	19.107	9.472	22.486	36.107	4.626	0.982	0.843	0.37	15.627	11.383	20.646	34.619	3.633	0.681	1.404	0.533	0.423	1.121	0.89	1.134	1.555	2.329	0.588	0.444	0.799	0.797	0.947	1.548	2.41	0.413	0.579	0.71	0.581	0.819	1.322	2.03
14.67255	0.701	18.078	9.214	22.39	35.034	5.138	0.925	1.872	0.34	20.213	9.346	23.108	35.628	4.639	0.969	0.938	0.415	16.331	11.115	20.44	34.365	3.816	0.693	1.418	0.432	0.491	1.047	0.928	1.173	1.682	2.317	0.684	0.455	0.725	0.808	0.958	1.476	2.564	0.452	0.793	0.863	0.678	0.916	1.504	2.127
14.83926	0.762	18.518	8.982	23.724	35.555	5.223	0.908	1.769	0.501	20.039	9.649	24.61	33.82	4.864	1.104	0.914	0.434	16.28	10.992	21.696	32.732	3.929	0.663	1.471	0.43	0.551	1.105	0.819	1.204	1.737	2.394	0.46	0.402	0.784	0.754	0.905	1.445	2.536	0.312	0.588	0.866	0.565	0.974	1.392	2.043
15.00584	0.809	19.407	9.252	25.146	36.317	5.182	0.986	1.648	0.456	19.275	9.433	25.662	36.201	5.02	0.919	0.875	0.446	16.854	11.429	23.064	33.61	3.974	0.679	1.485	0.389	0.454	1.207	0.809	1.278	1.695	2.548	0.592	0.391	0.603	0.687	0.923	1.488	2.61	0.471	0.63	0.77	0.553	0.963	1.381	2.032
15.17263	0.725	19.27	9.639	26.125	36.059	5.263	0.967	1.741	0.441	20.143	9.956	26.554	36.114	5.154	1.077	0.961	0.46	17.134	10.876	24.731	33.755	4.224	0.702	1.533	0.525	0.453	1.232	0.924	1.248	1.689	2.506	0.564	0.392	0.687	0.827	1.206	1.48	2.691	0.441	0.931	0.827	0.662	0.847	1.408	2.257
15.33919	0.717	19.309	9.696	27.483	37.089	5.259	0.953	1.785	0.531	19.854	9.706	27.006	34.648	4.926	1.022	0.897	0.492	16.867	11.475	25.347	35.32	4.306	0.671	1.476	0.551	0.475	1.284	0.944	1.129	1.601	2.821	0.642	0.469	0.709	0.849	0.972	1.677	2.687	0.407	0.648	0.735	0.687	0.898	1.544	2.28
15.5059	0.704	19.198	9.592	28.155	36.789	5.385	1.0	1.831	0.367	20.415	10.222	28.018	34.606	5.532	0.974	0.883	0.385	17.773	10.971	25.796	35.448	4.233	0.625	1.542	0.449	0.461	1.154	0.874	1.029	1.783	2.687	0.628	0.37	0.694	0.92	0.986	1.546	2.529	0.392	0.515	0.749	0.529	0.798	1.586	2.151
15.67271	0.762	19.455	9.692	29.744	37.23	5.734	0.88	1.769	0.501	20.692	9.933	29.437	35.297	5.744	1.104	0.886	0.519	17.075	11.02	26.807	34.719	4.526	0.749	1.641	0.487	0.551	1.304	0.876	1.317	1.879	2.649	0.744	0.402	0.699	0.698	1.104	1.672	2.991	0.397	0.417	0.781	0.537	0.804	1.477	2.214
15.83932	0.697	19.493	9.749	30.711	38.292	5.617	0.98	1.784	0.42	21.313	10.109	29.667	36.754	5.744	1.078	0.906	0.466	17.261	11.195	27.739	34.099	4.437	0.632	1.584	0.513	0.516	1.157	0.982	1.255	1.82	3.051	0.68	0.337	0.721	0.805	1.011	1.529	3.015	0.449	0.702	0.774	0.731	0.94	1.727	2.663
16.00607	0.697	18.562	10.007	31.253	38.523	5.716	0.882	2.025	0.498	21.191	10.041	31.426	36.143	6.146	0.992	0.848	0.403	17.814	11.385	28.272	35.739	4.536	0.787	1.59	0.61	0.51	1.317	0.867	1.276	2.086	2.846	0.706	0.448	0.602	0.884	1.064	1.792	2.946	0.441	0.534	0.883	0.606	0.876	1.493	2.512
16.1727	0.691	20.162	9.654	32.908	37.985	5.921	1.003	1.864	0.494	20.556	9.955	31.579	36.902	5.933	1.068	0.9	0.455	18.383	11.298	28.915	35.073	4.685	0.681	1.603	0.504	0.509	1.376	0.975	1.162	2.01	3.04	0.616	0.359	0.629	1.025	1.033	1.775	3.007	0.413	0.607	0.937	0.581	0.904	1.549	2.4
16.33932	0.775	19.703	9.778	33.275	39.272	5.955	0.937	1.999	0.453	20.626	10.313	33.141	35.596	5.886	0.937	0.927	0.442	18.644	11.569	29.955	37.491	4.633	0.743	1.555	0.71	0.453	1.408	1.002	1.277	1.874	3.14	0.787	0.387	0.829	0.884	1.033	1.84	3.125	0.357	0.647	0.796	0.756	0.878	1.75	2.402
16.50609	0.871	20.609	10.124	34.275	40.493	6.247	0.84	1.9	0.369	21.634	10.114	33.259	37.021	6.118	1.054	0.91	0.415	18.321	11.712	30.677	35.076	4.726	0.637	1.589	0.546	0.491	1.332	0.985	1.258	2.08	3.198	0.627	0.426	0.725	0.951	1.129	1.874	3.19	0.623	0.764	0.891	0.565	0.916	1.504	2.639
16.67277	0.744	20.326	9.82	34.489	40.502	6.571	0.972	1.975	0.489	21.286	10.717	34.581	37.232	6.127	1.063	0.925	0.393	18.034	11.775	32.089	36.455	5.135	0.79	1.769	0.614	0.477	1.401	1.0	1.329	1.92	3.262	0.869	0.526	0.71	0.936	1.086	1.941	3.315	0.352	0.688	0.792	0.549	0.844	1.659	2.538
16.83943	0.679	20.395	10.361	35.975	40.915	6.426	0.987	2.133	0.465	21.339	10.837	35.243	37.868	6.469	1.064	0.945	0.482	18.849	12.434	32.26	37.43	4.905	0.702	1.769	0.526	0.527	1.567	1.106	1.323	2.089	3.38	0.805	0.376	0.818	0.816	1.278	1.912	3.426	0.517	0.632	0.899	0.601	1.094	1.653	2.845
17.00609	0.851	20.483	10.322	35.717	39.399	6.761	0.882	2.141	0.563	21.836	10.591	36.575	37.665	6.714	1.024	0.889	0.524	18.644	12.9	33.489	36.604	5.382	0.753	1.589	0.747	0.498	1.478	0.993	1.406	1.968	3.45	0.691	0.405	0.788	0.928	1.164	2.046	3.25	0.43	0.507	0.927	0.626	1.063	1.652	2.729
17.17266	0.758	20.694	10.55	36.948	40.152	6.759	0.982	1.957	0.539	22.231	11.252	36.529	39.068	6.886	1.083	0.853	0.415	19.288	12.963	33.094	37.977	5.607	0.722	1.844	0.517	0.52	1.559	1.014	1.315	2.25	3.454	0.769	0.426	0.981	0.894	1.214	1.732	3.446	0.452	0.849	0.891	0.678	0.944	1.93	3.179
17.3395	0.812	21.116	11.187	35.429	41.635	7.003	0.989	2.019	0.632	21.866	11.454	35.974	39.135	6.841	1.179	1.049	0.536	19.188	12.996	33.942	38.871	5.653	0.768	1.632	0.592	0.487	1.267	1.068	1.395	2.296	3.746	0.595	0.395	0.805	0.861	1.153	2.003	3.38	0.418	0.663	0.859	0.443	0.995	1.64	3.114
17.50602	0.807	20.934	11.435	34.595	42.814	7.127	0.997	2.314	0.572	23.254	12.426	34.518	38.055	7.314	1.084	0.874	0.504	19.762	13.881	34.519	39.524	5.862	0.833	1.873	0.628	0.599	1.526	1.091	1.509	2.306	3.658	0.733	0.39	0.747	0.888	1.236	2.016	3.613	0.447	0.908	0.913	0.674	1.28	1.839	3.032
17.67281	0.809	21.024	11.806	34.454	42.531	7.084	0.986	2.215	0.456	22.453	12.101	34.601	40.004	7.205	1.032	0.961	0.446	19.606	14.778	35.493	38.803	5.96	0.821	1.655	0.503	0.483	1.547	0.979	1.448	2.319	3.825	0.819	0.391	0.716	0.999	1.263	2.084	3.461	0.471	0.743	0.827	0.638	0.963	1.807	2.883
17.83941	0.904	21.783	12.872	33.634	42.738	7.182	1.079	2.053	0.643	22.85	13.51	34.804	39.669	7.561	1.048	0.999	0.462	19.403	15.08	35.041	38.638	6.059	0.749	1.755	0.601	0.494	1.559	1.046	1.403	2.163	3.7	0.744	0.402	0.869	1.038	1.246	2.296	3.757	0.341	0.588	0.923	0.65	1.145	1.875	3.037
18.00615	0.687	22.457	12.746	33.523	42.321	7.395	1.029	2.203	0.489	23.133	13.671	34.325	37.801	7.15	1.119	0.981	0.478	20.705	15.866	34.873	38.529	5.845	0.705	1.769	0.443	0.59	1.571	1.17	1.556	2.233	3.802	0.67	0.412	0.824	0.936	1.2	2.026	3.77	0.409	0.574	0.792	0.577	0.9	1.744	3.049
18.17282	0.793	22.841	13.121	33.102	43.049	7.564	1.044	2.247	0.607	23.359	13.994	33.11	40.826	7.521	1.007	0.917	0.482	20.157	16.246	33.824	41.1	6.271	0.73	1.769	0.526	0.499	1.652	1.248	1.579	2.288	4.062	0.719	0.376	0.931	0.987	1.278	1.997	3.71	0.431	0.689	0.813	0.601	1.037	1.824	3.158
18.33935	0.679	24.15	13.291	32.533	42.394	7.422	1.044	2.048	0.522	23.956	14.336	32.313	40.343	7.721	1.15	0.86	0.482	20.555	17.014	33.028	39.962	6.441	0.816	1.797	0.611	0.499	1.482	1.163	1.664	2.515	4.005	0.805	0.376	0.818	0.873	1.307	2.168	3.881	0.431	0.632	0.87	0.601	1.037	1.853	3.158
18.50615	0.778	24.208	14.566	32.887	43.155	8.01	0.997	2.229	0.629	25.047	14.817	31.928	40.077	7.741	1.084	0.845	0.504	20.417	17.667	33.01	39.922	6.118	0.748	1.873	0.543	0.599	1.526	1.177	1.509	2.391	4.255	0.819	0.447	0.69	1.058	1.207	2.016	3.784	0.361	0.708	0.828	0.703	0.967	1.925	3.26
18.67282	0.795	24.131	15.394	32.084	42.79	7.634	1.038	2.242	0.429	25.666	15.706	33.775	39.622	8.194	1.024	0.977	0.56	21.427	18.243	32.575	39.752	6.426	0.769	1.925	0.565	0.561	1.604	1.109	1.471	2.414	4.198	0.808	0.408	0.851	0.935	1.254	2.125	3.891	0.494	0.648	1.017	0.609	0.872	1.859	3.508
18.83959	0.884	25.478	16.084	32.607	42.518	8.038	1.011	2.273	0.434	25.989	16.596	32.645	40.603	8.285	1.058	0.895	0.48	22.376	18.906	32.1	39.82	6.773	0.859	1.844	0.654	0.536	1.693	1.112	1.702	2.589	4.375	0.812	0.412	0.883	1.109	1.258	2.272	4.18	0.469	0.681	0.935	0.699	1.218	1.862	3.427
19.00615	0.909	25.727	16.562	31.542	43.161	7.777	0.952	2.185	0.657	26.236	17.017	33.29	40.791	8.479	1.138	0.948	0.702	22.653	19.611	31.834	41.063	6.939	0.684	1.669	0.65	0.532	1.547	1.194	1.556	2.585	4.369	0.723	0.408	0.937	1.02	1.397	2.267	4.233	0.466	0.847	0.903	0.552	1.043	1.944	3.366
19.17291	0.775	25.88	17.322	32.649	43.968	8.318	1.023	2.255	0.652	28.197	17.885	32.914	40.976	8.277	1.279	1.013	0.527	21.918	21.731	32.118	40.082	6.854	0.829	1.868	0.653	0.624	1.665	1.173	1.533	2.557	4.534	0.73	0.529	0.857	0.912	1.289	2.267	4.32	0.528	0.561	0.881	0.67	1.105	2.006	3.683
19.33957	0.775	26.591	18.432	33.247	43.257	8.204	1.051	2.255	0.481	27.144	19.422	33.312	41.744	8.447	1.279	0.956	0.584	22.345	22.187	33.086	41.078	7.167	0.743	1.897	0.624	0.51	1.408	1.202	1.533	2.871	4.762	0.815	0.444	0.943	0.827	1.403	2.182	4.32	0.3	0.703	0.881	0.613	0.935	2.092	3.597
19.50628	0.933	27.294	19.46	32.583	44.39	8.437	1.026	2.432	0.724	28.018	20.491	32.794	40.76	8.773	1.402	1.058	0.769	22.799	22.545	33.128	41.373	7.172	0.856	1.844	0.68	0.558	1.746	1.161	1.64	2.788	4.865	0.776	0.49	0.906	1.018	1.251	2.5	4.349	0.492	0.711	1.128	0.666	1.156	2.085	3.822
19.67289	0.899	27.242	19.733	32.594	44.291	8.475	1.116	2.32	0.669	28.741	22.378	32.404	41.068	8.805	1.18	1.052	0.515	24.165	23.748	32.916	41.626	7.523	0.842	1.882	0.666	0.606	1.705	1.212	1.63	2.799	4.95	0.797	0.398	0.783	1.066	1.329	2.595	4.22	0.483	0.975	0.977	0.711	1.202	2.189	3.695
19.8395	0.796	27.201	20.865	32.629	42.691	8.565	1.018	2.306	0.613	28.547	21.512	33.575	41.464	8.864	1.098	0.863	0.573	24.205	24.077	32.696	40.656	7.271	0.82	1.944	0.729	0.531	1.514	1.195	1.668	2.804	5.121	0.865	0.437	0.85	1.132	1.282	2.343	4.482	0.464	0.694	0.988	0.747	1.041	2.283	4.187
20.0063	0.878	28.303	20.631	32.504	44.386	8.987	1.044	2.332	0.522	29.39	23.097	33.479	41.794	9.114	1.15	0.945	0.767	24.822	25.15	33.398	42.237	7.579	0.702	1.854	0.554	0.499	1.596	1.277	1.522	2.8	4.745	0.691	0.519	0.846	0.987	1.193	2.31	4.45	0.46	0.689	1.069	0.658	1.009	2.251	3.727
20.17297	0.882	28.311	21.463	33.112	43.317	9.276	1.046	2.249	0.698	29.856	22.593	33.49	41.293	8.75	1.155	0.949	0.687	24.831	25.102	33.749	41.026	7.499	0.82	2.2	0.559	0.588	1.571	1.195	1.611	2.861	5.007	0.78	0.465	0.907	0.99	1.453	2.4	4.482	0.464	0.864	0.902	0.662	0.955	2.34	3.845
20.33958	0.85	29.327	22.878	33.813	43.646	8.844	1.101	2.332	0.607	30.471	24.577	34.105	41.907	9.143	1.235	1.088	0.681	25.619	25.719	34.137	41.384	8.006	0.901	2.025	0.611	0.499	1.51	1.163	1.493	2.971	5.115	0.861	0.348	1.074	0.901	1.307	2.566	4.649	0.545	0.859	0.899	0.658	1.094	2.251	4.012
20.50631	1.052	30.189	24.052	34.478	44.455	9.248	1.018	2.306	0.641	31.335	24.358	34.628	43.058	9.034	1.098	1.091	0.431	26.368	25.244	33.977	41.367	7.84	0.792	1.944	0.644	0.502	1.571	1.109	1.611	2.947	5.348	0.694	0.437	0.821	0.962	1.396	2.599	4.909	0.464	0.779	0.988	0.776	1.041	2.084	4.187
20.67299	0.778	31.268	24.075	34.709	44.066	9.092	1.025	2.229	0.743	32.678	26.262	34.433	42.724	9.762	1.198	0.931	0.589	25.827	25.383	35.43	41.346	7.798	0.833	1.987	0.657	0.542	1.612	1.12	1.622	3.131	5.394	0.79	0.476	0.861	1.172	1.236	2.699	4.809	0.475	0.737	0.885	0.674	1.024	2.181	4.0
20.83956	1.073	33.005	24.013	34.827	44.703	9.049	1.061	2.408	0.76	32.54	25.805	35.918	42.448	9.352	1.128	1.112	0.862	26.253	25.921	34.692	43.347	7.727	0.817	2.087	0.67	0.61	1.681	1.273	1.634	3.174	5.497	0.744	0.458	0.844	0.899	1.475	2.6	5.079	0.458	0.666	1.066	0.886	1.149	2.193	4.013
21.00636	1.031	33.224	24.722	35.467	45.733	9.457	1.023	2.34	0.737	33.52	26.31	36.301	41.773	9.415	1.022	0.927	0.442	27.411	25.005	36.359	41.476	8.163	0.743	1.897	0.567	0.51	1.665	1.116	1.59	2.956	5.588	0.872	0.387	0.743	0.912	1.46	2.751	4.918	0.471	0.732	0.909	0.67	0.963	2.12	4.081
21.1729	0.806	34.068	24.587	35.579	44.756	9.501	1.087	2.495	0.624	34.734	27.033	36.909	43.147	9.701	1.24	1.19	0.64	27.863	24.908	36.576	41.728	8.179	0.827	2.106	0.68	0.635	1.599	1.379	1.69	3.363	5.885	0.794	0.622	0.926	0.981	1.499	2.877	5.35	0.656	0.832	1.061	0.776	1.12	2.394	4.277
21.33974	0.813	33.508	24.775	35.528	44.291	9.728	1.116	2.348	0.64	35.491	27.107	37.217	42.407	10.144	1.094	1.052	0.515	29.092	25.229	37.615	41.939	8.264	0.756	2.224	0.836	0.606	1.762	1.269	1.687	3.141	5.662	0.911	0.454	1.039	1.009	1.329	2.794	5.188	0.483	0.718	0.977	0.625	1.231	2.132	4.037
21.50635	0.995	36.215	24.2	35.732	44.671	9.601	1.038	2.413	0.771	37.18	26.222	37.537	43.441	9.876	1.11	1.062	0.702	30.091	24.57	38.275	42.431	8.421	0.769	2.267	0.85	0.646	1.775	1.28	1.813	3.183	5.88	0.837	0.494	0.965	0.935	1.34	2.866	5.259	0.323	0.562	0.988	0.723	1.157	2.372	4.563
21.67299	1.052	36.985	25.255	35.732	44.643	9.145	1.123	2.356	0.657	38.89	25.966	37.708	42.985	10.075	1.138	0.977	0.617	29.236	24.884	38.759	41.462	8.507	0.769	2.182	0.65	0.646	1.547	1.223	1.642	3.269	5.766	0.837	0.579	0.851	0.849	1.397	2.638	4.945	0.58	0.933	1.017	0.552	1.072	2.315	4.363
21.83973	0.919	38.812	24.566	35.907	44.424	9.758	1.016	2.478	0.844	39.583	25.736	37.115	41.853	10.491	1.21	0.958	0.661	30.321	24.823	38.821	43.009	8.465	0.953	2.082	0.663	0.629	1.616	1.147	1.71	3.511	5.783	0.762	0.476	0.891	1.088	1.579	2.652	5.443	0.563	0.605	1.199	0.707	1.169	2.241	4.461
22.00642	1.032	40.297	24.321	35.94	44.915	9.954	1.084	2.378	0.876	41.132	25.879	37.298	42.076	10.44	1.12	1.129	0.663	32.031	25.3	38.626	42.717	8.947	1.023	2.102	0.761	0.689	1.71	1.375	1.629	3.673	5.993	0.819	0.618	1.122	1.091	1.381	2.958	5.603	0.653	0.684	1.086	0.686	1.202	2.533	4.616
22.17315	0.98	42.102	24.859	36.118	45.892	9.934	0.962	2.452	0.679	42.534	26.116	37.24	44.004	10.24	1.073	1.048	0.895	31.587	25.687	39.088	43.192	8.698	0.872	2.115	0.696	0.632	1.705	1.379	1.714	3.344	5.961	0.765	0.479	1.066	1.035	1.44	2.885	5.476	0.595	0.696	0.86	0.739	1.144	2.33	4.808
22.3398	1.015	43.152	25.988	35.769	45.519	10.316	1.138	2.572	0.69	43.959	25.677	38.119	43.773	10.822	1.14	1.055	0.763	33.291	25.533	38.768	42.76	8.537	0.795	2.125	0.59	0.669	1.714	1.329	1.807	3.354	6.229	0.658	0.515	0.902	1.043	1.419	2.923	5.971	0.517	0.963	0.953	0.662	1.095	2.395	4.474
22.50638	0.772	43.398	25.593	35.898	45.485	9.737	1.091	2.497	0.826	45.555	26.513	36.881	43.651	10.303	1.16	1.069	0.671	34.106	25.681	38.869	41.866	8.729	0.869	1.973	0.693	0.598	1.816	1.315	1.68	3.658	6.282	0.872	0.5	0.888	1.029	1.376	3.028	5.675	0.532	0.954	1.053	0.592	1.167	2.497	4.691
22.67318	0.933	44.962	25.454	35.808	44.561	10.349	1.055	2.375	0.781	45.77	26.685	36.847	43.3	10.457	1.231	1.001	0.569	35.186	25.912	38.751	41.716	9.398	0.799	2.13	0.68	0.729	1.889	1.047	2.068	3.701	6.321	0.747	0.49	1.048	1.018	1.365	2.928	5.747	0.521	0.425	0.928	0.552	1.241	2.57	4.507
22.83978	0.918	45.866	25.858	35.938	45.184	9.827	1.065	2.557	0.832	47.626	26.722	37.063	43.35	10.651	1.251	0.986	0.534	38.03	26.204	37.909	42.363	8.905	0.874	2.12	0.641	0.602	1.734	1.318	1.684	3.549	6.345	0.876	0.447	0.806	1.204	1.38	3.004	5.851	0.593	0.645	0.971	0.739	1.085	2.672	4.496
23.00648	0.985	46.714	25.147	36.059	45.326	10.427	1.206	2.587	0.807	48.042	25.849	36.645	44.575	10.457	1.25	1.025	0.852	39.45	26.242	38.773	44.386	9.163	0.921	2.173	0.66	0.643	1.693	1.271	1.812	3.773	6.527	0.887	0.629	0.876	1.103	1.42	3.144	5.817	0.721	0.699	1.011	0.784	1.214	2.716	5.145
23.17313	0.793	46.841	26.786	35.65	45.048	10.31	1.048	2.57	0.659	48.756	26.138	37.178	42.297	11.137	1.276	1.09	0.561	40.177	26.333	38.278	44.168	9.846	0.838	2.001	0.72	0.763	1.697	1.279	1.703	3.83	6.833	0.951	0.465	1.025	0.908	1.57	3.229	5.789	0.555	0.898	0.961	0.703	1.105	2.521	4.718
23.33979	0.977	47.447	26.428	35.466	46.006	10.602	1.107	2.546	0.726	49.706	26.763	36.599	43.705	11.093	1.252	1.218	0.77	42.934	27.383	38.553	43.572	9.165	0.89	2.059	0.772	0.637	1.661	1.235	1.749	3.572	6.535	0.679	0.565	0.985	1.097	1.529	3.116	5.903	0.515	0.729	1.205	0.752	1.094	2.597	5.028
23.50658	0.929	48.674	26.426	35.856	45.737	10.614	1.101	2.365	0.82	49.956	27.578	37.069	43.33	10.783	1.095	1.025	0.607	43.268	27.03	38.599	43.4	9.435	0.972	1.963	0.625	0.613	1.603	1.272	1.781	3.935	6.564	0.887	0.372	0.932	1.073	1.562	3.305	5.923	0.605	0.974	1.068	0.866	1.126	2.684	4.795
23.67322	1.001	48.453	27.192	35.898	46.056	10.536	1.148	2.497	0.797	50.296	27.198	36.395	43.823	10.902	1.189	1.011	0.671	44.844	27.223	38.898	43.436	9.243	0.869	2.144	0.779	0.826	1.73	1.258	1.766	3.801	6.939	0.872	0.586	0.888	1.2	1.548	3.114	6.361	0.504	0.697	1.024	0.65	1.196	2.754	5.206
23.8398	1.167	49.329	27.119	35.605	44.964	10.414	1.099	2.509	0.91	51.18	27.91	35.104	42.493	10.732	1.007	1.035	0.61	46.247	27.471	38.606	42.446	9.178	1.02	2.274	0.759	0.797	1.82	1.54	1.824	3.816	6.975	0.84	0.668	1.117	1.343	1.431	3.015	6.261	0.59	0.542	1.022	0.797	1.168	2.585	5.187
24.00659	0.881	49.358	27.062	35.089	45.967	10.443	1.185	2.509	0.652	50.779	27.738	35.018	44.355	10.703	1.179	1.121	0.696	46.563	27.385	38.462	43.879	9.522	1.106	2.131	0.673	0.74	1.648	1.396	1.881	4.389	7.376	0.926	0.497	0.945	1.085	1.317	3.187	6.433	0.733	0.771	0.993	0.653	1.168	2.585	5.101
24.17318	0.902	50.22	27.589	33.206	45.482	10.948	1.209	2.475	0.698	51.407	28.722	34.996	44.415	10.978	1.312	1.143	0.685	48.082	27.997	38.87	44.541	9.798	1.04	2.436	0.75	0.732	1.64	1.389	1.902	4.064	7.134	0.833	0.633	1.023	1.192	1.424	3.092	5.965	0.811	0.876	1.158	0.817	1.304	2.663	5.092
24.33986	1.064	50.61	27.735	33.862	45.3	10.388	1.201	2.524	0.71	52.02	29.008	34.476	44.721	11.561	1.325	1.19	0.583	49.099	27.884	36.748	43.617	9.696	0.827	1.935	0.651	0.721	1.771	1.264	1.804	4.049	6.915	0.88	0.536	1.04	1.181	1.241	3.249	6.409	0.628	0.689	1.061	0.805	1.063	2.794	5.05
24.50653	0.967	50.074	28.294	33.771	46.167	10.844	1.128	2.394	0.738	51.839	28.254	34.903	44.813	10.99	1.179	0.978	0.782	49.571	28.33	36.887	44.366	10.066	1.106	2.131	0.702	0.797	1.734	1.282	1.824	4.303	6.889	0.84	0.554	0.887	1.2	1.603	3.159	6.404	0.676	0.972	1.079	0.653	1.14	2.929	5.101
24.67327	1.009	50.584	28.759	33.441	45.102	10.923	1.023	2.606	0.674	51.585	28.808	34.517	43.66	10.726	1.343	1.135	0.69	49.571	28.711	37.36	44.473	10.318	0.866	2.15	0.633	0.812	1.665	1.324	1.839	4.179	7.258	0.768	0.683	0.902	1.1	1.418	3.264	6.538	0.662	0.791	1.037	0.67	1.27	2.831	5.204
24.83988	1.03	51.093	29.099	33.762	45.668	10.725	1.153	2.45	0.937	51.676	29.124	35.559	43.735	11.22	1.23	1.013	0.751	50.862	28.249	37.166	44.089	9.317	0.921	2.265	0.717	0.749	1.862	1.432	1.776	4.036	7.296	0.962	0.676	1.068	1.152	1.555	3.409	6.567	0.973	0.936	1.116	0.694	1.179	2.769	5.145
25.00665	1.123	50.918	29.232	33.985	46.125	11.138	1.129	2.656	0.948	52.655	28.885	35.638	44.651	11.519	1.298	1.106	1.021	50.691	28.555	37.101	43.425	10.361	0.987	2.332	0.84	0.699	1.927	1.496	1.87	4.132	7.194	1.027	0.511	1.019	1.159	1.533	3.505	6.893	0.866	0.602	1.152	0.789	1.531	2.863	5.24
25.17326	1.142	50.86	29.449	34.183	45.636	11.251	1.188	2.683	0.801	52.055	29.066	35.344	43.279	11.11	1.327	0.982	0.788	51.419	28.798	37.155	44.751	9.9	0.853	2.135	0.763	0.715	1.824	1.314	1.971	4.079	7.755	0.901	0.5	0.977	1.089	1.493	3.45	6.753	0.651	0.948	0.911	0.801	1.086	2.675	5.191
25.33997	1.006	51.603	29.754	34.749	46.207	10.803	1.136	2.546	0.812	52.429	29.228	35.481	44.278	11.036	1.366	1.132	0.713	51.362	29.332	37.578	43.887	10.054	1.12	2.288	0.686	0.837	1.718	1.464	2.007	4.318	7.223	0.851	0.651	0.956	1.097	1.5	3.374	6.677	0.687	0.7	1.119	0.723	1.237	2.827	5.945
25.50656	0.991	51.312	29.79	34.304	45.342	10.537	1.088	2.786	0.949	53.208	29.21	35.411	44.185	11.317	1.043	1.175	0.649	52.282	29.341	37.822	45.171	10.104	1.051	2.308	0.876	0.824	1.677	1.479	1.937	4.337	7.363	1.037	0.579	1.0	1.226	1.515	3.738	6.61	0.76	0.921	1.191	0.825	1.282	2.958	5.648
25.67335	1.05	52.16	29.645	34.735	46.678	10.911	1.077	2.742	0.831	52.616	28.969	35.491	46.271	11.481	1.191	1.032	0.733	51.472	28.935	37.449	45.226	9.989	0.981	2.173	0.748	0.763	1.84	1.279	1.875	4.087	7.52	0.865	0.55	1.111	1.166	1.541	3.658	6.876	0.641	0.927	1.075	0.846	1.048	2.864	5.404
25.84004	1.138	51.077	30.156	34.659	45.623	10.844	1.271	2.623	0.738	52.899	30.374	35.333	45.071	10.99	1.236	1.121	0.696	52.006	29.476	37.889	43.879	10.496	1.049	2.302	0.845	0.797	1.82	1.396	2.167	4.475	7.548	0.812	0.583	0.887	1.171	1.403	3.416	7.035	0.991	0.943	1.022	0.825	1.312	2.986	5.616
26.00669	0.985	51.209	30.587	34.627	46.357	11.115	1.006	2.587	0.778	53.654	29.084	35.3	45.462	11.43	1.307	1.053	0.852	52.649	29.334	37.857	44.328	10.279	1.036	2.345	0.832	0.872	1.779	1.386	1.783	4.574	7.873	0.973	0.572	1.105	1.16	1.592	3.86	7.163	0.55	0.957	1.068	0.784	1.071	2.888	5.689
26.17337	1.008	51.464	30.841	34.875	46.297	11.023	1.158	2.57	0.776	53.344	30.206	35.84	45.857	11.318	1.326	1.078	0.82	52.787	29.589	38.106	45.148	10.448	1.016	2.332	0.811	0.929	1.87	1.439	1.956	4.391	7.883	1.056	0.798	1.105	1.073	1.447	3.763	6.893	0.693	1.291	1.123	0.846	1.215	3.122	5.413
26.33996	1.03	51.868	30.621	34.825	46.127	10.754	1.325	2.651	0.765	53.169	31.076	35.875	44.654	11.306	1.287	1.013	0.809	52.327	30.173	37.596	44.721	10.379	1.064	2.236	0.803	0.921	2.005	1.317	2.035	4.524	7.554	1.048	0.676	0.982	1.295	1.555	3.495	6.797	0.6	0.994	1.461	0.866	1.179	2.884	5.662
26.50662	0.944	51.897	31.425	35.112	45.668	11.271	1.038	2.88	1.08	53.227	29.842	35.788	45.171	11.565	1.201	1.099	0.665	53.044	30.201	38.372	44.864	10.379	1.093	2.236	0.803	0.835	2.034	1.317	2.035	4.553	7.698	0.876	0.504	1.155	1.066	1.44	3.495	6.883	0.6	0.678	1.145	0.866	1.207	3.056	5.375
26.6734	1.046	51.938	30.682	35.239	45.568	11.034	1.18	2.589	0.813	53.383	30.927	35.969	45.99	11.608	1.255	1.114	0.743	53.236	29.973	37.696	45.4	10.142	1.098	2.465	0.865	0.818	1.898	1.275	1.988	4.551	7.621	0.89	0.547	1.109	1.278	1.567	3.779	6.996	0.725	0.847	1.072	0.903	1.132	3.064	5.435
26.83999	1.084	52.085	31.76	35.388	45.741	11.38	1.15	2.791	1.132	53.498	29.832	36.093	45.502	11.473	1.225	1.182	1.004	53.546	31.024	38.447	46.0	9.943	1.146	2.318	0.798	0.774	1.685	1.342	1.859	4.634	7.864	1.016	0.615	1.093	1.234	1.608	3.834	7.079	0.854	0.902	1.198	0.776	1.289	3.109	5.629
27.00671	0.93	51.758	31.502	35.355	45.271	11.249	1.229	2.726	0.771	53.738	30.95	35.944	45.062	11.455	1.21	1.401	0.815	53.673	30.565	38.127	46.133	10.529	0.989	2.389	0.785	0.82	1.816	1.332	2.162	4.906	7.873	1.005	0.575	1.053	1.108	1.511	3.877	7.466	0.67	0.715	1.13	0.678	1.106	2.667	5.787
27.17337	1.122	52.548	31.692	35.048	46.058	11.325	1.178	2.764	0.677	53.872	31.293	36.188	45.559	11.308	1.339	1.048	0.95	53.8	30.786	38.28	46.026	10.003	1.022	2.314	0.847	0.96	1.903	1.467	2.045	4.862	8.251	1.085	0.712	0.934	1.247	1.506	3.89	7.105	0.84	1.13	1.354	0.908	1.218	3.069	5.794
27.33997	1.138	52.394	31.846	35.089	46.253	11.675	1.071	2.709	0.824	54.159	30.546	36.479	44.326	11.018	1.15	1.15	0.868	53.839	30.594	38.548	46.486	10.41	0.963	2.216	0.931	0.912	1.963	1.368	2.081	4.647	7.806	1.069	0.64	0.973	1.372	1.517	4.018	7.178	0.676	0.714	1.079	0.797	1.054	3.301	5.702
27.50679	1.171	52.494	32.171	35.444	46.811	11.594	1.216	2.769	0.887	53.516	30.728	36.404	45.886	11.368	1.27	0.982	0.874	53.711	31.119	38.645	45.725	10.731	1.025	2.307	0.964	0.744	1.71	1.314	1.913	4.852	8.357	0.987	0.643	0.948	1.032	1.435	3.88	7.699	0.766	0.719	0.997	0.829	1.344	3.191	5.879
27.67348	1.019	52.574	32.2	35.423	46.346	11.713	1.145	2.729	0.863	53.926	31.649	36.644	46.022	11.289	1.358	1.175	0.706	54.147	30.833	38.683	45.802	10.506	1.051	2.25	0.962	0.91	1.82	1.479	2.367	4.682	8.224	1.009	0.579	1.172	1.198	1.457	3.796	7.471	0.588	1.351	1.105	0.768	1.339	2.929	5.878
27.84015	1.012	53.115	32.373	35.862	46.569	11.143	1.161	2.659	0.81	54.336	31.078	36.569	44.98	11.41	1.303	1.081	0.825	54.153	31.235	38.922	46.568	10.539	0.934	2.452	0.816	0.933	1.788	1.414	2.19	5.114	8.292	1.059	0.687	0.994	1.048	1.652	4.113	7.501	0.87	1.037	1.328	0.793	1.276	3.212	5.647
28.0068	1.167	52.738	32.047	35.462	47.027	11.532	1.271	2.709	0.996	54.503	31.319	37.052	45.243	11.419	1.265	1.15	0.839	54.269	31.109	39.121	45.712	10.639	0.935	2.188	0.759	0.912	1.963	1.396	2.139	4.847	8.092	0.897	0.926	1.059	1.257	1.747	3.961	7.722	0.762	1.029	1.165	0.711	1.397	3.674	5.931
28.17341	1.111	53.088	32.6	35.66	47.035	11.431	1.165	2.773	0.951	54.033	31.067	36.703	46.084	12.087	1.224	1.122	0.91	53.804	31.461	38.975	46.297	10.853	1.071	2.264	0.753	0.881	1.759	1.368	2.05	4.979	7.955	1.069	0.811	1.115	1.227	1.459	3.806	7.395	0.788	1.103	1.136	0.85	1.366	3.44	5.98
28.34018	1.157	53.07	32.648	35.601	46.357	11.487	1.178	2.787	0.893	54.685	31.403	36.731	46.808	11.974	1.422	1.139	0.68	54.309	31.367	39.031	46.619	10.909	1.007	2.46	0.918	0.958	2.037	1.472	2.156	4.918	8.359	1.173	0.715	1.191	1.503	1.592	3.917	7.506	0.893	1.186	1.326	0.956	1.328	3.174	5.946
28.50675	1.053	53.26	33.143	36.09	46.234	11.174	1.28	2.83	0.979	54.605	31.696	36.932	46.113	12.087	1.281	1.122	0.91	54.147	31.747	39.118	45.982	10.366	1.071	2.407	0.838	0.853	1.93	1.368	2.05	4.836	8.127	1.04	0.611	0.915	1.227	1.574	4.092	7.338	0.731	1.161	1.222	0.792	1.366	3.297	5.895
28.67348	1.009	52.706	33.261	35.505	45.761	11.41	1.109	3.093	0.932	54.309	31.79	36.926	45.839	12.016	1.171	1.221	0.862	54.588	31.607	39.195	46.566	11.063	1.067	2.379	0.776	0.841	1.894	1.296	2.183	4.953	8.806	1.113	0.855	1.046	1.358	1.618	4.038	7.828	0.863	0.906	1.266	0.813	1.528	3.117	6.065
28.84016	1.149	52.951	33.566	35.924	47.468	11.892	1.193	2.861	0.898	54.264	32.869	37.086	46.428	12.01	1.252	1.161	1.114	54.401	31.941	39.413	46.095	11.057	1.062	2.46	0.686	0.809	1.89	1.493	2.093	5.235	8.456	1.023	0.823	0.985	1.269	1.414	3.976	7.221	0.687	0.958	1.348	0.924	1.18	3.257	5.888
29.00694	1.583	53.146	33.209	36.288	47.317	11.138	1.141	2.931	0.865	54.662	32.527	37.086	46.873	11.845	1.236	1.134	0.937	54.988	32.102	39.723	46.158	10.795	1.057	2.583	0.824	1.019	2.081	1.381	2.164	5.191	8.188	1.085	0.741	1.137	1.134	1.449	4.017	7.491	0.929	0.825	1.471	0.855	1.278	3.217	5.889
29.17347	1.037	53.274	33.426	36.139	46.469	12.172	1.158	2.742	0.805	54.493	32.935	37.678	46.719	11.749	1.212	1.106	0.82	54.654	32.461	39.6	46.555	10.993	1.159	2.418	0.811	1.015	1.927	1.439	2.359	4.937	8.716	1.027	0.769	1.019	1.389	1.533	3.85	7.869	0.722	1.119	1.066	0.76	1.272	3.064	6.159
29.3402	1.267	53.222	33.691	35.964	46.306	11.783	1.081	2.778	0.846	54.567	32.077	37.327	46.097	11.816	1.199	1.221	0.804	54.531	32.553	39.854	45.993	10.776	1.21	2.408	0.948	0.898	2.009	1.41	2.097	5.125	8.29	1.113	0.683	0.988	1.129	1.676	4.038	7.628	0.835	1.221	1.123	0.813	1.356	3.347	5.864
29.50693	1.064	53.301	34.203	36.008	47.418	11.848	1.259	2.667	0.71	54.767	32.585	37.309	47.211	12.277	1.24	1.104	0.812	55.08	32.377	39.953	47.566	10.898	1.17	2.421	0.909	0.893	1.943	1.436	2.062	5.022	8.604	1.051	0.822	0.954	1.353	1.585	4.021	7.611	0.742	1.119	1.347	0.805	1.321	3.08	6.08
29.67352	1.15	53.644	34.031	36.18	46.788	11.562	1.259	2.867	0.996	55.225	32.7	37.338	47.182	12.391	1.325	1.275	0.841	54.565	33.064	39.581	46.364	11.012	1.17	2.364	0.851	0.979	1.943	1.464	2.319	5.108	8.661	0.994	0.736	1.098	1.41	1.585	3.993	8.011	1.229	1.004	1.347	0.776	1.206	3.567	5.765
29.84022	1.328	53.585	34.28	36.402	46.844	12.002	1.292	2.787	1.236	55.086	32.864	37.791	46.321	11.717	1.393	1.54	0.852	55.454	32.941	40.262	47.249	10.795	1.122	2.431	0.86	1.044	1.722	1.443	2.241	5.519	8.245	1.001	0.658	1.105	1.189	1.564	3.917	7.965	0.836	1.014	1.326	0.727	1.3	3.06	6.004
30.00689	1.211	53.291	34.533	36.817	47.439	12.152	1.241	2.905	0.957	55.085	33.17	37.686	47.261	11.72	1.175	1.193	0.973	55.315	33.537	40.16	45.931	10.745	1.14	2.33	0.821	0.866	1.914	1.325	2.177	5.13	8.358	0.969	0.683	1.071	1.297	1.959	4.072	7.89	0.858	0.883	1.035	0.862	1.35	3.366	5.99
30.17357	1.318	54.145	34.107	36.655	46.89	11.642	1.428	2.779	0.962	55.181	33.176	37.842	47.569	12.471	1.32	1.272	0.921	55.837	33.34	40.371	46.923	10.778	1.08	2.331	0.99	1.061	2.024	1.461	2.115	5.361	8.168	1.133	0.79	1.037	1.263	1.581	4.445	8.035	0.71	1.028	1.172	1.058	1.317	3.391	5.818
30.34031	1.217	53.628	34.634	36.7	47.372	11.95	1.352	2.876	0.956	55.159	33.59	38.06	46.993	12.41	1.513	1.143	0.857	55.47	33.81	40.331	47.434	10.829	1.269	2.264	0.75	0.99	2.041	1.446	2.217	5.524	8.709	1.091	0.719	1.023	1.421	1.682	4.437	7.855	0.754	0.962	1.358	0.96	1.304	3.179	6.323
30.50691	1.035	53.558	34.947	36.981	46.102	12.449	1.259	2.867	1.082	55.197	33.186	38.282	46.438	12.134	1.297	1.304	0.841	56.11	33.522	40.726	47.022	10.469	1.027	2.421	0.851	0.893	2.029	1.35	2.377	5.251	8.833	1.051	0.651	1.04	1.324	1.642	4.422	7.668	0.828	1.004	0.975	0.719	1.235	3.481	5.937
30.67357	1.225	54.118	35.174	36.89	46.749	11.831	1.108	2.916	1.037	55.606	33.784	38.276	46.284	12.116	1.31	1.179	0.967	55.548	33.549	40.463	46.754	10.881	1.014	2.321	0.838	1.024	1.873	1.54	2.307	5.236	8.756	1.126	0.783	1.029	1.341	1.488	4.092	8.683	0.959	1.018	1.079	0.792	1.28	3.354	6.209
30.84025	1.186	53.934	34.858	37.0	46.966	12.044	1.186	3.051	1.048	55.93	33.609	38.212	47.56	12.441	1.466	1.168	0.893	55.845	33.919	40.571	46.973	10.893	1.23	2.592	0.911	1.042	1.946	1.329	2.353	5.507	9.079	1.058	0.6	1.075	1.158	1.734	4.505	7.838	0.776	1.574	1.496	0.866	1.383	3.456	5.909
31.00689	1.196	54.432	35.003	37.033	47.292	12.089	1.194	2.83	0.979	55.177	33.698	37.99	46.971	12.259	1.396	1.093	0.91	55.663	34.121	40.634	46.84	11.568	1.1	2.407	0.981	0.939	1.787	1.339	2.222	5.436	8.756	0.955	0.783	1.086	1.427	1.717	4.149	8.196	1.045	0.76	1.079	0.764	1.366	3.211	6.152
31.1736	1.039	53.92	34.933	36.817	46.81	11.809	1.27	3.134	0.957	55.171	33.427	38.372	47.975	12.492	1.347	1.279	0.859	56.287	33.966	40.903	47.646	11.23	1.14	2.673	0.964	1.009	1.942	1.411	2.292	5.501	8.472	1.054	0.711	1.071	1.212	1.787	4.643	8.176	1.058	0.74	1.235	0.833	1.265	3.252	6.048
31.34041	1.282	53.975	35.289	37.262	46.777	12.26	1.108	2.83	1.122	55.32	34.127	38.591	47.714	12.659	1.396	1.122	0.967	55.663	34.35	40.72	47.469	10.91	1.157	2.492	0.924	1.024	2.016	1.368	2.479	5.579	8.67	1.069	0.811	1.258	1.255	1.659	4.406	8.339	0.959	1.161	1.307	0.764	1.223	3.297	6.066
31.507	1.182	54.263	35.505	37.189	47.667	11.952	1.241	2.991	0.928	55.342	34.399	38.458	47.804	12.977	1.175	1.451	0.973	56.001	34.68	41.189	47.988	11.288	1.082	2.473	1.049	0.952	1.771	1.411	2.434	5.587	8.815	1.197	0.768	1.071	1.24	1.616	4.243	8.318	1.23	1.14	1.293	0.833	1.379	3.509	6.305
31.67366	1.214	54.448	35.801	37.057	46.966	11.958	1.244	2.851	1.048	55.129	34.295	38.555	46.674	12.526	1.266	1.083	0.95	55.302	34.748	41.257	47.659	11.979	1.087	2.506	0.882	1.013	1.918	1.529	2.467	5.564	8.65	1.201	0.801	1.103	1.33	1.534	4.42	8.152	0.948	1.088	1.296	0.952	1.354	3.456	6.052
31.84041	1.333	54.209	35.415	37.035	47.615	12.09	1.169	3.003	0.895	55.246	34.191	38.473	47.296	12.369	1.487	1.343	0.855	55.822	34.589	41.291	46.882	11.025	1.056	2.472	0.88	1.072	1.917	1.475	2.353	5.528	8.833	1.176	0.747	1.077	1.474	1.708	4.355	8.287	0.863	0.939	1.356	0.98	1.413	3.084	6.105
32.00713	1.086	54.165	35.646	37.669	47.198	12.221	1.319	2.982	0.997	55.466	34.281	38.451	47.593	12.702	1.417	1.097	1.014	55.725	35.134	41.383	46.492	11.185	1.269	2.458	1.036	1.083	2.016	1.6	2.365	5.572	9.052	1.101	0.929	1.088	1.457	1.605	4.485	7.989	0.932	1.354	1.281	0.907	1.253	3.868	6.519
32.17376	1.246	53.885	35.693	37.559	46.914	12.208	1.209	2.962	0.898	55.531	34.907	38.833	47.938	12.381	1.341	1.286	1.029	56.243	35.128	41.39	47.806	11.029	1.126	2.436	1.094	0.99	1.984	1.361	2.503	6.069	9.053	1.091	0.747	1.052	1.507	1.682	4.266	8.313	0.84	1.277	1.358	0.874	1.246	3.58	6.237
32.34035	1.193	54.39	36.222	37.308	47.279	12.14	1.277	3.114	1.031	55.304	34.774	38.865	47.529	12.453	1.191	1.261	0.818	55.99	35.197	41.395	47.685	11.419	1.096	2.516	1.091	0.878	2.041	1.507	2.275	5.317	8.806	1.065	0.779	1.082	1.252	1.799	4.43	8.363	1.041	0.755	1.389	0.788	1.105	3.264	5.89
32.50714	1.242	54.416	35.97	37.462	47.015	12.374	1.206	3.073	0.893	55.859	35.097	39.193	47.838	12.461	1.336	1.283	0.737	56.428	35.804	41.522	47.392	11.539	1.007	2.631	1.003	0.986	2.066	1.615	2.47	5.72	8.76	1.058	0.801	1.105	1.274	1.564	4.346	8.537	0.922	1.043	1.269	0.87	1.414	3.404	6.089
32.67381	1.235	54.585	36.032	37.444	47.096	11.978	1.308	3.09	1.012	56.299	35.076	39.093	48.664	12.727	1.338	1.333	0.885	56.522	35.524	41.792	48.216	11.373	1.292	2.575	0.887	0.981	2.177	1.493	2.523	5.722	8.8	1.166	0.937	1.157	1.297	1.959	4.463	8.139	0.773	0.901	1.205	1.01	1.266	3.515	6.203
32.84046	1.3	54.477	36.316	37.714	46.337	12.129	1.244	2.994	0.934	56.187	35.524	39.184	47.188	12.526	1.266	1.254	0.893	56.559	35.719	41.543	48.373	11.979	1.173	2.506	0.882	0.956	2.289	1.586	2.267	5.735	8.793	1.201	0.772	1.103	1.244	1.905	4.334	8.181	0.948	0.974	1.068	0.923	1.126	3.342	6.052
33.00716	1.297	54.434	36.534	37.76	46.438	12.067	1.155	3.048	1.014	55.999	35.599	39.258	48.776	12.606	1.261	1.251	1.031	56.458	35.823	41.989	47.817	11.316	1.14	2.387	0.964	1.123	2.114	1.44	2.52	5.33	8.815	1.455	0.768	1.014	1.469	1.73	4.557	8.176	0.887	1.226	1.378	0.919	1.35	3.452	6.476
33.17384	1.118	54.321	36.284	37.88	47.212	12.113	1.179	3.014	1.032	56.024	35.405	39.349	48.606	13.108	1.337	1.329	0.934	56.341	36.202	41.88	47.991	11.191	1.159	2.32	0.955	1.116	1.991	1.432	2.341	5.663	9.288	1.276	0.79	1.092	1.233	1.808	4.061	8.394	0.85	0.902	1.285	0.825	1.371	3.272	6.267
33.34038	1.139	54.347	36.404	37.977	47.292	12.375	1.28	3.145	1.122	55.778	35.386	39.22	47.457	13.346	1.196	1.208	0.795	56.178	36.352	42.093	48.899	11.596	1.186	2.435	0.924	1.024	2.016	1.454	2.393	5.608	9.013	1.155	0.869	1.115	1.398	1.745	4.435	8.797	0.902	1.189	1.25	0.792	1.452	3.64	6.467
33.5071	1.414	55.074	36.657	37.834	47.474	12.546	1.292	3.073	0.95	55.83	36.213	39.623	47.953	12.69	1.507	1.283	0.852	56.514	36.663	42.237	48.537	11.453	1.093	2.517	1.032	1.072	2.237	1.472	2.413	5.977	9.19	1.144	0.801	1.22	1.189	1.678	4.346	8.222	1.008	1.358	1.326	0.698	1.3	3.461	6.261
33.67387	1.307	54.419	36.765	38.137	47.708	12.283	1.249	3.199	0.945	56.048	36.69	39.58	47.93	12.796	1.448	1.376	0.99	56.562	37.056	42.024	48.629	11.505	1.067	2.573	0.92	1.049	1.955	1.593	2.475	5.603	9.407	1.38	0.722	1.082	1.337	1.656	4.516	8.448	0.984	1.327	1.332	0.76	1.534	3.722	6.319
33.84053	1.258	55.107	36.788	37.954	47.941	12.336	1.176	2.925	0.997	55.665	36.451	39.765	48.478	13.273	1.36	1.268	0.843	56.925	37.076	42.097	47.692	12.042	0.984	2.572	0.865	1.112	1.987	1.429	2.537	5.714	9.024	1.129	0.843	1.231	1.543	1.862	4.627	8.588	1.132	1.611	1.824	1.078	1.453	3.668	6.291
34.00715	1.072	54.424	37.231	37.852	47.145	12.142	1.566	3.085	1.089	55.858	36.207	39.632	48.51	13.704	1.425	1.34	0.906	56.776	36.833	42.421	48.267	11.876	1.223	2.524	1.019	1.011	2.056	1.415	2.492	6.122	9.425	1.086	0.772	1.045	1.356	2.103	4.692	8.796	0.945	1.419	1.381	1.004	1.352	3.337	6.443
34.17377	1.379	55.161	37.065	38.183	47.246	12.706	1.345	3.239	1.311	55.626	36.391	39.971	48.813	13.708	1.325	1.218	1.012	56.225	37.586	42.729	48.11	11.327	1.17	2.707	1.338	1.036	2.2	1.464	2.548	5.967	9.033	1.137	0.908	1.298	1.524	1.842	4.851	8.527	0.971	1.29	1.662	0.976	1.378	3.71	6.137
34.34052	1.289	54.861	36.825	38.057	46.804	12.558	1.371	3.151	0.991	56.096	36.523	39.701	48.714	12.757	1.463	1.358	1.007	56.552	37.489	42.374	48.154	11.694	1.08	2.588	0.99	0.975	2.053	1.547	2.458	6.019	9.112	1.477	0.733	1.094	1.234	1.896	4.159	8.292	0.91	1.342	1.429	0.972	1.317	3.448	6.219
34.50723	1.461	54.603	37.369	38.229	46.975	12.815	1.342	3.122	0.933	55.724	37.582	39.845	47.97	13.33	1.492	1.272	1.007	56.61	37.861	42.66	48.411	11.779	1.166	2.502	1.019	1.032	2.139	1.518	2.458	5.79	9.255	1.219	0.904	1.094	1.349	1.638	4.503	8.292	0.996	0.999	1.229	1.058	1.374	3.649	6.075
34.67389	1.131	54.83	37.354	38.361	46.571	12.323	1.467	3.162	1.156	56.075	36.941	39.635	48.224	13.441	1.312	1.315	0.857	56.329	37.82	42.02	48.379	11.888	1.098	2.55	1.008	0.961	2.156	1.446	2.56	6.04	9.454	1.263	0.747	1.052	1.364	1.854	4.609	8.628	1.069	1.191	1.244	0.903	1.418	3.58	6.495
34.84056	1.371	55.098	37.328	38.229	47.635	12.385	1.294	3.05	1.161	56.397	37.41	39.882	48.631	13.539	1.455	1.411	0.918	56.675	38.114	42.58	48.956	11.838	1.261	2.49	1.057	1.176	2.03	1.514	2.519	5.926	9.442	1.188	0.873	1.237	1.406	1.981	4.782	8.715	1.141	1.677	1.485	1.006	1.376	3.77	6.375
35.00722	1.2	54.936	37.273	38.326	46.856	12.593	1.319	3.211	1.026	56.008	37.394	39.737	48.564	13.644	1.274	1.326	1.185	56.554	38.19	42.525	48.406	11.613	1.212	2.487	0.979	0.998	2.016	1.6	2.537	5.743	9.624	1.272	0.929	1.26	1.286	1.633	4.485	8.846	0.961	0.954	1.653	0.935	1.367	3.525	6.434
35.17384	1.257	54.328	37.788	38.309	47.585	12.569	1.446	3.314	1.259	56.009	37.089	39.957	48.637	13.46	1.528	1.325	1.132	56.634	38.369	42.571	48.934	11.963	1.225	2.651	0.935	1.174	2.254	1.543	2.601	5.884	9.245	1.073	0.987	1.206	1.433	1.664	4.396	8.902	0.851	1.378	1.369	1.145	1.516	3.678	6.796
35.34056	1.364	54.762	37.652	38.223	47.021	12.369	1.277	3.228	1.317	56.563	37.548	40.037	48.502	13.396	1.362	1.376	0.99	56.477	38.343	42.682	48.915	11.905	1.181	2.516	0.92	0.963	2.098	1.536	2.618	6.26	9.435	1.294	0.865	1.197	1.137	1.827	5.03	8.963	1.213	0.984	1.332	1.103	1.534	3.293	6.49
35.50716	1.414	55.389	37.802	38.378	46.987	12.804	1.206	3.216	1.065	55.601	37.989	40.081	48.182	13.835	1.479	1.397	0.909	57.373	38.925	42.753	48.108	11.797	1.208	2.603	1.118	1.044	1.98	1.701	2.642	6.035	8.932	1.23	0.829	1.277	1.446	1.764	4.776	9.053	0.979	1.014	1.326	0.956	1.472	3.633	6.347
35.67402	1.203	54.689	37.884	38.429	47.204	12.901	1.342	3.236	1.048	55.696	38.297	40.302	48.771	13.873	1.292	1.386	0.978	56.781	39.177	42.746	49.47	12.209	1.28	2.502	1.105	1.118	2.053	1.633	2.63	5.933	9.112	1.048	0.733	1.208	1.578	1.638	4.503	8.865	1.311	1.486	1.343	1.03	1.317	3.734	6.505
35.84062	1.221	54.39	38.109	38.566	47.479	12.884	1.191	3.142	1.117	56.277	38.348	40.38	48.645	13.225	1.305	1.576	0.99	57.249	39.315	42.968	49.086	12.363	1.267	2.688	0.977	1.049	2.298	1.593	2.704	6.003	9.407	1.38	0.808	1.111	1.337	1.97	4.659	9.049	1.041	1.384	1.389	0.874	1.648	3.464	6.891
36.00731	1.479	54.562	37.595	38.738	46.993	13.685	1.363	3.114	1.117	56.048	38.434	40.552	48.73	13.854	1.391	1.204	1.076	56.677	39.63	42.939	48.486	12.191	1.096	2.516	1.063	1.278	2.098	1.708	2.618	6.089	9.35	1.151	0.808	1.254	1.309	1.799	4.773	9.135	0.984	1.184	1.332	0.874	1.362	3.464	6.49
36.17399	1.282	55.062	38.206	38.521	47.12	12.975	1.451	3.374	1.151	56.379	38.732	40.278	48.773	13.546	1.539	1.465	1.053	56.864	39.698	42.951	49.443	11.682	1.243	2.607	0.981	1.053	1.93	1.54	2.565	6.18	9.871	1.212	0.897	1.201	1.599	1.831	4.664	9.398	1.074	1.475	1.479	0.964	1.395	3.64	6.581
36.34062	1.129	54.877	37.802	38.743	47.08	13.301	1.272	3.022	1.106	55.815	38.983	40.07	47.903	13.498	1.381	1.254	0.95	57.131	39.921	43.087	48.373	12.265	1.258	2.621	1.14	1.099	2.032	1.586	2.61	6.336	9.479	1.487	0.972	1.189	1.473	1.963	4.42	9.124	1.062	1.26	1.325	0.866	1.469	3.256	6.71
36.50746	1.268	55.32	38.363	38.732	47.353	13.067	1.413	3.448	1.014	55.885	38.885	40.43	49.147	13.32	1.375	1.451	0.973	57.03	39.91	43.275	48.76	12.173	1.254	2.673	1.135	1.209	2.028	1.84	2.606	6.273	9.13	1.397	0.854	1.185	1.755	1.902	4.729	8.833	1.029	1.312	1.55	1.205	1.522	3.623	6.533
36.67398	1.251	54.908	38.451	38.674	47.914	13.181	1.343	3.091	1.157	56.233	39.084	40.341	48.194	13.574	1.493	1.233	1.003	56.779	40.081	43.187	48.693	12.772	1.232	2.648	1.142	1.019	2.007	1.679	2.671	5.961	9.467	1.208	0.75	1.252	1.393	1.883	4.531	8.749	1.124	1.972	1.531	1.07	1.445	3.688	6.767
36.84074	1.364	55.219	38.452	38.824	47.479	13.542	1.42	3.285	1.203	55.962	39.578	40.38	48.302	13.883	1.391	1.29	0.904	56.991	40.173	43.397	48.657	12.277	1.153	2.602	1.263	1.307	2.098	1.536	2.904	6.117	9.75	1.237	0.894	1.111	1.509	1.913	4.773	9.478	1.07	1.327	1.59	1.189	1.448	3.464	6.633
37.00734	1.232	54.689	38.657	39.03	46.975	13.187	1.371	3.322	1.076	56.182	39.471	40.474	48.857	13.53	1.492	1.3	1.15	56.695	40.465	43.175	49.413	12.495	1.252	2.989	1.105	1.232	2.196	1.461	2.659	6.276	9.284	1.133	0.962	1.294	1.435	1.81	4.531	8.951	0.967	1.285	1.343	0.944	1.374	3.534	6.648
37.17406	1.165	54.879	38.309	38.817	47.743	13.095	1.571	3.177	1.157	56.09	39.655	40.598	48.879	13.489	1.407	1.318	0.917	56.437	40.766	43.215	49.179	12.344	1.203	2.534	1.027	1.076	2.15	1.479	2.529	5.99	9.296	1.179	0.75	1.081	1.364	1.769	4.474	8.978	0.781	1.429	1.474	1.013	1.416	3.688	6.167
37.34077	1.333	54.723	38.526	39.119	47.9	12.661	1.312	3.117	1.323	56.388	39.786	40.443	49.065	13.625	1.345	1.401	1.111	56.849	41.097	43.346	49.336	12.595	1.598	2.643	1.051	1.272	2.231	1.675	2.525	6.07	9.803	1.29	0.861	1.305	1.389	1.965	4.384	9.001	1.177	1.196	1.299	0.894	1.527	3.855	6.362
37.50736	1.468	54.949	38.791	38.96	47.267	12.981	1.441	3.219	1.1	55.999	39.657	40.573	48.861	13.749	1.518	1.108	0.973	56.944	41.024	43.418	48.903	12.431	1.282	2.501	0.992	1.009	2.342	1.611	2.72	6.416	9.672	1.369	0.854	1.328	1.497	1.816	4.586	8.519	1.315	1.712	1.578	1.119	1.379	3.537	6.448
37.67415	1.179	54.881	38.807	38.884	47.004	12.644	1.39	3.165	1.221	56.168	40.149	40.578	48.939	13.635	1.301	1.333	1.009	57.144	40.976	43.31	48.925	12.007	1.129	2.8	1.266	1.26	2.133	1.579	2.769	5.969	9.954	1.421	0.85	1.151	1.292	2.181	4.596	8.814	0.909	1.694	1.373	1.053	1.401	3.728	6.576
37.84077	1.607	54.824	38.75	39.17	47.033	12.929	1.39	3.422	1.135	55.655	40.235	40.492	48.483	13.549	1.501	1.304	1.266	56.574	41.176	43.367	49.125	12.891	1.129	2.8	1.095	1.174	2.219	1.579	2.741	5.969	9.612	1.165	0.907	1.294	1.548	1.839	4.596	8.956	1.108	1.495	1.459	0.882	1.486	3.5	6.833
38.00737	1.394	54.911	38.992	39.351	47.151	12.622	1.465	3.439	1.027	55.676	40.814	40.615	48.799	13.666	1.366	1.233	1.073	56.739	41.357	43.633	48.615	12.525	1.168	2.609	1.163	1.245	2.145	1.65	2.668	6.347	9.813	1.236	0.75	1.051	1.419	1.938	4.319	8.878	1.235	1.303	1.444	0.98	1.642	3.227	6.928
38.17407	1.322	54.853	39.207	39.056	47.575	12.616	1.304	3.194	0.907	55.912	40.492	40.749	48.682	13.349	1.415	1.475	1.095	56.916	41.489	43.681	49.011	12.492	1.129	2.572	1.095	1.089	2.162	1.664	2.912	6.311	9.669	1.364	0.85	1.465	1.605	1.839	4.682	9.156	0.994	1.666	1.687	0.882	1.486	4.013	6.776
38.34077	1.582	55.212	39.301	39.145	47.225	12.662	1.315	3.345	1.096	55.714	40.607	40.749	49.015	13.277	1.55	1.365	1.027	56.777	41.777	43.454	49.458	12.365	1.183	2.708	1.321	1.034	2.104	1.468	2.712	6.245	9.564	1.481	0.825	1.096	1.579	1.927	4.845	9.261	0.967	1.145	1.347	1.053	1.63	3.385	6.458
38.50754	1.49	55.269	39.393	39.151	47.796	12.764	1.281	3.311	1.085	56.137	41.01	40.725	48.789	13.577	1.455	1.386	1.216	56.319	41.867	43.601	50.115	12.609	1.203	2.585	1.169	1.111	2.21	1.518	2.562	6.263	9.522	1.075	0.874	1.26	1.485	2.062	4.664	9.022	1.215	1.392	1.482	1.016	1.536	3.69	6.904
38.67407	1.433	54.639	39.452	39.301	47.134	12.439	1.501	3.248	1.129	56.152	41.364	40.936	48.754	13.229	1.324	1.329	0.975	56.643	41.934	43.441	49.368	12.628	1.124	2.652	1.262	1.171	2.072	1.575	2.908	6.134	9.605	1.275	0.846	1.29	1.345	2.006	4.848	9.037	1.333	1.347	1.769	1.077	1.397	3.752	6.401
38.84079	1.312	55.524	39.487	39.448	47.62	13.454	1.325	3.271	1.204	56.291	41.453	41.14	49.497	13.444	1.4	1.522	1.078	57.011	42.167	43.73	49.512	12.36	1.286	2.7	1.253	1.163	2.235	1.654	2.985	5.924	9.819	1.182	0.839	1.368	1.537	2.255	4.951	9.539	1.097	1.479	1.419	1.126	1.475	3.715	6.733
39.00755	1.265	54.967	39.406	39.398	47.774	13.101	1.561	3.279	1.049	55.997	41.576	40.663	49.025	14.319	1.472	1.475	0.924	56.545	42.459	43.88	49.61	12.321	1.129	2.743	1.038	1.26	2.162	1.55	2.769	5.94	10.039	1.165	0.821	1.123	1.52	1.839	4.71	9.07	0.994	1.323	1.858	1.281	1.572	3.585	6.691
39.17418	1.418	55.18	39.411	39.547	47.273	12.947	1.711	3.374	1.266	56.388	41.584	41.299	49.151	13.654	1.402	1.515	1.026	57.192	42.752	43.974	50.364	12.567	1.399	2.643	1.137	1.529	2.174	1.761	2.696	6.07	9.546	1.261	0.775	1.22	1.703	1.793	4.812	8.373	1.348	1.424	1.641	0.98	1.527	3.741	7.104
39.34089	1.262	55.01	39.852	39.472	47.989	12.838	1.33	3.448	1.215	55.924	41.734	41.25	49.638	13.685	1.467	1.415	0.918	56.957	42.789	43.868	49.796	12.914	1.21	2.652	0.948	1.171	2.215	1.547	2.737	6.448	9.747	1.247	0.846	1.233	1.459	1.949	4.762	9.151	1.561	1.347	1.427	1.049	1.596	3.809	7.199
39.5075	1.333	54.723	39.639	39.775	47.815	12.775	1.569	3.259	1.18	56.302	42.04	41.071	48.951	14.453	1.43	1.543	1.026	56.763	42.866	44.002	49.736	13.166	1.342	2.843	1.394	1.157	2.317	1.475	2.867	6.298	10.06	1.204	0.918	1.305	2.045	2.022	4.612	9.343	1.035	1.51	1.641	0.98	1.441	3.855	6.448
39.67424	1.351	55.309	39.749	39.826	47.546	12.815	1.333	3.365	1.306	56.625	42.003	41.091	48.939	14.205	1.501	1.333	1.152	56.574	43.058	43.88	49.096	12.891	1.414	2.743	1.181	1.146	2.418	1.664	2.912	6.311	9.925	1.336	0.821	1.237	1.605	1.925	4.71	9.413	0.994	1.666	1.602	1.139	1.344	3.471	7.004
39.84096	1.34	55.638	39.715	39.477	47.991	12.798	1.411	3.413	1.147	56.719	42.138	41.254	49.183	13.416	1.286	1.294	1.278	56.669	43.193	44.243	49.854	12.987	1.286	2.642	1.253	1.22	2.349	1.654	2.757	6.209	10.247	1.268	0.811	1.339	1.793	1.942	4.752	9.454	1.068	1.394	1.334	1.069	1.56	3.573	6.762
40.00756	1.262	55.295	39.909	39.843	47.561	13.18	1.33	3.505	1.044	56.494	42.191	41.336	48.897	13.628	1.324	1.5	1.004	56.444	43.417	43.954	49.283	12.999	1.381	2.709	1.176	0.971	2.215	1.547	2.737	6.648	10.09	1.189	0.818	1.29	1.687	2.006	4.762	9.379	0.99	1.661	1.797	1.135	1.511	3.752	6.943
40.17433	1.383	55.268	40.298	39.686	47.737	13.488	1.4	3.402	1.096	56.226	42.373	41.29	49.385	14.103	1.55	1.593	0.942	57.204	43.685	44.223	49.458	12.764	1.354	2.708	1.235	1.233	2.303	1.554	2.912	6.017	9.906	1.31	0.882	1.125	1.664	2.24	5.073	8.948	1.537	1.573	1.661	0.939	1.316	3.556	6.885
40.34087	1.397	55.182	40.0	39.933	46.822	12.627	1.496	3.442	1.033	56.319	42.394	41.397	49.582	13.701	1.485	1.522	1.164	56.869	43.734	44.015	49.74	12.445	1.286	2.728	1.196	1.22	2.206	1.54	2.928	6.295	9.591	1.268	0.839	1.197	1.451	1.999	4.609	9.397	1.268	1.508	1.277	0.984	1.674	3.63	6.904
40.50754	1.415	55.308	40.056	39.906	47.687	12.855	1.395	3.2	1.232	56.743	42.827	41.629	49.651	14.132	1.34	1.34	0.992	57.09	43.967	44.218	49.837	12.903	1.252	2.924	1.218	1.182	2.256	1.472	3.034	6.236	10.025	1.343	0.943	1.444	1.471	2.189	4.949	9.138	1.402	1.847	1.609	1.147	1.865	3.565	7.043
40.67431	1.404	54.984	40.304	39.862	47.34	12.565	1.68	3.311	0.999	56.137	42.747	41.323	49.358	14.09	1.341	1.443	0.959	56.831	43.746	43.829	49.147	12.439	1.289	2.528	1.141	1.111	2.096	1.718	2.989	6.263	10.063	1.474	1.074	1.402	1.514	1.976	5.034	9.62	1.386	1.278	1.34	1.044	1.536	3.633	7.046
40.84101	1.433	55.01	40.251	39.757	47.904	12.924	1.302	3.277	1.158	56.751	42.961	41.364	50.066	14.027	1.467	1.786	1.175	57.214	44.13	44.182	49.425	13.085	1.181	2.453	1.347	1.256	2.243	1.632	2.993	6.363	10.175	1.446	0.846	1.518	1.545	2.178	4.876	8.98	1.076	1.318	1.598	1.077	1.425	3.638	6.657
41.00771	1.443	55.282	40.223	40.04	47.466	12.981	1.289	3.405	1.101	56.613	43.44	41.445	49.399	13.511	1.441	1.397	1.033	56.65	44.467	44.235	50.355	12.798	1.159	2.685	1.24	1.066	2.393	1.557	3.058	6.45	10.255	1.399	0.885	1.185	1.582	2.101	4.85	9.808	1.227	1.378	1.665	1.114	1.577	3.874	6.634
41.17427	1.433	55.267	40.479	40.128	48.018	12.81	1.587	3.362	1.129	56.58	43.132	41.678	49.382	14.341	1.239	1.415	1.061	56.615	44.443	44.296	49.767	12.457	1.409	2.738	1.519	1.313	2.3	1.718	2.822	6.534	10.289	1.418	1.018	1.347	1.545	2.121	4.534	9.635	1.333	1.575	1.541	1.306	1.682	3.724	7.114
41.34097	1.589	55.299	40.657	40.441	47.856	13.282	1.613	3.47	1.091	56.841	43.522	41.757	49.474	13.78	1.519	1.486	1.137	56.626	44.807	44.464	49.634	12.927	1.328	2.821	1.209	1.21	2.307	1.504	2.859	6.327	10.207	1.373	1.144	1.387	1.669	2.245	5.013	9.513	1.199	1.258	1.496	1.028	1.521	3.702	7.113
41.50773	1.394	55.142	40.697	40.225	47.926	12.776	1.388	3.331	1.239	56.402	44.018	41.741	49.459	13.729	1.439	1.376	1.028	56.983	44.734	44.504	49.363	13.161	1.275	2.57	1.384	1.214	2.254	1.593	3.034	6.902	10.327	1.491	0.977	1.191	1.559	2.249	4.876	9.319	1.232	1.433	1.813	1.032	1.439	3.706	6.947
41.67429	1.411	55.212	41.01	40.228	47.538	13.374	1.457	3.43	1.181	56.682	43.74	41.746	49.442	13.932	1.465	1.365	1.141	56.891	45.053	44.537	50.655	13.191	1.212	2.794	1.264	1.404	2.332	1.554	2.741	6.758	10.22	1.481	0.91	1.41	1.749	2.069	4.902	9.46	1.223	1.288	1.604	1.451	1.573	3.727	6.914
41.84094	1.422	55.709	40.93	40.263	47.863	12.679	1.465	3.268	1.141	56.759	44.149	42.011	49.341	14.379	1.366	1.319	0.873	56.397	44.948	44.659	49.499	12.867	1.197	2.809	1.334	1.245	2.402	1.622	3.01	6.518	9.67	1.236	0.75	1.336	1.619	2.109	4.861	9.619	1.321	1.816	1.587	1.122	1.727	3.654	6.843
42.00772	1.518	55.241	41.101	40.346	47.454	12.793	1.395	3.51	1.113	56.45	44.199	41.864	49.956	13.748	1.369	1.358	1.016	57.087	45.284	44.626	49.858	13.179	1.459	2.869	1.426	1.453	2.466	1.632	3.074	6.605	9.95	1.417	0.874	1.26	1.827	2.318	4.806	9.25	1.443	1.135	1.596	1.415	1.479	3.775	6.79
42.1744	1.54	55.581	41.141	40.247	47.877	12.342	1.411	3.328	1.204	56.861	43.876	41.853	49.44	14.1	1.485	1.579	1.164	56.926	45.416	44.671	50.196	12.987	1.229	2.785	1.196	1.334	2.149	1.54	3.185	6.295	10.104	1.268	1.153	1.111	1.537	1.913	5.236	9.568	1.98	1.251	1.79	1.155	1.389	4.086	6.904
42.3411	1.415	55.508	41.026	40.477	47.858	13.426	1.423	3.285	1.061	57.256	44.311	42.029	49.908	14.218	1.397	1.54	1.163	57.347	45.451	44.589	49.979	13.445	1.252	2.924	1.218	1.154	2.37	1.557	2.949	6.464	10.51	1.543	1.114	1.359	1.699	2.018	4.864	9.395	2.001	1.676	1.695	0.976	1.608	3.908	7.271
42.50769	1.529	55.793	41.397	40.42	48.743	12.713	1.68	3.428	1.317	57.285	44.825	42.114	49.651	13.647	1.539	1.597	1.163	57.433	45.993	45.017	49.808	13.274	1.223	2.724	1.104	1.239	2.37	1.729	2.949	6.55	10.11	1.857	1.028	1.244	1.727	2.303	4.607	9.766	1.658	1.505	1.609	1.176	1.608	3.851	7.356
42.67444	1.408	55.537	41.688	40.482	48.744	12.929	1.589	3.536	1.164	57.309	44.913	42.175	49.994	14.319	1.329	1.504	1.437	57.515	46.139	45.078	49.866	13.091	1.243	2.8	1.124	1.488	2.219	1.636	2.94	6.71	10.353	1.364	0.936	1.436	1.72	2.267	4.939	9.498	1.251	1.495	1.687	1.31	1.515	3.928	7.176
42.84122	1.308	55.481	41.329	40.776	47.806	13.42	1.551	3.525	1.455	56.93	45.004	42.125	49.654	14.55	1.309	1.404	1.329	56.824	46.088	44.972	50.24	13.694	1.225	2.78	1.192	1.245	2.43	1.736	2.839	6.375	10.44	1.407	0.807	1.279	1.619	2.252	4.405	9.448	1.235	1.417	1.501	1.122	1.556	3.825	6.729
43.0078	1.657	55.907	41.586	40.639	48.341	12.764	1.519	3.554	1.083	56.636	45.076	42.05	50.448	13.987	1.56	1.411	1.1	57.096	46.301	45.067	50.748	13.612	1.269	2.915	1.236	1.083	2.387	1.686	3.108	6.486	10.423	1.386	1.129	1.26	1.714	2.119	5.056	9.417	1.675	2.039	1.624	1.392	1.624	4.01	6.805
43.17447	1.351	55.737	41.517	40.396	48.459	13.357	1.504	3.65	1.164	57.053	45.084	42.175	49.795	14.234	1.472	1.418	1.266	57.001	46.624	45.107	50.209	13.718	1.385	2.885	1.637	1.26	2.333	1.664	3.112	6.824	10.382	1.621	1.021	1.294	1.463	2.096	4.939	9.327	1.165	1.865	1.773	1.281	1.486	3.928	7.033
43.34114	1.329	55.879	41.54	40.705	48.144	13.198	1.338	3.371	1.346	57.028	45.338	42.257	49.737	13.818	1.254	1.483	1.192	57.461	46.421	45.046	50.236	12.932	1.851	2.895	1.304	1.41	2.627	1.814	3.006	6.493	10.367	1.457	1.0	1.387	1.727	2.303	5.035	9.737	1.773	1.59	1.695	1.375	1.523	3.679	6.786
43.50775	1.419	55.754	41.539	40.669	48.311	13.339	1.613	3.555	1.233	57.182	45.286	42.07	49.56	13.95	1.263	1.457	0.937	56.626	46.485	44.862	49.975	13.155	1.186	2.679	1.578	1.21	2.278	1.589	3.229	6.213	10.406	1.459	1.059	1.33	1.811	2.16	4.899	9.143	1.598	1.627	1.667	1.113	1.521	3.787	7.198
43.67455	1.422	55.595	41.557	40.691	48.69	12.992	1.551	3.496	1.398	57.187	45.574	42.553	50.11	14.407	1.452	1.575	1.158	57.081	46.943	44.972	50.895	13.067	1.225	2.951	1.534	1.245	2.402	1.65	3.181	6.689	10.554	1.521	0.921	1.421	1.761	2.195	5.003	9.876	1.321	1.503	2.242	1.122	1.499	3.711	7.356
43.8412	1.319	55.867	41.784	40.916	48.764	13.277	1.623	3.51	1.255	57.418	45.679	42.576	50.298	13.805	1.483	1.358	1.159	56.66	47.134	45.338	50.399	12.951	1.687	2.784	1.34	1.311	2.466	1.803	3.217	6.832	10.49	1.844	0.903	1.345	1.571	2.318	4.721	9.706	1.557	1.705	1.482	1.244	1.736	3.804	6.819
44.00787	1.404	56.065	41.962	40.898	48.959	13.637	1.416	3.647	1.243	56.979	45.67	42.59	50.038	14.313	1.581	1.386	1.089	57.385	47.124	45.323	50.509	13.227	1.21	2.709	1.376	1.427	2.158	1.803	3.022	6.448	10.631	1.589	0.903	1.433	1.773	2.178	4.962	9.721	1.561	2.117	1.854	1.363	1.511	3.724	7.028
44.17453	1.454	55.809	42.366	40.817	48.076	12.713	1.496	3.328	1.033	57.032	45.929	42.366	50.153	14.243	1.485	1.493	1.192	57.467	47.298	45.298	50.567	12.816	1.229	2.899	1.339	1.22	2.406	1.54	3.099	6.523	10.361	1.439	1.067	1.368	1.537	2.113	4.837	9.454	1.268	2.078	1.619	1.041	1.817	3.658	7.246
44.34121	1.387	56.279	42.104	41.123	48.463	13.237	1.403	3.433	1.187	57.411	46.117	42.784	50.282	14.195	1.356	1.568	1.147	56.992	47.458	45.517	50.611	13.055	1.188	2.856	1.411	1.294	2.279	1.728	3.087	7.105	11.024	1.684	1.056	1.214	1.753	2.016	5.078	9.694	1.37	2.148	1.608	1.598	1.577	3.703	7.089
44.50782	1.433	55.952	42.126	40.887	47.881	13.277	1.452	3.595	1.17	57.532	46.192	42.746	50.127	14.175	1.739	1.586	1.016	57.173	47.675	45.309	50.57	13.549	1.374	2.869	1.312	1.453	2.324	1.945	3.473	6.776	10.661	1.559	1.216	1.402	1.656	2.432	4.977	9.848	1.785	1.876	1.682	1.187	1.736	3.633	7.246
44.67448	1.429	55.625	42.228	40.818	48.523	13.214	1.649	3.479	1.193	57.345	46.463	42.734	49.971	14.453	1.563	1.44	1.153	57.299	47.634	45.411	51.069	13.543	1.284	2.864	1.393	1.449	2.376	1.686	3.241	6.856	10.569	1.669	0.956	1.341	1.738	2.257	4.915	9.529	1.24	1.984	1.564	1.097	2.159	3.771	7.412
44.8413	1.622	55.937	42.44	41.261	48.319	13.22	1.38	3.496	1.312	57.871	46.429	42.809	50.11	14.493	1.452	1.575	1.272	57.451	47.912	45.628	51.038	13.152	1.368	2.951	1.277	1.245	2.516	1.65	3.095	6.603	10.782	1.35	1.064	1.279	2.018	2.337	5.26	9.477	1.463	1.816	1.701	1.721	1.67	3.711	6.9
45.00788	1.276	56.236	42.55	41.317	49.213	13.489	1.483	3.63	1.352	57.615	46.893	42.812	49.864	14.224	1.487	1.429	1.226	57.306	48.146	45.743	50.364	13.194	1.256	2.843	1.28	1.5	2.431	1.675	3.21	6.841	10.688	1.518	1.004	1.477	1.703	2.307	4.897	9.4	1.52	1.795	1.527	1.322	1.527	3.769	7.19
45.17466	1.454	55.951	42.68	41.216	49.045	12.627	1.382	3.527	1.289	57.517	47.069	42.907	50.124	14.043	1.514	1.75	1.05	57.553	48.181	45.726	51.052	13.244	1.372	2.871	1.424	1.334	2.434	1.654	3.185	6.951	10.447	1.524	1.267	1.225	1.594	2.255	5.065	9.881	1.382	1.593	1.704	1.354	1.674	3.744	7.332
45.34118	1.312	56.293	42.822	41.501	48.675	13.254	1.496	3.584	1.204	57.944	47.126	43.107	49.867	14.67	1.571	1.408	1.192	57.382	48.352	45.84	50.253	13.073	1.572	3.127	1.538	1.305	2.776	1.711	3.156	6.951	10.618	1.581	0.896	1.425	1.793	2.369	4.923	9.824	1.752	1.935	1.79	1.269	1.56	3.573	7.104
45.5079	1.415	56.507	42.71	41.476	49.0	12.941	1.423	3.628	1.403	57.856	47.364	43.17	50.564	14.332	1.596	1.597	1.22	57.461	48.419	45.731	51.064	13.36	1.309	2.81	1.361	1.582	2.37	1.729	3.548	6.892	10.938	1.457	1.086	1.901	2.041	2.132	5.035	9.766	1.43	1.676	1.809	1.461	1.523	3.936	7.271
45.67462	1.332	56.892	42.939	41.625	48.604	13.64	1.524	3.706	1.328	57.822	47.25	43.186	50.687	14.386	1.341	1.458	1.315	57.56	48.53	46.087	50.67	13.005	1.47	2.923	1.266	1.305	2.499	1.79	3.362	7.243	10.972	1.52	1.606	1.424	1.622	2.197	5.182	10.003	1.728	1.678	1.616	1.247	1.59	3.923	7.182
45.84126	1.415	56.45	42.739	41.561	48.6	13.369	1.338	3.513	1.317	57.97	47.307	43.142	50.707	14.446	1.34	1.483	1.277	57.575	49.018	45.816	50.949	13.103	1.252	2.838	1.361	1.353	2.541	1.757	3.291	6.721	10.567	1.885	0.857	1.387	1.984	2.36	4.892	9.566	1.344	1.704	1.78	1.404	1.837	3.765	7.299
46.00797	1.407	56.391	42.989	41.761	48.391	13.193	1.345	3.583	1.254	57.314	47.496	43.405	50.387	14.624	1.612	1.476	1.527	57.598	49.12	46.049	51.086	13.331	1.457	2.822	1.538	1.494	2.429	1.865	3.521	6.797	10.521	1.509	1.051	1.498	1.782	2.443	4.851	10.358	1.629	1.863	1.862	1.434	1.893	4.139	7.339
46.17458	1.671	56.621	42.73	41.493	48.577	13.522	1.688	3.49	1.386	57.382	47.998	43.411	50.51	14.451	1.584	1.454	1.232	57.533	49.367	46.23	51.267	13.055	1.359	2.941	1.61	1.408	2.393	1.814	3.315	6.706	10.882	1.485	0.999	1.413	1.668	2.529	5.078	10.121	1.455	1.749	1.778	1.142	1.634	3.817	7.659
46.34128	1.497	56.463	43.078	41.818	48.667	13.381	1.527	3.762	1.614	57.971	47.944	43.402	50.89	14.749	1.461	1.879	1.259	57.601	49.426	46.247	50.618	13.116	1.34	2.93	1.335	1.438	2.542	1.782	3.206	6.845	10.958	1.74	1.197	1.414	1.983	2.387	5.157	9.89	1.544	2.084	1.836	1.205	1.779	3.709	7.734
46.50809	1.347	56.607	43.046	41.782	48.531	13.352	1.501	3.733	1.301	57.977	48.322	43.446	50.266	14.313	1.495	1.529	1.203	57.442	49.577	46.121	50.68	13.142	1.238	2.995	1.29	1.484	2.614	1.832	3.364	6.819	10.574	1.617	1.075	1.233	2.029	2.349	5.276	10.177	1.675	1.489	1.626	0.963	1.596	3.923	7.085
46.67473	1.368	56.978	43.182	42.067	48.722	13.404	1.709	3.631	1.38	57.608	47.798	43.31	50.26	14.347	1.482	1.379	1.253	57.608	49.537	46.126	51.645	13.398	1.386	2.864	1.439	1.396	2.502	1.94	3.165	6.981	10.987	1.469	1.04	1.429	1.999	2.231	4.95	9.798	1.331	1.99	1.822	1.593	1.652	3.726	7.696
46.84136	1.504	56.806	43.292	41.809	48.713	13.4	1.487	3.5	1.287	58.127	48.018	43.46	50.34	14.409	1.525	1.487	1.073	57.574	49.899	46.273	51.411	13.34	1.334	3.049	1.416	1.594	2.562	1.762	3.453	6.799	11.028	1.378	1.092	1.398	1.968	2.286	4.938	10.248	1.846	2.092	1.962	1.424	1.794	3.871	7.652
47.00814	1.823	56.964	43.562	42.166	49.215	13.177	1.318	3.589	1.494	58.115	48.519	43.587	50.641	14.674	1.559	1.519	1.222	57.905	49.912	46.315	50.794	13.691	1.51	2.939	1.392	1.541	2.624	1.909	3.371	6.948	10.605	1.64	1.124	1.401	1.8	2.548	5.173	9.737	1.764	1.667	1.822	1.485	1.626	3.445	7.571
47.17476	1.597	57.237	43.842	42.191	49.167	13.545	1.57	3.702	1.287	58.035	48.643	43.444	50.796	14.389	1.663	1.609	1.216	57.82	50.208	46.486	51.293	13.747	1.292	3.013	1.778	1.49	2.49	1.798	3.237	6.854	11.071	1.674	0.985	1.58	1.749	2.439	5.077	10.391	1.543	1.512	1.742	1.294	1.978	3.972	7.702
47.3414	1.486	56.792	43.653	42.117	48.893	13.379	1.688	3.619	1.379	58.138	48.599	43.63	50.724	14.942	1.611	1.642	1.221	57.75	50.308	46.585	51.968	13.58	1.469	2.932	1.552	1.379	2.466	1.946	3.414	6.773	10.647	1.821	1.219	1.44	2.098	2.415	5.14	9.965	1.489	1.891	1.947	1.298	1.666	4.062	7.304
47.50816	1.741	57.151	43.813	42.162	48.765	13.488	1.743	3.731	1.287	58.121	48.988	43.962	50.336	14.993	1.577	1.552	1.129	58.137	50.524	46.515	51.293	13.574	1.464	2.927	1.461	1.318	2.519	1.798	3.266	6.768	11.157	1.559	1.244	1.436	2.037	2.439	5.278	10.017	1.485	1.397	2.173	1.207	1.834	3.886	7.098
47.67471	1.331	57.036	43.914	42.15	48.991	13.35	1.442	3.576	1.206	58.365	49.359	43.838	50.564	14.86	1.551	1.573	1.336	57.86	50.693	46.591	51.693	13.41	1.376	3.014	1.489	1.428	2.689	1.906	3.55	7.232	10.71	1.495	1.007	1.517	2.061	2.434	4.821	10.137	1.567	1.716	2.196	1.319	1.83	3.854	7.501
47.8415	1.406	56.677	43.504	42.199	48.921	13.304	1.665	3.826	1.448	58.171	49.145	43.914	50.925	14.955	1.535	1.735	1.319	57.782	50.767	46.726	51.593	13.679	1.392	2.769	1.533	1.473	2.676	1.809	3.278	6.784	10.833	1.513	1.082	1.534	1.847	2.537	5.007	10.149	1.584	2.074	1.84	1.22	1.559	4.1	7.832
