	MG1655-1	ADIP1-9_1	ADIP4-8_1	ADIP6-3_1	ADIP8-3_1	kgtP-1	proV-1	ybjL-1	MG1655-2	ADIP1-9_2	ADIP4-8_2	ADIP6-3_2	ADIP8-3_2	kgtP-2	proV-2	ybjL-2	MG1655-3	ADIP1-9_3	ADIP4-8_3	ADIP6-3_3	ADIP8-3_3	kgtP-3	proV-3	ybjL-3	kgtP_proV-1	kgtP_ybjL-1	kgtP_sspA-1	kgtP_proV_ybjL-1	ADIP3-2_4	ADIP4-1_4	ADIP3-2_5	ADIP4-1_5	kgtP_proV-2	kgtP_ybjL-2	kgtP_sspA-2	kgtP_proV_ybjL-2	ADIP3-4_4	ADIP7-2_4	ADIP3-4_5	ADIP7-2_5	kgtP_proV-3	kgtP_ybjL-3	kgtP_sspA-3	kgtP_proV_ybjL-3	ADIP3-8_4	ADIP7-5_4	ADIP3-8_5	ADIP7-5_5
0.00508	0.0	0.353	0.0	0.071	0.076	0.015	0.0	0.0	0.034	0.428	0.212	0.111	0.093	0.064	0.003	0.0	0.0	0.599	0.153	0.164	0.028	0.05	0.044	0.0	0.07	0.0	0.631	0.115	0.326	0.021	0.543	0.0	0.068	0.0	0.707	0.057	0.287	0.0	0.234	0.019	0.0	0.0	0.512	0.0	0.616	0.089	0.297	0.0
0.17161	0.206	0.122	0.002	0.0	0.0	0.0	0.077	0.123	0.0	0.138	0.0	0.0	0.0	0.0	0.0	0.136	0.068	0.329	0.001	0.0	0.0	0.0	0.044	0.088	0.0	0.069	0.358	0.0	0.239	0.0	0.305	0.156	0.0	0.01	0.399	0.0	0.193	0.163	0.217	0.186	0.259	0.227	0.558	0.193	0.56	0.137	0.273	0.06
0.33827	0.305	0.059	0.09	0.195	0.123	0.242	0.095	0.36	0.182	0.0	0.128	0.287	0.17	0.19	0.061	0.299	0.215	0.137	0.0	0.11	0.183	0.114	0.0	0.206	0.231	0.137	0.104	0.179	0.086	0.072	0.124	0.342	0.188	0.102	0.132	0.166	0.028	0.247	0.0	0.104	0.43	0.369	0.134	0.191	0.17	0.04	0.0	0.169
0.50498	0.415	0.001	0.189	0.269	0.283	0.337	0.068	0.45	0.269	0.055	0.241	0.321	0.353	0.257	0.185	0.419	0.321	0.136	0.034	0.231	0.166	0.293	0.151	0.389	0.289	0.137	0.038	0.211	0.017	0.261	0.0	0.329	0.202	0.152	0.0	0.29	0.0	0.233	0.053	0.0	0.586	0.389	0.0	0.384	0.073	0.0	0.075	0.316
0.67167	0.585	0.0	0.186	0.458	0.371	0.412	0.152	0.711	0.362	0.114	0.197	0.469	0.409	0.413	0.181	0.575	0.433	0.0	0.044	0.412	0.395	0.372	0.307	0.69	0.379	0.215	0.0	0.355	0.0	0.458	0.093	0.559	0.327	0.147	0.056	0.338	0.003	0.415	0.138	0.006	0.614	0.356	0.111	0.34	0.0	0.155	0.076	0.306
0.83839	0.595	0.195	0.243	0.49	0.406	0.357	0.241	0.682	0.484	0.231	0.317	0.536	0.496	0.523	0.209	0.74	0.385	0.185	0.165	0.429	0.436	0.484	0.435	0.588	0.416	0.255	0.178	0.393	0.057	0.413	0.297	0.537	0.424	0.211	0.107	0.384	0.117	0.414	0.254	0.123	0.646	0.539	0.145	0.871	0.055	0.209	0.134	0.377
1.00495	0.558	0.181	0.254	0.504	0.589	0.532	0.257	0.718	0.45	0.249	0.336	0.447	0.538	0.589	0.302	0.751	0.538	0.325	0.185	0.399	0.458	0.553	0.38	0.687	0.435	0.243	0.064	0.413	0.092	0.57	0.319	0.712	0.366	0.171	0.275	0.217	0.188	0.45	0.325	0.196	0.743	0.4	0.133	0.812	0.172	0.356	0.231	0.373
1.1718	0.476	0.291	0.418	0.558	0.452	0.5	0.257	0.768	0.509	0.333	0.339	0.534	0.621	0.613	0.215	0.831	0.455	0.559	0.216	0.545	0.408	0.468	0.305	0.687	0.604	0.267	0.319	0.36	0.109	0.572	0.296	0.676	0.4	0.109	0.232	0.307	0.049	0.445	0.271	0.142	0.659	0.492	0.132	1.345	0.215	0.435	0.229	0.323
1.3384	0.646	0.345	0.387	0.585	0.454	0.524	0.341	0.678	0.43	0.419	0.342	0.65	0.62	0.581	0.238	0.911	0.707	0.516	0.192	0.469	0.385	0.493	0.398	0.771	0.523	0.29	0.242	0.362	0.265	0.519	0.496	0.723	0.462	0.215	0.469	0.399	0.271	0.495	0.411	0.227	0.797	0.529	0.243	1.437	0.287	0.459	0.451	0.329
1.50497	0.69	0.501	0.289	0.627	0.554	0.424	0.385	0.662	0.56	0.547	0.359	0.584	0.72	0.623	0.336	0.813	0.583	0.735	0.265	0.6	0.515	0.535	0.446	0.899	0.484	0.262	0.289	0.379	0.233	0.48	0.515	0.609	0.425	0.242	0.436	0.39	0.259	0.563	0.315	0.271	0.672	0.408	0.287	1.261	0.367	0.557	0.523	0.264
1.67175	0.682	0.49	0.36	0.644	0.432	0.522	0.375	0.786	0.553	0.595	0.351	0.661	0.709	0.721	0.406	0.771	0.516	0.624	0.23	0.541	0.537	0.579	0.443	0.889	0.476	0.413	0.369	0.399	0.435	0.612	0.594	0.614	0.448	0.194	0.55	0.359	0.248	0.689	0.445	0.234	0.829	0.489	0.361	1.117	0.456	0.712	0.597	0.427
1.83835	0.707	0.515	0.44	0.781	0.401	0.46	0.371	0.838	0.522	0.706	0.32	0.687	0.649	0.632	0.402	0.907	0.597	0.737	0.369	0.539	0.535	0.603	0.555	0.717	0.557	0.303	0.367	0.424	0.465	0.468	0.536	0.673	0.418	0.225	0.466	0.386	0.357	0.713	0.499	0.259	0.797	0.46	0.386	1.228	0.486	0.652	0.537	0.397
2.00505	0.676	0.567	0.405	0.777	0.51	0.623	0.452	0.773	0.549	0.704	0.374	0.658	0.644	0.682	0.338	0.844	0.678	0.827	0.481	0.682	0.506	0.682	0.784	0.769	0.527	0.37	0.509	0.393	0.444	0.607	0.762	0.652	0.446	0.178	0.442	0.301	0.297	0.592	0.467	0.227	0.764	0.404	0.353	1.257	0.379	0.73	0.504	0.368
2.17177	0.741	0.547	0.442	0.757	0.547	0.517	0.461	0.781	0.558	0.684	0.383	0.667	0.738	0.718	0.375	0.937	0.658	0.723	0.404	0.634	0.543	0.605	0.509	0.863	0.62	0.211	0.376	0.402	0.596	0.615	0.686	0.577	0.54	0.131	0.48	0.395	0.39	0.77	0.475	0.235	0.829	0.442	0.333	1.266	0.559	0.795	0.569	0.434
2.33847	0.642	0.674	0.368	0.684	0.475	0.756	0.389	0.933	0.545	0.67	0.426	0.654	0.694	0.644	0.471	0.92	0.643	0.8	0.476	0.594	0.501	0.532	0.584	0.762	0.606	0.263	0.478	0.359	0.505	0.658	0.816	0.684	0.443	0.098	0.5	0.327	0.46	0.81	0.575	0.278	0.955	0.459	0.375	1.226	0.524	0.75	0.611	0.251
2.50502	0.653	0.627	0.405	0.751	0.543	0.507	0.514	0.798	0.643	0.711	0.466	0.752	0.875	0.596	0.451	0.929	0.74	0.846	0.603	0.637	0.628	0.598	0.513	0.887	0.561	0.313	0.378	0.313	0.609	0.641	0.688	0.675	0.542	0.289	0.546	0.312	0.557	0.79	0.643	0.403	0.852	0.501	0.414	1.269	0.571	0.817	0.65	0.463
2.67184	0.753	0.641	0.505	0.822	0.472	0.52	0.528	0.782	0.657	0.697	0.452	0.766	0.661	0.609	0.436	0.942	0.611	0.948	0.532	0.652	0.557	0.755	0.529	0.787	0.661	0.302	0.393	0.242	0.569	0.627	0.731	0.663	0.5	0.221	0.648	0.327	0.514	0.774	0.629	0.246	0.865	0.46	0.457	1.284	0.531	0.83	0.664	0.393
2.83844	0.727	0.559	0.566	0.797	0.532	0.554	0.531	0.845	0.659	0.756	0.512	0.654	0.693	0.585	0.412	0.947	0.671	0.833	0.563	0.625	0.445	0.644	0.501	0.847	0.607	0.27	0.509	0.273	0.624	0.63	0.875	0.547	0.473	0.189	0.618	0.443	0.545	0.922	0.546	0.334	0.898	0.432	0.317	1.114	0.557	0.806	0.639	0.252
3.00507	0.61	0.556	0.533	0.851	0.614	0.578	0.385	0.811	0.686	0.725	0.481	0.681	0.804	0.78	0.465	0.942	0.668	0.862	0.532	0.624	0.529	0.697	0.614	0.815	0.804	0.331	0.45	0.413	0.541	0.656	0.817	0.606	0.5	0.221	0.676	0.413	0.485	0.803	0.657	0.274	0.865	0.431	0.428	1.227	0.645	0.83	0.664	0.307
3.17181	0.753	0.756	0.59	0.679	0.443	0.606	0.442	0.782	0.6	0.725	0.623	0.681	0.661	0.609	0.465	0.885	0.668	0.862	0.618	0.624	0.443	0.612	0.843	0.873	0.661	0.216	0.393	0.242	0.569	0.656	0.874	0.577	0.5	0.049	0.476	0.242	0.485	0.803	0.629	0.246	1.123	0.374	0.428	1.227	0.531	0.802	0.693	0.221
3.33848	0.753	0.727	0.619	0.736	0.443	0.606	0.528	0.897	0.6	0.725	0.623	0.509	0.661	0.552	0.465	0.771	0.668	0.919	0.618	0.624	0.443	0.669	0.529	0.815	0.661	0.245	0.393	0.213	0.484	0.627	0.731	0.606	0.5	0.164	0.562	0.299	0.485	0.803	0.543	0.274	0.922	0.345	0.428	1.113	0.588	0.887	0.693	0.278
3.50522	0.787	0.79	0.738	0.712	0.563	0.695	0.59	0.899	0.635	0.76	0.659	0.687	0.751	0.669	0.382	0.888	0.644	0.873	0.654	0.574	0.478	0.616	0.48	0.849	0.61	0.259	0.429	0.247	0.61	0.662	0.739	0.561	0.507	0.005	0.544	0.335	0.462	0.835	0.577	0.28	0.87	0.382	0.376	1.063	0.686	0.834	0.64	0.314
3.67184	0.701	0.618	0.738	0.77	0.505	0.724	0.562	0.813	0.807	0.817	0.773	0.716	0.694	0.669	0.411	0.831	0.788	0.987	0.797	0.488	0.507	0.73	0.509	0.734	0.696	0.202	0.487	0.276	0.61	0.605	0.681	0.647	0.45	0.091	0.515	0.249	0.519	0.749	0.577	0.28	0.87	0.382	0.462	1.177	0.542	0.863	0.726	0.257
3.83858	0.899	0.7	0.734	0.737	0.617	0.633	0.587	0.779	0.805	0.758	0.714	0.657	0.719	0.521	0.521	0.913	0.756	1.017	0.767	0.516	0.448	0.64	0.709	0.702	0.779	0.205	0.457	0.387	0.555	0.717	0.766	0.677	0.477	0.065	0.573	0.219	0.573	0.945	0.603	0.334	0.924	0.352	0.401	1.262	0.602	0.888	0.752	0.197
4.00525	0.701	0.79	0.709	0.684	0.563	0.609	0.562	0.756	0.693	0.817	0.745	0.601	0.58	0.641	0.411	0.745	0.644	0.901	0.625	0.431	0.392	0.501	0.566	0.734	0.581	0.116	0.487	0.333	0.61	0.519	0.825	0.561	0.45	0.005	0.429	0.278	0.433	0.835	0.52	0.308	0.87	0.324	0.404	1.149	0.714	0.92	0.698	0.343
4.17194	0.75	0.81	0.814	0.617	0.697	0.456	0.496	0.717	0.799	0.752	0.851	0.565	0.714	0.659	0.43	0.706	0.722	1.01	0.732	0.538	0.528	0.463	0.674	0.783	0.687	0.198	0.422	0.353	0.52	0.453	0.789	0.556	0.443	0.029	0.481	0.184	0.539	0.911	0.597	0.3	0.889	0.26	0.424	1.199	0.738	0.997	0.718	0.335
4.33854	0.825	0.798	0.831	0.72	0.542	0.672	0.513	0.646	0.731	0.884	0.812	0.553	0.616	0.503	0.503	0.751	0.825	1.174	0.779	0.557	0.431	0.536	0.549	0.627	0.619	0.162	0.354	0.456	0.626	0.613	0.864	0.576	0.489	0.079	0.414	0.317	0.585	1.013	0.528	0.317	0.82	0.249	0.355	1.274	0.673	0.956	0.648	0.267
4.5052	0.827	0.973	0.72	0.695	0.689	0.534	0.487	0.652	0.791	0.858	0.929	0.556	0.677	0.594	0.565	0.727	0.713	1.173	0.723	0.529	0.49	0.455	0.664	0.66	0.679	0.216	0.442	0.43	0.509	0.616	0.694	0.66	0.434	0.134	0.528	0.376	0.53	0.846	0.674	0.32	0.824	0.308	0.387	1.276	0.642	0.989	0.652	0.269
4.67192	0.739	0.97	0.746	0.52	0.686	0.445	0.513	0.821	0.788	0.74	0.868	0.438	0.76	0.505	0.39	0.811	0.653	1.255	0.72	0.44	0.43	0.538	0.661	0.686	0.504	0.126	0.439	0.456	0.592	0.527	0.834	0.571	0.459	0.13	0.439	0.287	0.47	0.929	0.586	0.374	0.821	0.334	0.384	1.187	0.725	1.072	0.649	0.18
4.83869	0.739	0.97	0.746	0.463	0.887	0.531	0.513	0.707	0.816	0.941	1.012	0.524	0.674	0.505	0.505	0.753	0.653	1.227	0.835	0.526	0.487	0.509	0.805	0.686	0.619	0.212	0.496	0.542	0.592	0.527	0.777	0.714	0.431	0.044	0.554	0.344	0.528	0.986	0.7	0.374	0.821	0.334	0.413	1.244	0.725	1.101	0.706	0.237
5.00525	0.65	0.967	0.828	0.659	0.884	0.469	0.51	0.787	0.987	0.795	0.809	0.55	0.555	0.5	0.443	0.777	0.65	1.171	0.833	0.611	0.456	0.476	0.603	0.711	0.53	0.215	0.437	0.54	0.393	0.725	0.804	0.688	0.458	0.047	0.497	0.314	0.496	0.867	0.554	0.314	0.903	0.332	0.41	1.3	0.842	1.183	0.646	0.177
5.17198	0.721	1.068	0.9	0.559	1.042	0.714	0.524	0.631	0.886	0.838	0.851	0.622	0.599	0.573	0.487	0.764	0.664	1.326	0.761	0.538	0.499	0.577	0.616	0.754	0.63	0.284	0.422	0.525	0.606	0.625	0.875	0.47	0.529	0.116	0.481	0.356	0.568	0.854	0.54	0.3	0.889	0.346	0.395	1.285	0.796	1.255	0.718	0.249
5.33868	0.796	1.228	0.832	0.692	1.116	0.531	0.513	0.907	0.988	0.769	0.926	0.639	0.703	0.505	0.505	0.753	0.567	1.399	0.978	0.584	0.516	0.509	0.891	0.6	0.447	0.212	0.41	0.686	0.592	0.585	0.748	0.628	0.373	0.102	0.353	0.258	0.528	0.929	0.672	0.374	0.964	0.305	0.413	1.33	0.811	1.187	0.706	0.323
5.50527	0.747	1.18	1.012	0.757	1.097	0.565	0.55	0.855	0.941	0.778	0.965	0.591	0.739	0.626	0.454	0.73	0.69	1.472	0.932	0.623	0.468	0.544	0.702	0.808	0.627	0.23	0.392	0.637	0.665	0.622	0.73	0.529	0.498	0.147	0.481	0.413	0.507	0.935	0.651	0.354	1.029	0.373	0.363	1.37	0.827	1.367	0.772	0.362
5.67201	0.73	1.364	0.937	0.625	1.223	0.55	0.504	0.782	0.837	0.789	1.033	0.659	0.722	0.667	0.495	0.714	0.644	1.451	0.914	0.691	0.68	0.586	0.54	0.705	0.553	0.208	0.374	0.649	0.53	0.461	0.769	0.48	0.394	0.126	0.462	0.366	0.49	0.948	0.692	0.394	0.754	0.441	0.433	1.294	0.806	1.35	0.726	0.344
5.83865	0.69	1.381	0.954	0.67	1.241	0.479	0.464	0.682	0.941	0.951	1.137	0.677	0.739	0.453	0.54	0.759	0.69	1.615	0.932	0.71	0.698	0.602	0.76	0.693	0.541	0.316	0.536	0.724	0.579	0.564	0.874	0.586	0.383	0.147	0.51	0.384	0.507	0.964	0.537	0.44	0.943	0.431	0.421	1.312	0.769	1.309	0.657	0.362
6.00531	0.644	1.45	1.024	0.797	1.51	0.377	0.619	0.839	0.923	0.847	1.061	0.717	0.779	0.667	0.495	0.829	0.644	1.709	1.028	0.72	0.709	0.471	0.626	0.762	0.639	0.208	0.517	0.62	0.53	0.519	0.798	0.509	0.48	0.126	0.404	0.308	0.461	1.005	0.548	0.48	0.926	0.498	0.433	1.351	0.806	1.522	0.669	0.43
6.17207	0.658	1.522	1.009	0.811	1.525	0.563	0.547	0.737	0.852	0.804	1.163	0.847	0.793	0.623	0.508	0.785	0.6	1.727	1.015	0.793	0.695	0.599	0.699	0.891	0.625	0.255	0.446	0.749	0.662	0.475	0.871	0.439	0.553	0.23	0.593	0.41	0.562	0.932	0.62	0.437	0.912	0.428	0.332	1.395	0.823	1.565	0.683	0.301
6.33876	0.75	1.701	1.101	0.731	1.474	0.482	0.466	0.771	0.829	0.896	1.083	0.939	0.742	0.6	0.514	0.762	0.664	1.935	1.05	0.799	0.701	0.576	0.705	0.696	0.573	0.262	0.395	0.813	0.554	0.539	0.733	0.446	0.501	0.179	0.571	0.473	0.51	0.88	0.654	0.357	0.86	0.434	0.452	1.373	0.772	1.657	0.688	0.393
6.50537	0.644	1.796	1.138	0.854	1.627	0.518	0.647	0.808	0.838	0.79	1.264	0.89	0.894	0.694	0.464	0.741	0.615	2.032	1.145	0.895	0.739	0.555	0.628	0.733	0.668	0.33	0.375	0.851	0.65	0.547	0.828	0.456	0.597	0.19	0.609	0.511	0.518	0.975	0.663	0.423	0.954	0.529	0.346	1.382	0.927	1.925	0.754	0.546
6.67213	0.635	2.046	1.273	0.932	1.56	0.683	0.553	0.886	0.743	0.81	1.169	0.939	0.828	0.6	0.428	0.762	0.434	2.165	1.194	0.971	0.787	0.547	0.446	0.782	0.573	0.406	0.366	0.813	0.582	0.395	0.733	0.503	0.473	0.237	0.513	0.559	0.424	0.967	0.654	0.414	1.032	0.434	0.366	1.402	0.945	2.002	0.775	0.537
6.83866	0.566	2.033	1.463	0.834	1.806	0.586	0.426	0.675	0.76	0.884	1.329	0.956	0.874	0.79	0.618	0.78	0.423	2.409	1.267	0.959	0.862	0.536	0.693	0.713	0.619	0.305	0.383	0.887	0.569	0.527	0.778	0.404	0.576	0.223	0.471	0.461	0.556	1.128	0.614	0.432	0.992	0.421	0.326	1.389	0.931	2.076	0.735	0.525
7.00544	0.644	2.141	1.34	1.055	2.144	0.605	0.647	0.779	0.867	0.819	1.437	1.034	0.836	0.636	0.436	0.741	0.586	2.377	1.232	1.096	0.883	0.613	0.772	0.733	0.668	0.359	0.404	0.994	0.593	0.576	0.915	0.456	0.654	0.161	0.523	0.511	0.49	1.147	0.721	0.596	1.127	0.529	0.432	1.468	0.927	2.27	0.869	0.489
7.17209	0.555	2.253	1.48	1.053	2.17	0.66	0.616	0.892	0.835	0.787	1.52	1.146	1.064	0.691	0.606	0.767	0.784	2.719	1.372	0.978	0.966	0.61	0.654	0.788	0.751	0.327	0.401	1.02	0.503	0.544	0.912	0.51	0.651	0.158	0.491	0.594	0.429	1.202	0.545	0.449	1.095	0.555	0.458	1.465	1.096	2.44	0.694	0.658
7.33873	0.747	2.445	1.5	1.274	2.132	0.565	0.464	0.855	0.855	0.807	1.683	1.137	1.084	0.769	0.454	0.874	0.488	2.679	1.478	1.083	0.957	0.659	0.558	0.894	0.714	0.345	0.536	0.982	0.493	0.536	0.874	0.5	0.556	0.348	0.424	0.47	0.421	1.136	0.623	0.526	0.943	0.546	0.421	1.485	0.999	2.517	0.657	0.707
7.50536	0.736	2.605	1.575	1.205	2.32	0.727	0.682	0.787	0.843	0.853	1.671	1.211	1.072	0.615	0.587	0.777	0.506	3.009	1.465	1.214	1.06	0.648	0.689	0.94	0.817	0.417	0.523	1.085	0.565	0.467	0.804	0.429	0.802	0.219	0.583	0.63	0.496	1.212	0.611	0.572	1.018	0.591	0.41	1.559	1.014	2.763	0.732	0.694
7.67211	0.652	2.838	1.635	1.294	2.323	0.73	0.685	0.933	0.846	0.942	1.789	1.272	1.133	0.704	0.532	0.837	0.566	3.041	1.641	1.332	0.976	0.766	0.549	0.771	0.791	0.42	0.469	1.06	0.655	0.556	0.893	0.519	0.662	0.309	0.558	0.576	0.47	1.301	0.614	0.575	1.078	0.594	0.412	1.562	1.247	2.766	0.821	0.64
7.83877	0.624	2.924	1.894	1.352	2.783	0.558	0.541	0.876	0.904	0.798	1.703	1.358	1.075	0.704	0.503	0.866	0.652	3.271	1.727	1.39	1.206	0.68	0.606	0.972	0.705	0.391	0.354	1.232	0.483	0.47	0.721	0.433	0.662	0.309	0.558	0.547	0.499	1.214	0.7	0.661	0.992	0.709	0.412	1.476	1.333	3.111	0.648	0.784
8.00545	0.664	3.306	1.905	1.363	2.677	0.829	0.582	0.86	0.713	0.867	1.913	1.54	1.115	0.688	0.602	1.022	0.664	3.535	1.88	1.37	1.188	0.721	0.702	0.869	0.774	0.456	0.336	1.242	0.462	0.51	0.932	0.47	0.701	0.23	0.538	0.643	0.453	1.284	0.626	0.644	1.061	0.69	0.395	1.543	1.513	3.292	0.746	0.88
8.17211	0.693	3.598	2.136	1.536	3.084	0.597	0.639	0.944	0.916	0.896	2.06	1.543	1.374	0.686	0.543	0.934	0.779	3.833	2.027	1.575	1.334	0.835	0.734	0.897	0.832	0.521	0.539	1.244	0.582	0.539	0.905	0.446	0.731	0.323	0.571	0.588	0.424	1.283	0.654	0.788	1.176	0.779	0.366	1.459	1.635	3.526	0.746	0.825
8.33881	0.655	3.697	2.326	1.497	2.954	0.821	0.602	0.996	0.791	0.858	2.362	1.502	1.307	0.737	0.393	0.842	0.627	3.925	1.956	1.533	1.264	0.713	0.607	1.004	0.851	0.445	0.499	1.377	0.624	0.415	0.837	0.46	0.749	0.306	0.729	0.691	0.444	1.247	0.76	0.664	1.168	0.681	0.387	1.505	1.502	3.483	0.652	0.928
8.5056	0.549	3.851	2.507	1.621	3.366	0.714	0.438	0.946	0.742	0.781	2.429	1.77	1.431	0.659	0.43	0.907	0.578	4.396	2.224	1.657	1.388	0.721	0.674	0.955	0.888	0.485	0.422	1.501	0.548	0.625	0.932	0.498	0.787	0.374	0.653	0.729	0.539	1.427	0.626	0.644	1.148	0.69	0.338	1.629	1.771	3.923	0.832	0.966
8.67229	0.661	3.991	2.533	1.647	3.448	0.826	0.607	1.03	0.796	0.749	2.656	1.795	1.485	0.829	0.484	0.905	0.575	4.65	2.393	1.654	1.5	0.919	0.785	0.952	0.857	0.538	0.419	1.411	0.545	0.679	1.13	0.495	0.87	0.485	0.477	0.812	0.393	1.367	0.68	0.756	1.173	0.802	0.393	1.769	1.767	4.15	0.657	0.963
8.839	0.827	4.328	2.698	1.813	3.441	0.849	0.659	1.024	0.791	0.829	2.534	1.817	1.336	0.823	0.393	0.756	0.57	4.929	2.415	1.906	1.637	0.799	0.722	1.032	0.937	0.56	0.499	1.491	0.624	0.673	0.923	0.488	0.835	0.449	0.614	0.806	0.473	1.448	0.588	0.807	1.311	0.795	0.387	1.763	2.104	4.315	0.738	1.1
9.00566	0.713	4.414	2.985	2.071	3.757	0.821	0.516	1.197	0.791	0.858	2.907	2.047	1.566	0.995	0.508	1.014	0.57	5.187	2.673	1.992	1.58	0.827	0.492	0.86	0.966	0.56	0.442	1.749	0.624	0.587	0.923	0.402	0.921	0.449	0.557	1.035	0.616	1.505	0.531	0.807	1.254	0.824	0.301	1.82	2.162	4.515	0.824	1.043
9.17225	0.664	4.826	2.995	1.994	3.911	0.829	0.61	1.004	0.886	0.752	3.061	2.143	1.603	0.946	0.43	0.907	0.664	5.515	2.913	2.174	1.647	0.836	0.674	1.041	1.06	0.657	0.422	1.73	0.606	0.51	0.846	0.47	0.959	0.46	0.567	0.902	0.453	1.513	0.683	0.845	1.434	0.805	0.395	1.773	2.345	5.014	0.746	1.282
9.33888	0.647	5.205	3.463	2.148	3.804	0.755	0.507	0.931	0.81	0.734	3.327	2.295	1.729	0.729	0.499	0.977	0.705	5.661	2.978	2.354	1.742	0.962	0.856	1.024	1.043	0.692	0.404	1.74	0.528	0.665	1.028	0.478	0.912	0.553	0.69	0.854	0.436	1.583	0.608	0.913	1.388	0.815	0.321	1.84	2.58	4.82	0.701	1.177
9.50563	0.684	5.494	3.582	2.269	4.036	0.794	0.487	1.055	0.789	0.828	3.56	2.215	1.622	0.882	0.538	0.987	0.628	6.261	3.068	2.502	1.891	0.886	0.69	1.004	1.079	0.667	0.325	1.804	0.59	0.587	0.835	0.54	0.976	0.528	0.581	1.004	0.416	1.734	0.588	0.892	1.368	0.85	0.302	1.817	2.983	5.539	0.795	1.183
9.67225	0.644	5.947	3.832	2.488	4.258	0.924	0.476	1.014	0.721	0.846	3.839	2.492	1.811	0.841	0.468	1.06	0.616	6.345	3.404	2.523	1.825	0.959	0.48	1.107	1.04	0.689	0.429	2.023	0.582	0.662	0.939	0.389	1.023	0.521	0.63	1.023	0.433	1.58	0.749	0.91	1.3	0.897	0.29	1.894	3.178	5.848	0.784	1.259
9.83884	0.607	6.221	4.022	2.737	4.419	0.802	0.639	1.006	0.941	0.751	3.857	2.654	1.802	0.89	0.46	1.224	0.693	6.732	3.794	2.827	2.044	0.951	0.585	1.184	1.088	0.706	0.478	2.014	0.6	0.596	0.902	0.522	0.985	0.51	0.792	1.042	0.511	1.743	0.597	0.958	1.377	0.888	0.31	1.884	3.395	5.837	0.775	1.279
10.00557	0.65	6.338	4.332	2.9	4.647	0.785	0.625	1.132	0.728	0.881	4.399	2.906	1.876	1.017	0.443	1.007	0.764	7.116	3.993	3.139	1.95	1.079	0.632	1.113	1.162	0.819	0.552	2.148	0.709	0.61	0.948	0.601	1.061	0.506	0.727	1.09	0.553	1.729	0.697	1.175	1.506	1.079	0.41	2.047	3.541	6.295	0.818	1.47
10.17222	0.787	6.892	4.491	3.147	5.089	0.81	0.59	1.014	0.95	0.76	4.383	3.008	1.926	0.841	0.411	1.06	0.558	7.777	4.12	3.296	2.054	1.074	0.709	1.021	1.126	0.803	0.487	2.281	0.696	0.691	0.997	0.532	0.937	0.635	0.773	1.137	0.462	1.666	0.606	1.139	1.328	0.983	0.318	1.98	3.694	6.421	0.726	1.46
10.33896	0.653	7.621	4.817	3.301	5.244	1.019	0.599	1.28	0.874	0.769	4.767	3.362	2.107	0.993	0.476	1.183	0.739	7.763	4.476	3.393	2.236	1.083	1.034	1.116	1.106	0.872	0.439	2.434	0.764	0.585	1.121	0.657	1.09	0.732	0.812	1.233	0.442	1.76	0.7	1.091	1.48	1.165	0.298	2.104	4.193	6.977	0.878	1.728
10.50563	0.647	7.555	5.096	3.409	5.695	0.841	0.593	1.074	0.868	0.906	4.903	3.642	2.216	0.93	0.557	1.063	0.647	8.47	4.755	3.472	2.401	1.077	0.598	1.253	1.215	0.807	0.576	2.514	0.757	0.579	0.914	0.478	1.112	0.696	0.805	1.198	0.522	1.783	0.694	1.142	1.503	1.158	0.321	2.097	4.357	7.227	0.787	1.549
10.67228	0.718	8.207	5.372	3.569	5.8	0.998	0.607	1.259	0.969	0.864	5.381	3.803	2.289	1.029	0.484	1.019	0.833	9.211	5.089	3.805	2.504	1.177	0.871	1.296	1.287	0.911	0.534	2.645	0.717	0.708	1.015	0.581	1.099	0.743	0.822	1.329	0.45	1.711	0.623	1.329	1.518	1.175	0.307	2.171	4.722	7.506	0.829	1.737
10.83903	0.819	8.701	5.87	3.924	5.781	1.07	0.507	1.189	0.982	0.849	5.676	4.072	2.302	1.102	0.557	1.092	0.733	9.272	5.27	4.073	2.659	1.134	0.684	1.282	1.444	0.95	0.576	2.8	0.671	0.665	1.0	0.621	1.17	0.696	0.862	1.37	0.522	1.783	0.752	1.314	1.589	1.216	0.321	2.241	4.672	8.115	0.901	1.807
11.00567	0.796	8.968	5.992	4.103	6.075	1.019	0.685	1.194	1.074	0.855	5.914	4.251	2.451	1.021	0.476	1.155	0.796	9.425	5.622	4.425	2.666	1.169	0.604	1.173	1.393	0.958	0.439	2.893	0.764	0.699	1.035	0.542	1.119	0.732	0.783	1.405	0.442	1.961	0.672	1.32	1.652	1.337	0.384	2.247	5.111	8.468	0.878	1.871
11.1724	0.741	9.862	6.541	4.652	6.538	0.993	0.573	1.254	1.049	0.772	6.348	4.369	2.54	1.225	0.479	1.186	0.799	10.119	6.142	4.859	2.841	1.401	0.722	1.262	1.453	0.99	0.442	3.068	0.796	0.702	1.124	0.718	1.265	0.822	0.901	1.494	0.444	1.935	0.617	1.409	1.684	1.254	0.387	2.337	5.832	8.472	1.053	1.989
11.33901	0.73	9.499	6.868	4.551	6.436	1.096	0.59	1.329	1.065	0.76	6.503	4.698	2.614	1.07	0.497	1.146	0.788	10.699	6.412	4.929	2.828	1.475	0.709	1.25	1.555	0.975	0.429	3.112	0.782	0.691	1.197	0.561	1.281	0.865	0.945	1.653	0.462	1.924	0.577	1.512	1.844	1.241	0.29	2.323	5.9	9.057	0.87	1.976
11.50571	0.801	9.819	7.106	4.963	6.902	1.083	0.633	1.258	1.193	0.831	7.083	5.194	2.769	1.2	0.483	1.219	0.888	11.016	6.62	5.195	2.925	1.232	0.837	1.35	1.454	1.043	0.5	3.123	0.736	0.819	1.096	0.544	1.408	0.932	0.842	1.551	0.505	1.909	0.591	1.496	1.743	1.397	0.362	2.422	6.536	9.836	0.941	2.074
11.67243	0.905	11.022	7.704	5.185	7.128	1.185	0.679	1.246	1.039	0.849	7.281	5.218	2.875	1.36	0.614	1.264	0.876	11.708	7.018	5.449	3.06	1.421	0.798	1.368	1.53	1.151	0.49	3.373	0.757	0.607	1.172	0.564	1.342	0.782	0.948	1.656	0.522	1.926	0.666	1.572	1.818	1.416	0.379	2.499	6.735	10.322	0.958	2.351
11.83906	0.885	11.238	8.261	5.655	7.341	1.251	0.602	1.34	0.963	0.829	7.925	5.574	2.913	1.311	0.508	1.243	0.799	11.724	7.347	5.862	3.329	1.429	0.951	1.348	1.711	1.133	0.614	3.412	0.853	0.845	1.21	0.804	1.38	1.051	0.987	1.838	0.473	1.964	0.76	1.581	1.856	1.512	0.387	2.537	7.065	10.422	1.053	2.304
12.00572	0.902	11.361	8.587	5.812	7.553	1.268	0.848	1.272	1.036	0.817	8.079	5.959	3.101	1.357	0.554	1.089	0.73	12.791	7.702	6.018	3.315	1.332	0.852	1.422	1.641	1.204	0.515	3.714	0.868	0.776	1.169	0.79	1.539	0.951	1.031	1.624	0.433	2.038	0.663	1.655	1.959	1.671	0.29	2.61	7.647	10.575	0.87	2.348
12.17249	0.827	12.041	9.15	6.343	7.943	1.279	0.659	1.283	1.077	0.772	8.441	6.204	3.286	1.311	0.422	1.358	0.742	13.473	8.694	6.522	3.673	1.515	0.865	1.462	1.654	1.305	0.614	3.756	1.025	0.874	1.439	0.574	1.695	1.051	1.044	1.896	0.559	2.107	0.588	1.753	1.971	1.57	0.301	2.595	7.667	11.454	0.967	2.534
12.33909	1.039	12.411	9.38	6.52	8.489	1.349	0.728	1.381	1.059	0.812	9.158	6.294	3.266	1.437	0.549	1.399	0.725	13.61	8.638	6.868	3.737	1.469	0.961	1.33	1.864	1.197	0.567	3.878	1.033	0.771	1.277	0.64	1.532	1.058	1.139	1.961	0.542	2.118	0.657	1.82	1.953	1.664	0.37	2.832	8.325	11.453	0.978	2.599
12.50586	0.842	13.674	9.89	6.765	9.113	1.351	0.759	1.411	1.179	0.873	9.899	6.569	3.475	1.411	0.521	1.372	0.899	14.364	9.206	7.261	3.863	1.674	0.91	1.391	1.899	1.41	0.629	4.119	0.986	0.889	1.311	0.677	1.711	1.098	1.061	1.999	0.545	2.122	0.631	1.798	2.014	1.672	0.315	2.382	8.725	12.254	0.981	2.723
12.67241	1.065	13.837	10.149	7.203	8.8	1.432	0.839	1.521	1.199	0.895	10.07	7.235	3.434	1.434	0.575	1.539	1.037	14.778	9.864	7.322	4.163	1.667	0.843	1.499	1.861	1.394	0.649	4.39	1.029	0.911	1.417	0.866	1.758	1.226	1.049	2.158	0.453	2.115	0.568	1.989	2.121	1.804	0.281	2.399	9.093	12.279	1.033	2.596
12.83914	1.083	13.899	10.636	7.687	9.659	1.535	0.685	1.481	1.218	0.826	10.758	7.29	3.856	1.48	0.591	1.413	0.968	15.445	10.008	7.922	4.271	1.742	1.063	1.546	1.966	1.56	0.668	4.24	1.108	0.871	1.522	0.829	1.778	1.22	1.213	2.236	0.614	2.219	0.7	2.094	2.226	1.853	0.47	2.62	9.697	13.227	1.165	2.874
13.0058	0.973	15.171	11.399	7.51	9.191	1.512	0.547	1.545	1.136	0.831	11.061	7.57	4.029	1.514	0.541	1.476	0.859	15.91	10.627	7.914	4.384	1.747	1.037	1.493	2.198	1.558	0.672	4.726	1.223	0.905	1.496	0.716	1.838	1.219	1.272	2.409	0.533	2.195	0.677	2.097	2.316	1.969	0.362	2.679	10.485	13.47	1.142	2.875
13.17244	1.145	15.228	11.914	7.853	10.165	1.712	0.662	1.602	1.222	0.746	11.577	8.285	4.143	1.629	0.569	1.591	1.117	16.94	10.97	8.773	4.47	1.804	0.751	1.665	2.198	1.615	0.586	4.926	1.223	0.991	1.582	0.801	2.009	1.362	1.186	2.581	0.591	2.367	0.591	2.154	2.401	1.998	0.39	2.822	10.857	13.642	1.199	3.018
13.33912	1.013	16.565	12.169	7.914	10.193	1.581	0.931	1.7	1.289	0.871	12.231	8.63	4.037	1.669	0.525	1.602	1.214	17.186	11.54	8.802	4.676	1.815	0.76	1.561	2.179	1.678	0.568	4.989	1.259	0.973	1.677	0.781	2.018	1.282	1.194	2.474	0.431	2.349	0.746	2.164	2.526	2.178	0.259	2.888	11.31	15.01	1.181	3.111
13.50586	1.19	17.121	13.066	8.78	10.746	1.615	0.822	1.791	1.267	0.877	12.814	8.525	4.53	1.846	0.558	1.608	1.191	17.686	11.922	9.126	4.856	1.878	1.024	1.767	2.357	1.771	0.631	5.512	1.266	0.979	1.741	0.931	2.11	1.518	1.344	2.796	0.494	2.412	0.723	2.342	2.475	2.299	0.293	3.152	12.15	15.451	1.301	3.204
13.6726	1.213	17.508	13.684	9.085	11.022	1.666	0.702	1.871	1.289	0.871	12.774	9.344	4.694	1.869	0.553	1.745	1.014	19.101	12.712	9.459	5.334	1.929	0.76	1.847	2.293	1.792	0.739	5.647	1.373	0.973	1.82	1.038	2.247	1.596	1.365	2.817	0.574	2.492	0.803	2.421	2.697	2.349	0.374	3.231	12.253	15.725	1.296	3.511
13.83918	1.366	18.298	13.994	9.544	11.049	1.735	0.713	1.854	1.271	0.882	13.198	9.887	4.53	1.852	0.651	1.757	1.111	19.63	13.25	9.829	5.139	2.14	1.056	2.0	2.502	1.94	0.721	5.737	1.352	1.155	2.001	0.846	2.312	1.574	1.431	2.967	0.414	2.417	0.786	2.487	2.793	2.414	0.271	3.153	12.989	16.004	1.278	3.347
14.00578	1.184	19.109	14.027	9.943	11.565	1.781	0.702	1.986	1.289	0.871	14.346	9.945	4.98	2.041	0.582	1.688	1.214	20.188	13.455	10.231	5.334	2.158	0.76	1.876	2.55	1.964	0.739	5.847	1.545	1.23	2.02	1.01	2.361	1.768	1.594	2.989	0.431	2.521	0.746	2.507	2.726	2.435	0.288	3.317	13.711	16.868	1.353	3.683
14.17259	1.192	19.548	15.187	10.538	11.9	1.903	0.739	1.937	1.239	0.793	14.249	10.681	5.297	1.991	0.534	1.811	1.022	20.251	14.072	10.88	5.592	2.165	0.881	2.026	2.784	2.022	0.689	6.39	1.662	1.067	2.083	0.928	2.48	1.656	1.513	3.135	0.639	2.471	0.697	2.626	2.875	2.668	0.268	3.606	14.068	17.34	1.475	3.743
14.33914	1.421	20.432	15.187	10.881	12.328	1.932	0.682	1.852	1.296	0.908	15.105	10.967	5.211	2.049	0.534	1.811	1.079	20.936	14.5	11.48	6.048	2.394	0.91	1.94	2.87	2.108	0.775	6.761	1.605	1.067	2.426	0.985	2.508	1.912	1.57	3.335	0.497	2.756	0.64	2.74	2.932	2.782	0.325	3.635	14.724	18.31	1.589	4.0
14.50593	1.249	20.918	15.444	11.08	12.671	2.017	0.711	2.194	1.353	0.793	16.19	11.509	5.81	2.134	0.791	2.096	1.079	22.077	15.413	12.193	6.048	2.422	1.224	2.169	2.956	2.279	0.689	6.846	1.919	1.209	2.426	1.071	2.651	1.941	1.598	3.335	0.639	2.728	0.811	2.655	3.189	3.039	0.325	3.892	14.981	18.881	1.503	4.0
14.67249	1.39	21.353	16.04	11.954	13.148	2.072	0.851	2.077	1.495	1.02	15.702	12.099	5.874	2.304	0.587	2.008	1.22	22.661	15.411	12.614	6.571	2.536	0.824	2.282	3.072	2.515	0.974	7.342	1.981	1.351	2.656	1.217	2.768	2.119	1.773	3.882	0.522	2.698	0.837	2.999	3.19	2.899	0.351	4.181	15.753	19.368	1.673	4.062
14.83925	1.352	21.973	16.134	12.515	13.476	2.091	0.728	2.382	1.54	0.867	15.794	12.372	6.08	2.179	0.638	1.999	1.267	23.615	15.503	13.027	6.545	2.581	0.811	2.156	3.17	2.377	0.705	7.714	2.075	1.226	2.697	1.085	2.837	2.011	1.756	3.862	0.628	2.83	0.686	3.041	3.262	3.281	0.229	4.105	15.897	19.939	1.634	4.156
15.00589	1.44	22.523	16.311	13.205	13.795	2.094	0.816	2.214	1.515	0.785	16.057	13.062	6.284	2.525	0.697	2.173	1.27	24.707	16.108	13.831	7.063	2.641	0.729	2.33	3.43	2.638	0.851	7.889	2.107	1.457	2.957	1.089	3.04	2.329	1.902	4.008	0.488	3.004	0.717	3.13	3.351	3.256	0.317	4.394	16.845	20.059	1.751	4.274
15.17259	1.44	23.407	16.824	13.091	14.28	2.38	0.702	2.642	1.629	0.842	16.399	13.918	6.369	2.354	0.555	2.088	1.327	25.021	16.394	14.773	6.949	2.727	1.071	2.416	3.602	2.695	0.965	8.46	2.279	1.543	3.186	1.117	3.382	2.5	1.845	4.436	0.574	3.09	0.774	3.244	3.607	3.37	0.346	4.708	17.444	20.887	1.837	4.16
15.33931	1.554	24.205	17.167	13.918	14.451	2.465	0.73	2.442	1.772	0.984	16.171	14.374	6.797	2.553	0.612	2.259	1.441	25.705	16.479	14.773	7.148	2.983	0.872	2.445	3.858	2.809	0.794	8.317	2.421	1.457	3.357	1.117	3.411	2.557	1.987	4.465	0.545	3.061	0.774	3.301	3.778	3.57	0.317	4.737	18.014	21.029	1.922	4.587
15.50601	1.575	24.088	16.724	14.728	15.491	2.572	0.836	2.691	1.794	0.777	16.043	15.043	6.74	2.46	0.745	2.565	1.519	25.565	16.095	15.529	7.521	2.949	0.894	2.552	3.797	2.923	0.958	8.949	2.619	1.393	3.639	1.142	3.493	2.613	2.041	4.663	0.565	3.197	0.737	3.439	3.859	3.796	0.28	5.077	18.492	20.792	2.172	4.614
15.67261	1.585	25.254	18.286	15.402	15.223	2.667	0.816	2.757	1.718	0.928	15.69	15.947	7.295	2.669	0.639	2.46	1.443	26.276	15.742	16.348	7.906	3.13	0.846	2.533	3.922	3.193	0.882	9.82	2.831	1.602	3.65	1.381	3.533	2.683	2.109	4.675	0.659	3.435	0.746	3.679	4.041	3.95	0.288	5.26	18.913	21.127	2.267	4.655
15.83929	1.724	25.418	17.051	15.997	15.503	2.835	0.842	2.869	1.886	0.868	15.941	16.57	7.462	2.752	0.808	2.457	1.44	26.21	16.679	16.941	8.33	3.327	0.9	2.787	4.233	3.36	1.079	10.301	3.055	1.713	4.275	1.32	3.701	2.936	2.191	5.071	0.685	3.375	0.714	3.789	4.066	4.146	0.371	5.685	19.992	21.863	2.379	4.965
16.00605	1.658	25.308	16.947	16.693	15.971	2.74	0.89	2.831	1.791	0.974	16.551	16.808	7.764	2.743	0.571	2.648	1.459	26.442	16.86	17.265	8.574	3.402	1.062	2.835	4.337	3.404	0.898	10.657	3.215	1.847	4.406	1.395	3.775	3.124	2.18	5.488	0.591	3.537	0.791	3.864	4.227	4.106	0.277	5.987	19.912	21.328	2.683	5.039
16.17258	1.652	25.749	17.563	17.223	16.501	3.077	0.97	2.911	1.87	0.996	16.025	16.938	7.813	3.022	0.737	2.784	1.625	27.281	16.818	16.966	8.821	3.396	1.084	2.971	4.558	3.567	1.035	11.39	3.378	1.783	4.599	1.56	4.111	2.944	2.201	5.736	0.642	3.702	0.871	3.914	4.192	4.213	0.414	6.15	21.268	21.942	2.677	5.202
16.3394	1.765	26.251	17.447	16.821	16.843	2.933	0.911	3.31	2.013	0.994	16.251	16.852	8.023	3.222	0.761	2.926	1.709	28.304	16.361	17.225	9.15	3.568	1.199	3.086	4.705	3.691	1.006	11.35	3.672	2.04	4.89	1.478	4.202	3.238	2.463	6.06	0.668	3.788	0.84	4.147	4.537	4.562	0.296	6.559	21.795	22.178	2.877	5.41
16.50597	1.918	26.23	17.41	16.785	17.234	3.4	0.751	3.234	2.08	1.005	16.386	16.786	8.482	3.289	0.831	3.108	1.805	26.85	16.437	16.586	9.35	3.577	1.065	3.266	5.169	3.837	1.13	11.519	3.933	1.85	5.039	1.542	4.55	3.299	2.526	6.206	0.679	3.94	0.794	4.211	4.602	4.624	0.28	6.505	22.262	21.706	3.144	5.357
16.67275	1.937	26.194	17.447	16.821	16.557	3.305	0.854	3.31	2.07	0.937	16.051	16.194	9.081	3.222	0.647	3.069	1.88	26.416	16.447	16.252	9.407	3.912	0.941	3.515	5.22	4.206	0.92	12.666	4.044	1.897	5.491	1.478	4.659	3.467	2.491	6.66	0.611	3.988	0.812	4.461	4.795	4.762	0.353	6.959	22.681	21.034	3.078	5.639
16.83935	2.099	25.841	17.113	16.457	17.224	3.41	0.871	3.586	2.262	0.955	16.002	16.461	9.194	3.499	0.921	3.289	1.813	26.554	16.742	16.576	10.009	4.19	0.932	3.449	5.301	4.232	1.082	13.157	4.384	2.002	5.63	1.585	4.768	3.692	2.742	6.916	0.599	4.18	0.743	4.598	4.988	5.187	0.313	7.643	23.331	21.075	3.355	5.692
17.00595	1.975	25.773	17.153	16.613	17.062	3.457	0.979	3.548	2.137	0.976	16.043	16.357	9.396	3.689	0.716	3.279	1.862	26.507	16.009	16.928	10.035	4.063	1.351	3.781	5.369	4.294	1.073	13.833	4.59	2.021	6.324	1.542	4.893	3.899	2.698	7.034	0.679	4.225	0.737	4.696	5.402	5.11	0.337	7.448	23.148	21.278	3.401	5.871
17.17266	2.271	25.068	16.568	16.428	16.966	3.668	0.928	3.615	2.29	1.184	15.802	16.375	9.881	3.957	0.864	3.489	1.899	26.296	15.74	16.548	10.639	4.276	1.132	3.621	5.816	4.776	1.082	14.073	4.842	2.26	6.632	1.929	5.255	4.122	3.0	7.775	0.685	4.438	0.858	4.684	5.332	5.273	0.284	8.245	24.219	20.76	3.928	5.95
17.33932	2.194	24.306	15.674	16.306	17.729	3.849	0.911	3.939	2.442	1.023	15.422	16.337	10.196	3.737	0.847	3.613	1.995	26.073	15.531	16.595	10.951	4.341	1.256	4.001	6.164	4.721	1.263	15.154	5.159	2.383	6.978	1.821	5.26	4.182	2.977	8.033	0.668	4.732	0.754	4.89	5.624	5.649	0.353	8.332	24.255	21.119	3.993	6.153
17.50608	2.229	23.966	15.861	16.436	17.513	3.826	1.148	4.002	2.305	1.145	14.866	16.437	10.106	3.971	0.971	3.619	2.03	26.156	15.632	16.636	11.287	4.602	1.091	4.063	6.479	5.061	1.155	15.827	5.728	2.446	7.119	1.795	5.86	4.466	2.865	8.458	0.677	4.736	0.734	5.007	5.884	5.877	0.334	8.957	23.368	20.7	4.311	6.067
17.67274	2.258	24.293	15.428	16.834	16.941	3.998	1.088	4.146	2.449	1.172	14.747	16.121	10.578	4.259	0.853	3.82	2.144	25.146	15.229	16.723	11.677	4.806	1.034	4.065	6.744	5.245	1.184	16.282	6.026	2.476	7.874	1.914	5.811	4.763	3.328	8.615	0.845	4.996	0.903	5.184	6.09	5.914	0.302	9.343	24.042	20.161	4.572	6.334
17.83953	2.458	23.566	15.462	16.464	17.456	4.254	1.005	4.402	2.676	1.145	14.637	16.008	10.62	4.171	0.914	3.99	2.202	25.242	15.003	16.722	11.801	4.888	1.233	4.206	6.878	5.404	1.241	16.569	6.442	2.475	8.233	2.138	6.203	4.637	3.208	9.0	0.819	5.136	0.906	5.235	6.283	5.991	0.334	9.786	24.225	20.528	4.797	6.296
18.00606	2.556	23.482	15.571	16.174	17.739	4.353	0.931	4.501	2.575	1.243	14.432	16.462	11.411	4.413	1.096	4.261	2.157	25.161	14.941	16.776	12.451	5.073	1.275	4.505	7.238	5.651	1.311	17.823	6.69	2.574	8.537	2.01	6.334	4.941	3.309	9.706	0.774	5.436	0.832	5.508	6.328	6.408	0.345	10.462	24.573	20.47	5.24	6.598
18.17272	2.344	23.978	15.314	16.433	17.485	4.571	1.002	4.603	2.735	1.258	14.375	16.35	11.608	4.688	1.167	4.363	2.316	24.659	14.571	16.78	12.736	5.178	1.348	4.523	7.374	6.132	1.327	18.972	7.171	2.59	8.99	2.086	6.756	5.106	3.414	9.988	0.874	5.769	0.989	5.785	6.891	6.658	0.302	10.745	24.3	19.874	5.373	6.763
18.33946	2.458	23.452	15.262	16.521	17.713	4.454	1.148	4.659	2.762	1.173	14.609	16.294	12.134	4.799	1.085	4.418	2.373	24.614	14.689	16.494	12.601	5.373	1.348	4.72	7.592	6.26	1.412	18.768	7.442	2.732	9.604	2.081	7.088	5.465	3.608	10.685	0.991	5.821	0.82	5.949	7.197	6.876	0.42	10.985	23.625	20.071	5.825	7.067
18.50616	2.667	24.205	15.398	16.4	17.589	4.776	1.073	4.81	2.856	1.327	14.289	16.514	12.103	4.949	0.983	4.74	2.468	23.88	14.397	16.541	13.138	5.636	1.242	5.154	7.823	6.317	1.45	19.242	7.67	2.712	9.86	2.23	7.119	5.638	3.699	11.253	0.888	6.256	0.888	6.011	7.372	6.936	0.346	11.44	23.976	19.717	6.001	7.069
18.67275	2.81	23.503	14.85	16.197	17.704	5.007	1.099	5.098	3.029	1.497	13.998	16.484	12.463	5.067	1.151	4.686	2.554	24.724	14.421	16.941	13.474	5.727	1.186	4.902	8.377	6.589	1.565	19.131	8.657	2.913	10.533	2.178	7.359	5.736	3.905	11.33	0.857	6.461	0.886	6.304	7.638	7.261	0.342	12.258	23.621	19.434	6.265	7.537
18.83947	2.708	23.951	15.079	16.424	16.901	5.161	1.142	5.194	3.012	1.339	14.226	16.196	12.98	5.449	1.165	4.697	2.538	24.74	13.964	16.966	14.417	6.108	1.341	5.255	8.783	6.936	1.634	18.898	8.831	3.154	10.822	2.245	7.765	6.313	3.886	12.759	1.013	6.442	0.957	6.198	7.903	7.324	0.414	12.888	23.466	19.658	6.588	7.144
19.00616	3.042	23.768	14.913	16.317	17.024	5.439	1.159	5.187	3.147	1.443	14.003	16.319	13.298	5.242	1.096	5.061	2.472	24.99	13.912	16.519	14.509	6.017	1.504	5.477	8.982	7.194	1.425	18.767	9.576	3.26	11.453	2.267	8.02	6.113	3.995	12.764	1.002	7.037	1.06	6.623	8.157	7.637	0.374	13.349	23.172	19.584	7.184	7.256
19.17284	2.907	23.68	14.804	16.698	16.807	5.422	1.192	5.512	3.242	1.448	13.981	16.387	13.185	5.797	1.184	5.1	2.793	25.167	14.004	16.818	14.402	6.317	1.397	5.318	9.176	7.192	1.547	18.754	9.95	3.269	12.055	2.394	8.672	6.394	4.096	13.113	1.121	7.166	1.007	6.926	8.261	7.773	0.462	13.898	22.029	19.943	7.43	7.39
19.33963	2.966	23.305	15.302	16.592	16.156	5.708	1.368	5.855	3.3	1.623	13.534	16.681	14.0	5.796	1.362	5.3	2.767	25.301	13.872	16.538	15.213	6.228	1.37	5.803	9.339	7.152	1.664	17.957	10.25	3.242	12.441	2.421	8.864	6.642	4.322	13.696	1.183	7.592	0.983	7.093	8.427	8.337	0.382	14.653	23.425	19.632	7.625	7.469
19.50617	3.158	23.98	14.449	16.257	16.078	5.673	1.415	5.791	3.35	1.642	13.74	16.174	14.062	6.076	1.293	5.436	3.044	25.065	14.079	16.576	14.848	6.567	1.304	6.113	10.283	7.497	1.798	18.569	10.999	3.52	13.104	2.53	9.093	6.728	4.289	14.676	1.287	7.674	1.029	7.261	8.883	8.108	0.399	14.831	22.185	19.987	8.281	7.754
19.67282	3.175	23.589	14.764	16.487	16.223	5.863	1.23	6.153	3.425	1.715	14.17	16.492	14.979	5.981	1.394	5.655	3.176	25.536	13.764	17.01	15.939	6.845	1.378	5.96	10.079	8.124	1.786	17.914	11.457	3.48	14.135	2.836	9.518	6.924	4.739	15.136	1.244	8.239	1.044	7.541	8.962	8.389	0.384	15.52	21.996	19.963	8.819	8.12
19.83958	3.374	23.892	14.856	16.404	15.51	6.03	1.26	6.206	3.593	1.544	13.431	16.436	15.07	6.233	1.253	6.051	2.945	24.945	13.798	16.723	15.683	7.009	1.463	6.355	10.693	8.249	1.699	17.484	11.892	3.62	14.197	2.601	10.161	7.252	4.702	15.94	1.303	8.373	1.018	7.359	9.351	8.862	0.445	16.61	21.667	19.703	8.921	7.993
20.00616	3.319	23.703	15.079	16.573	15.593	6.322	1.287	6.44	3.626	1.83	13.195	16.205	15.294	6.267	1.365	5.913	3.147	24.39	13.448	16.666	16.254	7.045	1.579	6.218	10.853	8.239	1.815	18.287	12.489	3.623	14.709	2.75	9.891	7.784	4.739	16.627	1.33	8.468	1.044	7.713	9.536	9.134	0.413	17.24	22.139	20.279	9.564	8.034
20.17297	3.319	23.417	14.936	16.487	15.363	6.465	1.43	6.612	3.798	1.887	13.482	16.377	15.294	6.64	1.308	6.171	3.147	25.02	13.391	16.522	16.598	7.017	1.636	6.505	11.655	8.468	1.872	18.0	13.263	3.824	15.626	2.836	10.149	7.784	4.825	17.028	1.474	8.898	1.102	8.172	10.224	9.134	0.413	17.641	21.48	20.193	9.822	8.034
20.33955	3.384	23.629	14.53	16.508	15.614	6.7	1.298	6.961	3.948	2.04	13.248	16.597	15.001	6.473	1.376	6.435	3.241	24.77	13.329	16.828	15.701	7.279	1.702	6.882	11.739	8.609	2.052	17.933	13.599	3.946	16.477	2.87	10.577	7.782	5.144	17.161	1.541	9.33	1.084	7.973	10.31	9.105	0.396	18.061	22.034	19.665	10.395	7.978
20.50627	3.644	23.497	14.752	16.477	15.582	6.792	1.525	7.168	3.894	1.925	13.04	16.424	15.857	6.91	1.517	6.613	3.186	25.303	13.379	16.542	16.617	7.832	1.675	7.119	12.13	9.087	2.083	18.278	14.4	4.15	17.739	3.077	10.91	8.0	5.239	18.511	1.683	9.858	1.139	8.529	10.754	9.493	0.565	18.923	21.847	20.213	10.783	8.278
20.6729	3.559	23.493	14.163	16.428	15.448	6.933	1.558	6.965	3.923	2.072	13.081	16.289	15.723	7.193	1.494	6.84	3.474	24.635	13.334	16.491	16.051	7.827	1.877	7.144	12.489	9.502	1.97	17.853	15.037	4.121	18.316	2.816	11.269	8.675	5.463	19.287	1.63	10.108	1.087	8.665	10.887	9.797	0.399	20.559	22.615	19.987	11.488	8.24
20.83967	3.746	24.174	14.725	16.356	15.92	6.885	1.522	7.376	4.165	2.119	13.044	16.443	15.824	7.345	1.373	6.821	3.376	24.708	13.124	16.557	16.005	8.09	1.665	7.008	12.281	9.579	2.072	17.432	15.159	4.249	18.407	3.113	11.635	8.384	5.497	20.146	1.765	10.453	1.223	9.01	11.001	9.909	0.422	19.474	22.091	19.907	12.17	8.528
21.00621	3.702	23.665	14.736	16.085	15.563	7.448	1.673	7.423	4.324	2.272	13.826	16.375	16.181	7.48	1.723	7.298	3.646	24.778	13.621	16.748	17.053	8.228	1.648	7.63	12.345	9.559	2.285	17.71	16.583	4.207	19.605	3.217	12.128	8.532	5.577	19.487	1.917	10.853	1.287	9.266	11.116	9.826	0.485	19.9	22.042	20.016	12.405	8.813
21.17298	3.882	23.705	14.93	16.135	15.155	7.538	1.797	7.8	4.101	2.396	13.22	16.137	16.031	7.426	1.476	7.217	3.482	24.843	13.3	16.624	17.415	8.459	1.8	7.862	11.942	9.869	2.264	17.471	17.257	4.042	20.078	3.251	12.181	9.016	5.695	19.445	1.955	11.253	1.241	9.295	11.516	9.967	0.525	18.829	22.138	20.033	12.831	8.813
21.33958	4.075	24.266	14.449	16.314	15.276	7.534	1.73	7.853	4.209	2.501	13.54	16.26	16.267	7.823	1.637	7.412	3.503	25.437	13.363	16.376	16.853	7.999	1.705	7.602	12.259	10.332	2.313	18.311	17.557	4.493	20.979	3.074	12.3	9.105	5.806	19.029	2.088	11.74	1.344	9.696	11.746	10.37	0.456	18.468	21.842	19.472	13.693	8.756
21.50646	3.968	24.134	14.845	16.278	15.699	8.024	1.712	8.0	4.473	2.567	13.048	16.223	15.974	8.056	1.619	7.789	3.711	25.015	13.329	16.424	16.929	8.402	1.914	7.862	12.571	10.327	2.436	17.414	18.373	4.7	21.708	3.251	11.838	9.359	6.066	19.502	2.298	12.111	1.412	10.239	11.716	10.425	0.525	18.457	21.995	19.804	14.518	8.899
21.67305	4.139	23.705	15.216	16.306	15.613	8.396	1.654	8.629	4.616	2.653	13.42	16.337	16.488	7.998	1.705	7.789	3.797	25.73	13.672	16.681	16.557	8.488	2.057	8.091	12.8	10.641	2.55	17.814	19.403	4.729	21.908	3.394	12.01	9.33	6.324	19.016	2.384	12.483	1.412	10.239	12.374	10.597	0.468	18.114	22.567	20.719	15.033	8.871
21.83969	4.264	24.215	14.69	16.439	15.545	8.266	1.664	8.585	4.627	2.863	13.408	16.27	16.335	8.469	1.8	8.173	3.75	25.383	13.632	16.7	16.748	8.873	2.01	8.19	12.988	10.859	2.704	17.977	19.539	4.769	23.676	3.52	12.455	9.862	6.309	18.865	2.709	13.013	1.507	10.168	11.617	10.784	0.448	18.706	22.963	20.482	16.052	9.085
22.00631	4.311	23.963	14.787	16.106	15.298	8.024	1.712	8.83	4.559	3.082	13.534	16.023	16.059	8.427	1.82	8.418	3.968	25.558	13.243	16.281	16.529	9.203	1.914	8.435	13.057	11.156	2.636	17.471	20.575	4.7	23.824	3.594	12.61	10.017	6.553	18.816	2.613	13.57	1.498	10.696	12.002	10.768	0.468	18.028	22.653	20.404	16.406	8.985
22.17308	4.601	24.29	14.437	16.332	15.839	8.263	1.739	9.327	4.65	3.027	13.385	16.25	16.085	8.409	1.904	8.485	4.086	25.634	13.523	16.252	16.5	9.158	1.944	8.474	13.278	11.065	2.496	17.3	21.475	5.049	25.099	3.688	12.402	10.009	6.278	18.362	3.015	13.675	1.525	10.484	11.991	10.901	0.465	18.259	22.983	20.208	17.149	8.856
22.33979	4.62	25.218	14.38	16.104	15.381	8.829	1.956	9.205	4.87	3.216	13.47	16.138	15.398	8.86	1.832	8.334	4.017	25.074	13.465	16.513	16.043	9.266	2.105	8.898	13.593	11.525	2.685	17.934	21.169	4.982	25.254	3.794	12.86	10.209	6.731	18.941	3.089	14.218	1.541	10.824	12.102	10.956	0.507	18.091	22.765	20.729	18.27	9.138
22.50645	4.566	24.078	14.701	16.196	15.416	8.374	1.701	9.783	4.931	3.506	13.562	15.972	15.719	8.865	1.864	8.683	4.308	25.341	13.586	16.175	16.193	9.099	2.051	9.161	13.484	11.789	2.746	17.654	23.013	5.215	26.123	3.74	12.608	10.444	6.477	18.661	3.178	14.912	1.802	11.346	11.677	11.134	0.424	18.442	22.257	20.392	18.621	9.2
22.67303	4.623	24.25	14.414	16.139	15.588	8.833	1.873	9.525	5.218	3.678	13.389	16.115	15.719	9.008	2.036	8.855	4.394	26.0	13.844	16.118	16.107	9.529	2.309	9.161	13.426	12.105	2.947	17.596	23.358	5.244	26.008	3.913	12.923	10.789	6.707	18.575	3.379	15.256	1.745	11.891	12.194	11.105	0.51	17.782	22.199	21.224	19.395	9.057
22.83973	4.695	24.764	14.563	15.742	15.478	8.845	1.918	9.307	5.202	4.123	13.654	15.861	15.581	9.249	2.196	9.095	4.294	25.479	13.678	16.322	15.566	9.425	1.923	9.286	13.49	11.736	3.076	17.542	23.812	5.401	27.208	3.954	12.987	10.622	6.631	18.978	3.624	15.778	1.904	11.698	12.058	11.026	0.499	18.071	22.139	20.365	19.942	8.751
23.00645	4.773	24.261	14.352	15.931	15.008	9.409	1.997	9.871	5.252	4.116	13.184	15.906	14.308	9.354	2.076	9.087	4.286	26.322	13.752	16.08	15.64	9.845	2.288	9.706	13.565	12.068	3.069	18.016	24.77	5.536	26.13	3.888	13.004	10.783	6.708	18.219	4.046	16.111	1.984	12.174	12.249	11.159	0.493	17.8	22.983	20.552	20.702	8.77
23.17298	5.239	24.047	15.251	16.086	15.019	9.447	2.405	9.937	4.858	4.352	13.367	15.861	14.95	9.363	2.311	9.841	4.523	26.052	13.563	16.264	14.935	9.683	2.267	10.117	13.805	12.281	3.162	17.198	25.131	5.659	27.15	4.126	12.901	10.938	7.032	18.49	4.197	16.896	2.048	12.3	12.746	11.256	0.585	18.501	22.741	19.935	21.232	8.837
23.33966	4.809	24.592	14.477	16.086	15.019	9.475	2.061	10.224	5.288	4.381	13.367	16.004	14.577	9.449	2.282	9.554	4.552	25.221	13.133	16.064	15.05	9.769	2.353	9.859	14.092	12.252	3.105	17.456	25.475	5.401	26.577	4.212	13.073	11.253	6.889	18.404	4.312	17.04	2.076	12.701	12.603	11.198	0.585	17.842	22.397	20.451	22.149	8.923
23.50651	4.803	24.524	14.856	15.72	14.71	9.675	2.252	10.883	5.427	4.69	13.142	15.898	14.439	9.649	2.214	9.925	4.832	25.329	13.425	16.302	15.89	10.026	2.374	10.031	13.839	12.461	3.27	18.069	25.01	5.854	27.087	4.323	12.791	11.231	7.003	18.503	4.678	17.679	2.239	12.676	12.433	11.058	0.602	17.853	22.732	20.492	22.279	9.296
23.67301	5.06	24.404	14.552	16.103	15.208	9.552	2.284	10.673	5.481	5.262	13.528	15.906	14.681	9.727	2.391	10.261	4.802	25.949	13.466	16.338	14.78	10.161	2.718	10.709	13.995	12.584	3.355	17.729	26.002	5.88	27.105	4.49	13.348	11.27	7.252	17.904	4.906	18.088	2.385	13.063	12.65	11.159	0.636	18.173	22.668	21.354	22.593	9.429
23.83972	5.205	25.122	14.541	16.118	15.31	9.921	2.204	10.898	5.539	5.292	13.231	15.806	14.297	9.695	2.627	10.572	5.005	26.777	13.483	16.208	14.825	10.128	2.665	10.475	14.098	12.627	3.416	17.341	26.284	6.196	27.302	4.375	13.194	11.544	7.306	18.515	5.195	18.988	2.62	13.625	13.043	11.122	0.616	17.784	22.354	20.475	23.285	8.995
24.00652	5.228	24.654	14.461	16.068	15.26	9.777	2.309	10.927	5.964	5.43	13.178	15.843	14.474	9.866	2.388	10.228	5.028	26.456	13.288	16.074	14.774	10.099	2.801	10.532	14.476	12.779	3.524	17.723	26.079	5.991	26.236	4.486	13.256	11.522	7.19	18.527	5.418	18.855	2.668	14.06	12.645	11.097	0.548	17.88	22.831	20.774	23.502	9.081
24.17325	5.415	24.944	14.368	15.834	14.653	9.738	2.494	11.289	5.579	5.99	13.545	15.753	14.239	9.741	2.457	10.648	5.129	26.176	13.311	16.271	14.769	10.633	2.528	11.011	14.528	12.717	3.624	17.806	27.29	5.978	27.015	4.56	13.279	11.632	7.524	18.755	5.864	19.368	2.825	14.083	12.952	11.175	0.559	18.336	22.692	20.572	24.221	8.555
24.33993	5.197	24.537	14.414	15.708	15.445	9.981	2.561	11.591	5.82	6.261	13.303	16.029	14.084	9.812	2.639	11.006	5.083	26.373	13.041	16.261	14.615	10.189	2.711	10.796	14.459	12.736	3.779	17.998	25.71	6.191	26.812	4.659	13.64	11.649	7.625	18.661	6.22	19.818	3.007	14.703	12.194	11.277	0.654	18.27	22.027	20.65	24.56	8.569
24.50647	5.358	24.858	14.598	15.748	15.111	10.254	2.494	12.121	5.665	6.678	13.029	15.953	13.924	9.655	2.629	10.906	5.301	26.147	13.483	16.156	14.683	10.318	2.557	10.982	14.356	12.603	3.71	17.663	25.77	6.265	25.725	4.732	13.967	11.861	7.524	18.211	6.609	20.573	3.112	14.857	12.866	10.946	0.588	18.164	22.606	21.146	23.963	9.1
24.67319	5.565	24.986	14.907	16.06	14.532	10.037	2.437	12.079	5.845	6.802	13.165	15.549	13.887	10.098	2.686	11.323	5.249	26.339	13.16	15.954	14.679	10.303	2.646	11.199	14.235	12.658	4.002	18.037	25.849	6.359	25.541	5.029	13.56	11.685	7.423	18.214	6.818	20.548	3.315	15.255	12.914	10.964	0.671	18.137	23.281	20.519	24.032	8.885
24.83981	5.702	25.288	14.311	16.092	14.681	10.197	2.551	12.035	5.923	7.051	13.287	15.839	13.838	10.085	2.744	11.451	5.473	26.434	13.368	16.242	14.941	10.289	2.786	10.982	14.585	12.631	4.112	18.007	25.254	6.666	25.41	4.818	13.164	11.775	7.467	18.239	7.326	20.429	3.599	15.287	12.952	11.003	0.559	17.849	22.52	20.63	24.192	8.756
25.0065	5.538	25.304	14.294	16.018	14.693	10.378	2.673	11.873	5.816	7.633	13.24	16.052	13.906	10.094	2.722	11.719	5.222	25.82	13.58	16.169	15.154	10.385	2.822	11.193	14.023	12.615	4.119	18.02	25.243	6.76	25.426	4.511	13.606	11.816	7.735	18.654	7.564	21.303	3.692	15.844	12.848	11.014	0.565	18.005	23.281	20.844	24.122	8.622
25.17315	5.962	24.487	14.769	16.125	14.768	10.123	2.716	12.397	6.3	7.949	13.227	15.959	14.266	10.356	2.792	11.582	5.53	25.873	12.935	16.107	14.283	10.332	2.955	11.862	14.011	12.637	4.169	17.732	24.923	6.815	25.849	4.738	13.71	11.807	7.768	18.428	8.224	21.365	3.91	16.067	12.831	10.938	0.631	17.745	23.387	21.021	23.733	8.597
25.33988	5.968	23.353	14.523	15.932	14.521	10.206	2.845	12.647	6.075	8.236	13.585	15.621	14.508	10.237	2.98	11.891	5.595	25.82	13.15	16.083	14.867	10.012	2.908	11.709	14.023	12.557	4.378	18.221	23.952	6.76	25.598	4.913	13.29	11.873	7.792	18.109	8.597	21.389	3.979	16.188	13.106	10.841	0.593	18.091	23.224	20.5	22.544	8.564
25.50651	5.882	24.329	14.58	15.961	14.406	10.206	2.96	12.303	6.017	8.723	13.499	16.052	14.336	10.266	3.123	11.92	5.796	25.504	13.551	16.283	14.466	10.471	3.138	11.938	14.167	12.701	4.55	17.647	24.669	6.703	25.053	4.999	13.463	11.902	8.136	18.31	9.056	21.619	4.581	16.819	12.705	10.956	0.737	18.005	23.023	20.93	22.63	8.564
25.67327	5.853	23.726	14.064	16.104	14.492	10.435	2.931	12.418	6.361	9.154	13.154	15.593	14.422	10.352	3.209	12.149	5.595	25.504	13.236	16.37	14.953	10.213	3.051	12.053	14.023	12.615	4.492	17.647	24.325	6.961	25.053	5.113	13.262	11.701	7.792	18.597	9.801	21.963	4.667	16.791	12.619	10.669	0.651	18.005	22.449	20.643	21.999	8.622
25.83993	5.992	23.686	14.442	15.882	14.354	10.406	3.066	12.62	6.358	9.498	13.446	15.801	13.939	10.553	3.143	12.294	5.905	25.296	13.27	16.293	14.846	10.299	2.93	12.458	13.713	12.393	4.401	17.428	23.801	7.073	24.7	5.369	13.239	11.736	7.763	18.15	10.175	21.345	4.747	17.202	12.794	11.16	0.611	18.131	23.704	20.972	21.87	8.65
26.00653	5.965	23.722	14.421	15.999	14.188	10.255	3.076	13.179	6.386	10.147	12.824	15.802	14.32	10.572	3.183	12.195	5.564	23.919	13.449	16.29	14.39	10.232	3.309	12.814	13.462	12.394	4.461	17.595	23.341	6.641	25.189	5.165	13.073	11.825	8.012	18.514	10.794	21.849	4.895	17.428	12.548	10.57	0.714	17.981	23.159	20.932	21.798	8.355
26.17326	6.095	23.462	14.339	15.892	14.194	10.65	3.027	13.495	6.288	10.718	13.056	16.041	14.095	10.452	3.477	13.054	5.693	25.357	13.339	16.216	14.311	10.399	3.177	12.528	13.437	12.318	4.734	17.437	23.718	6.716	24.934	5.356	13.365	11.719	7.663	18.761	11.366	21.755	5.626	17.671	12.433	10.857	0.774	17.795	22.703	21.238	21.963	8.492
26.33988	6.185	23.986	14.402	16.3	14.084	10.397	3.231	13.156	6.636	11.01	13.004	15.875	14.129	10.4	3.366	13.174	5.783	24.648	13.345	16.223	14.317	10.519	3.353	13.021	13.443	12.381	4.766	17.759	24.244	6.863	25.373	5.389	13.313	11.753	7.84	17.849	11.629	21.503	5.63	17.878	12.697	10.776	0.662	17.888	23.658	21.274	20.822	8.325
26.50657	6.341	24.042	14.609	16.104	14.406	10.091	3.046	13.479	6.878	11.362	13.154	15.765	13.849	10.725	3.467	13.038	5.767	24.959	13.465	16.37	14.208	10.041	3.596	13.258	13.421	12.213	4.75	17.217	24.325	6.76	25.397	5.113	13.118	11.701	7.907	18.482	11.695	21.734	5.93	18.254	12.016	10.784	0.651	17.747	23.626	20.93	20.708	8.478
26.67325	6.615	23.9	14.89	16.071	14.716	10.569	3.432	13.931	6.522	12.158	13.062	15.789	13.699	10.371	3.538	13.174	5.783	24.792	13.488	16.567	14.719	10.433	3.382	12.591	13.357	12.324	4.852	17.788	24.416	7.122	25.459	5.131	13.227	11.552	8.012	18.538	12.577	21.302	6.462	18.395	12.611	10.776	0.691	18.031	23.486	21.36	20.909	8.468
26.84009	6.431	23.992	14.414	16.225	13.953	10.125	3.393	13.829	7.054	12.659	12.873	16.029	13.854	10.271	3.471	13.13	5.857	24.853	13.069	16.204	14.615	10.132	3.543	13.177	13.398	12.133	5.07	17.654	23.157	7.023	24.66	5.405	12.866	11.621	8.055	18.575	13.134	21.109	6.737	18.863	12.165	10.875	0.768	18.04	23.548	21.138	20.801	8.627
27.00671	6.492	23.373	14.437	16.275	14.119	10.498	3.373	13.825	6.77	13.343	13.127	15.906	14.337	10.329	3.795	13.385	6.092	25.004	13.58	16.338	15.009	10.476	3.52	12.83	13.192	12.441	4.903	17.873	24.168	7.026	25.013	5.378	13.09	11.786	7.854	18.534	13.875	20.982	7.228	19.109	12.679	10.672	0.751	18.087	23.327	21.383	20.845	8.197
27.17327	6.419	23.424	14.483	15.92	14.251	10.34	3.498	13.755	6.726	14.133	13.229	16.211	14.01	10.429	3.719	13.372	5.932	25.631	13.311	16.586	14.54	10.175	3.79	13.878	13.467	12.459	5.316	17.376	23.993	7.182	25.152	5.965	13.164	11.689	7.524	18.841	14.666	21.089	7.556	19.215	12.178	10.745	0.731	18.078	23.781	21.375	21.296	8.526
27.33999	6.452	23.612	14.296	16.329	14.006	10.051	3.424	13.858	6.843	14.345	13.214	15.931	13.68	10.368	3.818	13.532	6.224	24.634	13.123	16.675	14.035	10.228	3.826	13.406	13.051	12.208	5.178	17.379	24.256	7.47	25.132	5.563	12.748	11.555	7.978	18.38	15.306	21.199	7.872	19.728	12.426	10.792	0.722	17.993	23.846	21.284	20.946	8.323
27.50661	6.648	23.743	14.53	16.251	13.81	10.25	3.703	13.947	6.868	14.723	13.076	16.139	13.942	10.11	4.039	13.965	5.847	24.884	13.185	16.541	14.155	9.999	3.906	13.41	12.998	12.216	5.316	17.789	23.763	7.525	25.238	5.532	12.552	11.648	7.491	18.049	16.2	21.04	8.299	19.826	12.543	11.138	0.74	17.803	24.067	21.756	21.017	8.408
27.67338	6.664	23.115	15.011	16.074	14.005	10.24	3.487	14.542	6.885	15.549	12.926	16.193	14.079	10.214	3.995	14.187	5.948	25.004	13.351	16.768	14.092	10.189	3.864	13.288	13.02	12.326	5.332	17.644	24.369	7.255	25.557	5.607	12.718	11.7	7.94	18.477	16.282	21.584	8.661	20.14	12.736	10.729	0.808	17.743	23.814	21.096	20.874	8.369
27.83994	6.546	23.222	14.289	16.154	13.942	10.264	3.885	14.193	7.282	16.317	13.092	16.158	13.73	10.324	4.25	14.01	6.088	25.253	13.03	16.675	14.001	10.07	4.004	13.684	12.872	12.32	5.386	17.866	23.816	7.71	25.348	5.546	12.798	11.694	7.763	18.441	17.565	20.832	9.544	20.477	12.415	10.839	0.748	18.596	23.662	21.605	20.953	8.679
28.0067	6.958	24.029	14.445	16.418	13.926	10.095	3.936	14.724	7.033	16.634	13.193	16.076	13.231	10.069	4.188	13.884	6.188	25.103	13.473	16.389	14.125	10.271	4.021	13.585	13.202	12.297	5.513	17.492	24.067	7.546	25.287	5.638	12.726	11.674	7.763	18.262	17.764	20.624	9.859	20.522	12.494	10.916	0.839	17.934	23.915	21.25	20.312	8.338
28.17329	6.718	24.339	14.346	16.441	14.228	10.092	3.914	14.049	7.11	17.205	13.379	16.158	13.73	10.353	4.221	13.351	6.288	25.253	13.116	16.732	13.972	10.07	3.946	14.028	13.015	12.349	5.414	17.694	23.616	7.824	25.033	5.718	12.569	11.579	7.706	18.183	18.167	20.374	10.203	20.563	12.301	10.925	0.834	18.052	23.92	21.691	20.781	8.594
