	MG1655-1	COUM2-4_1	COUM4-2_1	COUM7-6_1	COUM8-6_1	nadR-1	mprA-1	yhjK-1	MG1655-2	COUM2-4_2	COUM4-2_2	COUM7-6_2	COUM8-6_2	nadR-2	mprA-2	yhjK-2	MG1655-3	COUM2-4_3	COUM4-2_3	COUM7-6_3	COUM8-6_3	nadR-3	mprA-3	yhjK-3	ypjA-1	nadR_mprA-1	nadR_yhjK-1	mprA_yhjK-1	ypjA_mprA-1	nadR_mprA_yhjK-1	ypjA_mprA_nadR-1	ypjA_mprA_yhjK-1	ypjA-2	nadR_mprA-2	nadR_yhjK-2	mprA_yhjK-2	ypjA_mprA-2	nadR_mprA_yhjK-2	ypjA_mprA_nadR-2	ypjA_mprA_yhjK-2	ypjA-3	nadR_mprA-3	nadR_yhjK-3	mprA_yhjK-3	ypjA_mprA-3	nadR_mprA_yhjK-3	ypjA_mprA_nadR-3	ypjA_mprA_yhjK-3
0.00483	0.0	0.0	0.0	0.0	0.0	0.0	0.0	0.0	0.0	0.054	0.0	0.053	0.053	0.062	0.0	0.0	0.0	0.0	0.0	0.209	0.0	0.026	0.0	0.0	0.0	0.0	0.0	0.0	0.0	0.0	0.025	0.0	0.0	0.0	0.0	0.0	0.0	0.0	0.0	0.0	0.0	0.003	0.0	0.0	0.057	0.0	0.0	0.0
0.17142	0.796	0.346	0.104	0.185	0.239	0.212	0.264	0.188	0.106	0.0	0.024	0.0	0.0	0.037	0.106	0.29	0.214	0.027	0.028	0.0	0.026	0.0	0.614	0.372	0.163	0.188	0.161	0.054	0.186	0.213	0.0	0.269	2.015	0.083	0.082	0.241	0.055	0.084	0.239	0.191	0.028	0.006	0.239	0.161	1.199	0.134	0.189	0.322
0.33811	0.284	0.311	0.326	0.329	0.305	0.597	0.247	0.339	0.121	0.145	0.085	0.092	0.223	0.0	0.277	0.382	0.125	0.068	0.363	0.044	0.25	0.147	0.678	0.361	0.079	0.502	0.153	0.173	0.229	0.202	0.201	0.344	0.047	0.183	0.338	0.394	0.045	0.186	0.309	0.299	0.018	0.0	0.256	0.179	0.0	0.178	0.317	0.399
0.50468	0.27	0.377	0.223	0.576	0.501	0.472	0.253	0.326	0.158	0.232	0.142	0.313	0.283	0.225	0.339	0.603	0.11	0.239	0.241	0.297	0.285	0.371	0.946	0.533	0.095	0.491	0.38	0.316	0.4	0.481	0.265	0.414	0.06	0.386	0.325	0.302	0.19	0.149	0.401	0.268	0.164	0.015	0.375	0.219	0.229	0.191	0.413	0.285
0.67151	0.424	0.344	0.292	0.701	0.412	0.463	0.618	0.213	0.312	0.356	0.264	0.519	0.461	0.433	0.384	0.568	0.398	0.419	0.287	0.48	0.356	0.417	2.226	0.473	0.307	0.891	0.429	0.361	0.528	0.528	0.392	0.519	0.295	0.544	0.373	0.458	0.292	0.281	0.449	0.43	0.077	0.144	0.449	0.294	0.144	0.48	0.464	0.417
0.83808	0.521	0.468	0.303	0.795	0.452	0.396	0.496	0.229	0.192	0.369	0.221	0.56	0.501	0.341	0.424	0.5	0.36	0.299	0.275	0.524	0.476	0.27	2.048	0.569	0.272	1.072	0.419	0.348	0.544	0.328	0.461	0.403	0.662	0.482	0.497	0.476	0.28	0.569	0.411	0.317	0.065	0.027	0.411	0.256	0.269	0.416	0.429	0.302
1.00488	0.502	0.611	0.252	0.909	0.404	0.59	0.554	0.372	0.306	0.347	0.17	0.485	0.398	0.348	0.51	0.559	0.287	0.333	0.282	0.641	0.482	0.384	2.311	0.441	0.228	0.975	0.347	0.354	0.578	0.551	0.387	0.386	0.158	0.465	0.424	0.539	0.315	0.31	0.526	0.276	0.153	0.306	0.526	0.345	0.116	0.37	0.52	0.475
1.17163	0.784	0.541	0.231	0.783	0.467	0.572	0.534	0.221	0.316	0.301	0.311	0.629	0.514	0.304	0.492	0.54	0.352	0.37	0.4	0.626	0.463	0.366	2.446	0.64	0.187	0.664	0.386	0.417	0.643	0.426	0.505	0.589	0.277	0.478	0.462	0.47	0.488	0.351	0.537	0.482	0.136	0.237	0.401	0.329	0.317	0.489	0.588	0.354
1.33823	0.328	0.683	0.364	0.702	0.577	0.41	0.589	0.199	0.455	0.41	0.281	0.604	0.461	0.309	0.466	0.704	0.384	0.428	0.377	0.688	0.601	0.505	2.493	0.564	0.332	0.51	0.392	0.365	0.675	0.566	0.482	0.462	0.12	0.623	0.604	0.532	0.548	0.496	0.623	0.387	0.168	0.327	0.515	0.281	0.216	0.468	0.57	0.419
1.5048	0.592	0.539	0.381	0.72	0.622	0.618	0.606	0.245	0.31	0.427	0.298	0.786	0.505	0.409	0.484	0.667	0.267	0.446	0.477	0.708	0.591	0.524	2.234	0.718	0.243	0.612	0.411	0.465	0.721	0.503	0.528	0.428	0.575	0.589	0.569	0.633	0.649	0.408	0.697	0.545	0.268	0.238	0.534	0.327	0.481	0.487	0.59	0.521
1.67152	0.649	0.597	0.38	0.885	0.651	0.483	0.551	0.357	0.339	0.455	0.406	0.706	0.588	0.439	0.594	0.559	0.351	0.557	0.452	0.712	0.401	0.362	2.544	0.584	0.302	0.78	0.496	0.357	0.588	0.588	0.558	0.432	0.251	0.621	0.436	0.665	0.462	0.44	0.591	0.579	0.134	0.296	0.563	0.33	0.267	0.354	0.595	0.499
1.83823	0.447	0.695	0.422	0.845	0.694	0.553	0.648	0.346	0.355	0.498	0.393	0.831	0.603	0.373	0.609	0.492	0.449	0.492	0.468	0.811	0.498	0.542	2.47	0.682	0.292	0.715	0.623	0.454	0.686	0.631	0.738	0.641	0.267	0.638	0.589	0.627	0.56	0.376	0.662	0.516	0.15	0.149	0.607	0.428	0.448	0.562	0.694	0.49
2.00498	0.442	0.662	0.335	0.758	0.661	0.602	0.67	0.368	0.35	0.465	0.416	0.743	0.461	0.313	0.577	0.678	0.362	0.404	0.518	0.723	0.575	0.4	2.458	0.622	0.286	0.71	0.426	0.422	0.735	0.434	0.705	0.444	0.262	0.632	0.583	0.621	0.554	0.452	0.82	0.51	0.227	0.307	0.465	0.423	0.633	0.447	0.852	0.511
2.17148	1.071	0.636	0.496	0.784	0.66	0.491	0.723	0.231	0.403	0.573	0.412	0.934	0.65	0.449	0.684	0.594	0.307	0.458	0.736	0.751	0.574	0.426	2.544	0.704	0.315	0.903	0.481	0.475	0.708	0.571	0.595	0.555	0.344	0.661	0.611	0.623	0.637	0.481	0.684	0.487	0.199	0.254	0.547	0.396	0.47	0.584	0.718	0.541
2.33822	0.756	0.704	0.511	0.853	0.674	0.56	0.71	0.272	0.39	0.505	0.346	0.811	0.556	0.518	0.617	0.5	0.375	0.418	0.477	0.764	0.506	0.385	2.569	0.609	0.328	0.642	0.522	0.462	0.749	0.612	0.582	0.623	0.959	0.702	0.597	0.636	0.623	0.467	0.67	0.553	0.268	0.185	0.533	0.382	1.194	0.488	0.703	0.444
2.50489	0.412	0.797	0.575	0.863	0.794	0.598	0.666	0.393	0.319	0.406	0.41	0.767	0.566	0.364	0.709	0.619	0.413	0.456	0.487	0.831	0.571	0.588	2.62	0.619	0.258	0.599	0.615	0.445	0.842	0.568	0.565	0.497	0.259	0.659	0.471	0.565	0.497	0.396	0.708	0.566	0.087	0.251	0.599	0.366	0.385	0.499	0.715	0.374
2.67162	0.349	0.707	0.428	0.936	0.785	0.698	0.683	0.33	0.255	0.506	0.509	0.922	0.638	0.383	0.563	0.637	0.433	0.474	0.506	0.768	0.507	0.414	2.47	0.72	0.415	1.195	0.498	0.573	0.861	0.642	0.612	0.655	0.525	0.597	0.655	0.64	0.599	0.499	0.728	0.588	0.133	0.326	0.508	0.385	0.405	0.491	0.763	0.614
2.83825	0.374	0.758	0.511	0.99	0.756	0.506	0.792	0.436	0.39	0.505	0.51	0.838	0.692	0.381	0.589	0.582	0.321	0.5	0.477	0.819	0.506	0.467	2.597	0.691	0.383	0.642	0.467	0.517	0.749	0.557	0.719	0.568	0.795	0.537	0.542	0.69	0.568	0.631	0.697	0.526	0.076	0.24	0.533	0.355	0.401	0.406	0.731	0.526
3.00492	0.428	0.649	0.508	0.961	0.81	0.805	0.681	0.382	0.335	0.531	0.506	0.865	0.663	0.463	0.643	0.634	0.348	0.444	0.586	0.766	0.586	0.576	2.71	0.581	0.193	0.616	0.468	0.461	0.803	0.557	0.609	0.597	0.275	0.649	0.652	0.555	0.486	0.441	0.78	0.502	0.13	0.35	0.423	0.382	0.348	0.598	0.678	0.529
3.17162	0.595	0.707	0.51	0.881	0.785	0.534	0.601	0.467	0.502	0.451	0.509	0.84	0.748	0.356	0.7	0.692	0.433	0.474	0.671	0.714	0.589	0.442	2.552	0.638	0.278	0.537	0.662	0.491	0.779	0.505	0.612	0.573	0.443	0.652	0.545	0.64	0.599	0.526	0.81	0.506	0.106	0.271	0.508	0.385	0.488	0.573	0.763	0.532
3.33841	1.107	0.616	0.53	0.846	0.695	0.636	0.676	0.376	0.247	0.526	0.584	0.832	0.631	0.348	0.61	0.629	0.397	0.439	0.717	0.76	0.527	0.352	2.48	0.548	0.269	0.611	0.489	0.456	0.771	0.634	0.658	0.564	0.489	0.643	0.564	0.631	0.508	0.435	0.774	0.551	0.18	0.317	0.61	0.404	1.081	0.674	0.672	0.55
3.50495	0.494	0.88	0.517	1.054	0.738	0.651	0.8	0.256	0.4	0.514	0.543	0.766	0.646	0.474	0.626	0.617	0.276	0.482	0.679	0.777	0.514	0.505	2.268	0.646	0.342	0.546	0.479	0.471	0.897	0.568	0.675	0.444	0.396	0.523	0.499	0.594	0.58	1.358	0.791	0.515	0.141	0.28	0.489	0.393	0.688	0.609	0.69	0.486
3.6717	0.513	0.707	0.675	1.046	0.703	0.534	0.738	0.549	0.392	0.533	0.591	0.785	0.721	0.356	0.618	0.61	0.35	0.447	0.753	0.796	0.589	0.524	2.552	0.72	0.251	0.701	0.58	0.546	0.861	0.669	0.666	0.6	0.306	0.597	0.655	0.749	0.763	0.444	0.782	0.478	0.215	0.326	0.645	0.467	0.351	0.601	0.681	0.477
3.83834	0.57	0.764	0.598	0.94	0.598	0.62	0.797	0.305	0.478	0.593	0.651	0.926	0.698	0.441	0.677	0.696	0.545	0.587	0.81	0.825	0.593	0.418	2.581	0.641	0.389	0.593	0.637	0.467	0.781	0.563	0.642	0.574	0.335	0.653	0.63	0.724	1.039	0.336	0.949	0.395	0.109	0.245	0.593	0.36	0.462	0.576	0.818	0.614
4.00509	0.54	0.788	0.841	0.856	0.677	0.59	0.658	0.384	0.365	0.508	0.758	0.896	0.531	0.384	0.674	0.53	0.378	0.502	0.807	0.767	0.563	0.497	2.274	0.557	0.304	0.645	0.607	0.383	0.833	0.533	0.557	0.489	0.333	0.704	0.545	0.611	0.571	0.415	0.7	0.529	0.106	0.243	0.618	0.303	0.377	0.627	0.733	0.502
4.17172	0.494	0.633	0.712	0.863	0.767	0.68	0.72	0.475	0.401	0.516	0.765	0.904	0.703	0.474	0.682	0.865	0.386	0.592	0.898	0.748	0.516	0.56	2.347	0.565	0.312	0.654	0.533	0.445	0.869	0.705	0.647	0.634	0.587	0.576	0.526	0.62	0.579	0.834	0.872	0.566	0.169	0.196	0.599	0.311	0.796	0.499	0.715	0.538
4.33827	0.486	0.706	0.705	0.91	0.759	0.508	0.685	0.302	0.448	0.508	0.895	0.923	0.64	0.438	0.674	0.612	0.487	0.53	0.971	0.767	0.509	0.47	2.739	0.693	0.222	0.727	0.47	0.437	0.915	0.533	0.721	0.653	1.126	0.622	0.518	0.639	0.489	0.497	0.755	0.556	0.188	0.297	0.454	0.385	0.486	0.545	0.706	0.502
4.50504	0.56	0.781	0.695	0.874	0.668	0.69	0.73	0.404	0.494	0.581	0.994	0.997	0.713	0.485	0.637	0.629	0.26	0.603	1.128	0.869	0.609	0.406	2.206	0.657	0.269	0.611	0.407	0.538	0.853	0.579	0.74	0.591	0.434	0.67	0.701	0.576	0.673	0.654	0.801	0.551	0.207	0.208	0.61	0.459	0.424	0.592	0.754	0.55
4.67166	0.573	0.795	0.789	1.024	0.791	0.539	0.716	0.418	0.562	0.621	1.034	1.092	0.561	0.306	0.787	0.642	0.411	0.699	1.142	0.856	0.622	0.529	2.646	0.561	0.339	0.872	0.586	0.496	0.894	0.51	0.699	0.606	0.448	0.685	0.578	0.755	0.604	2.013	0.87	0.567	0.193	0.277	0.623	0.473	0.411	0.524	0.769	0.538
4.83842	2.768	0.553	0.879	0.948	0.715	0.573	0.613	0.313	0.403	0.655	1.014	1.207	0.65	0.367	0.63	0.704	0.389	0.622	1.119	0.915	0.437	0.426	2.462	0.622	0.261	0.766	0.645	0.475	0.708	0.625	0.677	0.555	0.289	0.634	0.556	0.568	0.582	0.481	0.875	0.487	0.172	0.309	0.684	0.368	0.388	0.557	0.745	0.514
5.00511	0.661	0.772	0.851	0.921	0.77	0.71	0.805	0.368	0.376	0.682	1.233	1.344	0.623	0.449	0.794	0.594	0.334	0.54	1.311	0.915	0.574	0.399	2.517	0.622	0.343	0.739	0.727	0.448	0.872	0.625	0.677	0.582	0.426	0.579	0.638	0.705	0.637	0.591	0.793	0.541	0.199	0.254	0.602	0.396	0.47	0.474	0.882	0.541
5.17165	1.025	0.808	0.941	0.928	0.723	0.608	0.703	0.568	0.411	0.745	1.268	1.517	0.576	0.402	0.637	0.794	0.397	0.548	1.457	0.924	0.581	0.489	2.616	0.657	0.269	0.528	0.462	0.483	0.798	0.579	0.658	0.564	0.599	0.643	0.647	0.631	0.673	0.435	0.801	0.578	0.125	0.317	0.555	0.404	0.972	0.729	0.727	0.632
5.33843	0.557	0.805	1.048	1.117	0.693	0.633	0.618	0.456	0.546	0.77	1.32	1.76	0.546	0.4	0.717	0.818	0.312	0.628	1.399	1.003	0.497	0.513	2.309	0.627	0.349	0.854	0.541	0.48	0.795	0.549	0.656	0.588	0.377	0.722	0.48	0.793	0.588	0.432	0.881	0.466	0.177	0.424	0.552	0.374	0.805	0.562	0.806	0.465
5.50503	0.576	0.825	1.203	1.136	0.711	0.541	0.828	0.42	0.592	0.925	1.448	1.945	0.591	0.419	0.708	0.727	0.441	0.784	1.638	1.106	0.597	0.532	2.652	0.838	0.424	0.71	0.588	0.499	0.787	0.568	0.62	0.609	0.396	0.606	0.581	0.676	0.607	0.59	0.873	0.488	0.114	0.28	0.571	0.421	0.524	0.664	0.827	0.568
5.67177	1.88	0.896	1.384	1.18	0.618	0.696	0.818	0.382	0.417	1.079	1.684	2.098	0.636	0.38	0.615	0.607	0.485	0.882	1.846	1.204	0.614	0.494	2.327	0.718	0.439	0.753	0.495	0.543	0.858	0.557	0.773	0.597	0.577	0.649	0.57	0.829	0.651	0.523	0.944	0.585	0.212	0.268	0.56	0.547	0.485	0.68	0.815	0.611
5.83843	3.203	0.879	1.451	1.192	0.658	0.707	0.802	0.393	0.565	1.172	1.751	2.436	0.621	0.392	0.682	0.674	0.413	0.948	1.965	1.268	0.598	0.478	2.511	0.729	0.34	0.763	0.533	0.445	0.842	0.541	0.647	0.58	0.368	0.795	0.526	0.729	0.661	0.506	0.845	0.484	0.196	0.333	0.599	0.393	0.878	0.554	0.797	0.62
6.00514	0.642	0.945	1.571	1.449	0.805	0.444	0.703	0.568	0.466	1.238	1.953	2.694	0.713	0.485	0.774	0.712	0.397	0.959	2.305	1.527	0.581	0.598	2.452	0.822	0.406	0.665	0.626	0.538	0.88	0.551	0.686	0.564	0.379	0.588	0.619	0.796	0.755	1.722	0.801	0.578	0.289	0.208	0.555	0.377	0.561	0.51	0.809	0.523
6.17177	0.852	0.854	1.782	1.55	0.852	0.601	0.723	0.395	0.376	1.503	2.273	3.041	0.705	0.531	0.684	0.622	0.58	0.978	2.488	1.6	0.491	0.508	2.298	0.731	0.397	1.012	0.618	0.475	0.872	0.708	0.76	0.582	0.289	0.716	0.72	0.814	0.637	1.412	1.012	0.541	0.172	0.254	0.684	0.396	0.47	0.721	0.882	0.459
6.33849	0.639	1.052	2.034	1.72	0.802	0.606	0.728	0.483	0.464	1.536	2.525	3.321	0.738	0.4	0.717	0.736	0.312	1.23	2.713	1.825	0.661	0.596	2.528	0.627	0.321	0.909	0.623	0.48	0.932	0.631	0.765	0.588	0.377	0.585	0.644	0.793	0.642	0.597	0.963	0.548	0.204	0.397	0.607	0.456	0.64	0.644	0.833	0.52
6.50525	0.913	0.805	2.253	1.692	0.775	0.606	0.701	0.483	0.409	1.7	2.635	3.869	0.656	0.4	0.635	0.736	0.559	1.394	2.959	1.934	0.524	0.513	2.611	0.737	0.266	0.772	0.541	0.48	0.85	0.713	0.738	0.725	0.267	0.749	0.644	0.656	0.916	0.432	0.936	0.466	0.122	0.342	0.607	0.401	0.504	0.507	0.751	0.602
6.67178	0.907	1.046	2.493	2.043	0.77	0.683	0.723	0.532	0.403	2.16	3.258	4.218	0.705	0.559	0.602	0.622	0.58	1.608	3.281	2.256	0.519	0.563	2.517	0.731	0.315	0.684	0.536	0.612	0.927	0.735	0.732	0.665	0.426	0.798	0.611	0.65	0.801	0.509	0.957	0.541	0.254	0.391	0.629	0.451	1.072	0.584	0.8	0.596
6.83838	0.584	0.997	2.581	2.048	0.72	0.688	0.728	0.401	0.381	2.412	3.511	4.799	0.738	0.455	0.717	0.682	0.476	1.778	3.726	2.537	0.606	0.65	2.693	0.819	0.431	0.909	0.541	0.562	0.877	0.658	0.847	0.753	0.568	0.832	0.835	0.711	0.642	0.898	1.182	0.548	0.204	0.424	0.607	0.538	0.504	0.562	0.806	0.465
7.00517	0.795	1.099	3.122	2.644	0.793	1.227	0.883	0.42	0.647	2.57	3.888	5.344	0.811	0.501	0.735	0.837	0.441	1.826	4.078	2.724	0.898	0.587	2.57	0.729	0.342	0.847	0.671	0.553	0.979	0.732	0.839	0.664	0.506	0.743	0.718	0.813	0.689	0.508	1.147	0.57	0.196	0.417	0.791	0.503	0.524	0.746	0.854	0.65
7.17188	0.65	1.445	3.385	2.606	0.677	0.618	0.877	0.466	0.557	2.86	4.286	5.873	0.777	0.52	0.811	0.694	0.542	2.17	4.554	3.064	0.591	0.552	2.411	0.611	0.222	0.809	0.716	0.519	0.915	0.615	0.803	0.707	0.497	0.622	0.682	0.639	0.708	0.552	1.165	0.556	0.106	0.489	0.7	0.467	0.404	0.573	0.733	0.529
7.33858	0.776	1.545	3.676	2.815	0.857	0.715	0.783	0.483	0.819	3.343	4.962	6.524	0.875	0.455	0.799	0.736	0.504	2.462	5.068	3.248	0.606	0.65	2.446	0.929	0.321	0.827	0.623	0.535	0.959	0.74	0.847	0.643	0.76	0.667	0.835	0.793	0.752	0.651	1.127	0.493	0.204	0.479	0.607	0.483	0.586	0.562	0.806	0.711
7.5052	0.702	1.471	4.206	3.262	0.783	0.723	0.79	0.546	0.554	3.736	5.3	7.275	0.8	0.463	0.725	0.799	0.485	2.882	5.928	3.889	0.614	0.658	2.628	0.663	0.412	0.835	0.632	0.543	1.023	0.749	0.828	0.679	0.44	0.758	0.707	0.719	0.678	0.496	1.191	0.667	0.103	0.433	0.697	0.492	0.649	0.817	0.733	0.693
7.67194	0.666	1.49	4.47	3.554	0.72	0.715	0.783	0.647	0.546	4.384	5.646	7.866	0.792	0.372	0.69	0.736	0.394	3.147	6.081	4.207	0.524	0.568	2.528	0.792	0.349	0.991	0.651	0.645	1.014	0.795	0.82	0.588	0.377	0.749	0.781	0.793	0.807	0.734	1.346	0.575	0.177	0.424	0.771	0.538	0.64	0.507	0.888	0.547
7.83862	0.893	1.743	5.077	3.833	0.838	0.56	0.792	0.6	0.445	4.798	6.36	8.603	0.884	0.463	0.753	0.691	0.457	3.589	6.847	4.729	0.67	0.55	2.405	0.718	0.301	1.08	0.713	0.517	1.077	0.803	0.91	0.568	0.631	0.702	0.624	0.718	0.705	0.631	1.271	0.553	0.24	0.458	0.752	0.519	0.702	0.625	0.867	0.608
8.00525	0.633	1.84	5.723	4.369	0.797	0.628	0.86	0.56	0.486	5.444	7.418	9.691	1.006	0.531	0.712	0.786	0.471	4.043	7.469	5.267	0.656	0.672	2.599	0.786	0.343	1.094	0.645	0.557	1.091	0.708	0.896	0.637	0.563	0.826	0.72	0.869	0.828	0.591	1.532	0.541	0.172	0.582	0.684	0.697	0.717	0.721	0.8	0.623
8.17182	0.92	2.071	6.608	4.845	0.866	0.615	0.874	0.655	0.554	6.11	7.837	9.997	1.048	0.6	0.753	0.855	0.403	4.601	8.214	5.74	0.643	0.55	2.515	0.8	0.547	1.162	0.713	0.599	1.022	0.776	0.883	0.732	0.576	0.784	0.816	0.8	0.951	1.396	1.654	0.608	0.186	0.486	0.779	0.628	0.647	0.652	0.895	0.608
8.33856	0.734	2.483	6.852	5.418	0.817	0.676	0.909	0.687	0.533	6.736	8.433	10.644	1.218	0.605	0.733	0.78	0.463	5.064	8.808	6.392	0.677	0.61	2.522	0.751	0.387	1.11	0.827	0.578	1.136	0.754	0.943	0.845	0.772	0.869	0.902	0.831	0.874	0.634	1.74	0.664	0.137	0.599	0.757	0.606	0.706	0.548	0.789	0.584
8.50526	0.885	2.745	7.881	5.928	0.858	1.263	0.921	0.647	0.519	7.383	9.41	11.842	1.231	0.509	0.691	0.711	0.531	5.437	9.786	7.068	0.58	0.624	2.661	0.874	0.319	1.207	0.705	0.536	1.26	0.686	0.874	0.723	0.458	0.939	0.889	0.846	1.106	1.031	1.891	0.462	0.177	0.641	0.744	0.702	1.131	0.616	0.858	0.517
8.67195	0.715	2.952	8.707	6.403	1.235	0.74	0.918	0.613	0.514	8.154	9.85	12.738	1.199	0.504	0.823	0.735	0.444	6.456	10.058	7.782	0.74	0.537	2.89	0.841	0.339	1.362	0.752	0.587	1.198	0.844	1.005	0.688	0.452	0.903	0.801	0.838	0.936	0.695	1.965	0.506	0.145	0.688	0.738	0.722	0.768	0.747	0.85	0.645
8.83863	1.217	3.21	9.132	7.263	0.891	0.669	0.928	0.57	0.497	8.689	10.522	13.686	1.374	0.57	0.752	0.854	0.509	6.854	11.414	8.208	0.724	0.684	2.505	0.797	0.433	1.429	0.764	0.597	1.21	0.828	1.016	0.699	0.518	0.86	0.976	0.986	1.002	0.543	2.14	0.682	0.156	0.836	0.831	0.952	1.352	0.621	0.916	0.575
9.00526	0.786	3.79	9.604	7.625	1.088	0.81	0.933	0.63	0.503	9.761	11.159	14.433	1.379	0.52	0.839	0.777	0.515	8.035	11.751	9.199	0.756	0.471	2.626	1.021	0.438	1.544	0.769	0.657	1.379	0.915	1.103	0.705	0.687	0.866	0.954	0.938	1.717	0.931	2.31	0.743	0.161	0.842	0.754	0.821	0.922	0.681	1.004	0.499
9.17194	0.889	4.301	10.687	8.463	1.082	0.641	0.983	0.624	0.443	10.544	11.559	14.968	1.865	0.733	0.752	0.827	0.536	8.463	11.986	10.008	0.669	0.629	2.859	0.797	0.433	1.511	0.764	0.652	1.319	0.991	1.098	0.836	0.463	0.942	0.894	0.932	1.411	0.625	2.358	0.682	0.211	0.863	0.831	0.843	1.107	0.676	0.998	0.575
9.33871	0.796	4.642	11.105	9.156	1.208	0.631	1.082	0.858	0.596	10.853	12.467	15.764	1.69	0.504	0.769	0.898	0.416	8.855	13.057	10.916	0.795	0.592	2.754	1.004	0.421	1.771	0.807	0.669	1.444	0.98	1.25	0.769	0.452	1.094	0.964	1.056	1.345	0.668	2.619	0.67	0.227	0.906	0.82	0.886	0.931	0.665	0.986	0.645
9.50537	1.981	5.256	11.587	9.827	1.082	0.723	1.174	0.679	0.661	11.362	12.786	15.895	1.756	0.597	0.779	0.909	0.536	10.018	13.078	12.054	0.915	0.793	2.614	0.961	0.433	2.111	0.982	0.734	1.401	0.91	1.262	0.699	0.518	1.106	0.976	1.014	1.329	0.707	2.959	0.682	0.238	1.027	0.913	0.952	1.079	0.758	1.026	0.575
9.67206	0.772	6.172	12.637	10.387	1.156	0.634	1.139	0.861	0.599	11.593	13.372	15.742	2.047	0.643	0.717	0.928	0.61	10.277	13.389	12.666	0.743	0.54	2.76	1.007	0.451	2.183	0.891	0.726	1.61	0.847	1.526	0.827	0.619	0.988	1.022	1.387	1.702	0.834	3.085	0.673	0.284	1.073	1.041	1.189	1.07	0.749	1.017	0.566
9.83863	0.845	6.433	12.704	11.6	1.121	0.653	1.213	0.771	0.563	11.688	14.365	16.27	2.202	0.471	0.818	0.811	0.52	11.135	14.354	12.977	0.872	0.504	2.579	0.944	0.497	2.146	0.992	0.718	1.765	0.893	1.435	0.845	1.727	1.006	1.04	1.214	1.557	0.825	3.403	0.663	0.194	1.173	0.95	1.207	1.089	0.823	1.307	0.612
10.00539	0.778	7.271	14.392	12.441	1.325	0.748	1.28	0.867	0.686	12.203	14.391	15.862	2.38	0.649	0.995	1.07	0.615	11.432	14.818	13.958	0.912	0.709	2.69	1.013	0.457	2.162	1.006	0.813	1.725	0.852	1.504	0.942	0.952	1.076	1.109	1.393	1.653	1.031	3.501	0.897	0.372	1.242	0.964	1.304	2.44	0.782	1.159	0.709
10.17207	0.701	7.892	14.541	13.955	1.412	0.782	1.205	0.98	0.501	12.573	15.221	16.008	2.684	0.627	0.892	0.912	0.512	11.475	15.591	14.895	0.945	0.66	2.697	1.018	0.434	2.654	0.983	0.819	1.783	0.994	1.645	0.836	1.391	1.215	1.195	1.396	1.766	0.762	3.883	0.872	0.214	1.381	1.051	1.335	1.679	0.76	1.325	0.63
10.33872	0.693	8.342	14.716	13.612	1.703	0.692	1.333	0.972	0.547	12.694	15.259	16.481	3.246	0.537	0.884	0.959	0.585	11.379	15.9	15.232	0.883	0.679	2.544	1.064	0.425	2.644	1.029	0.784	1.856	1.121	1.799	1.073	0.648	1.233	1.159	1.523	2.274	1.134	4.145	0.808	0.314	1.372	1.015	1.435	1.67	0.887	1.126	0.839
10.50539	0.701	9.689	15.358	14.472	1.875	0.945	1.396	1.008	0.664	13.498	16.119	16.553	3.283	0.654	0.919	0.967	0.593	11.693	17.306	15.739	1.027	0.851	2.888	0.991	0.488	2.872	0.983	0.9	2.083	1.048	1.835	1.0	0.575	1.297	1.25	1.695	2.038	0.898	4.455	0.953	0.186	1.708	1.024	1.689	1.543	0.678	1.298	0.766
10.672	0.843	9.861	15.587	14.891	1.826	0.787	1.564	1.286	0.588	13.89	17.138	16.673	3.698	0.632	0.925	1.054	0.572	12.738	17.754	15.506	1.114	0.856	2.791	1.078	0.494	3.124	1.043	0.906	2.28	1.163	1.923	1.169	0.607	1.33	1.419	1.701	2.262	1.067	4.789	0.905	0.137	1.769	1.111	1.749	1.685	0.82	1.331	0.636
10.8387	0.845	10.82	16.137	15.578	2.074	0.735	1.73	1.152	0.754	14.658	17.907	16.924	4.3	0.58	0.982	1.22	0.738	13.07	18.768	16.302	1.198	0.831	3.151	1.19	0.524	3.154	1.074	1.045	2.419	1.193	2.062	1.091	0.692	1.388	1.422	1.95	2.592	1.098	5.201	0.908	0.194	2.044	1.277	1.943	1.77	0.986	1.389	0.748
11.00557	0.916	10.855	17.395	16.073	2.172	1.378	1.72	1.25	0.798	14.827	18.101	17.473	4.777	0.57	0.998	1.155	0.509	13.512	19.206	15.788	1.297	0.848	2.909	1.178	0.512	3.604	1.116	0.952	2.488	1.345	2.214	1.16	0.653	1.593	1.328	2.019	2.661	1.14	5.35	1.222	0.184	2.168	1.266	2.148	1.866	0.975	1.404	0.818
11.17217	0.82	12.055	17.665	15.392	2.402	0.712	1.733	1.344	0.73	15.317	19.459	17.824	5.277	0.692	1.067	1.142	0.631	14.003	19.528	15.596	1.501	0.807	2.744	1.328	0.389	3.831	1.184	1.048	2.636	1.467	2.307	1.199	2.543	1.578	1.26	2.112	2.727	1.152	5.821	1.097	0.17	2.179	1.279	2.296	2.15	0.825	1.443	0.83
11.3388	1.015	12.11	18.056	15.752	2.707	0.795	2.008	1.294	0.596	15.759	20.263	18.053	5.67	0.722	1.178	1.089	0.58	14.634	20.417	16.068	1.476	0.864	2.59	1.522	0.503	4.197	1.461	1.159	2.861	1.607	2.531	1.396	0.534	1.803	1.455	2.283	2.844	1.349	6.353	1.133	0.282	2.378	1.31	2.412	2.43	0.91	1.586	0.863
11.5054	0.861	11.917	18.593	15.991	3.152	0.97	2.101	1.604	0.743	15.835	20.225	18.235	6.465	0.706	1.243	1.237	0.509	14.683	21.03	16.06	1.596	0.875	2.855	1.424	0.485	4.856	1.307	1.224	2.978	1.671	2.731	1.242	1.007	1.838	1.601	2.373	3.097	1.494	6.602	1.141	0.211	2.685	1.429	2.611	3.146	0.975	1.622	0.981
11.67203	0.758	12.366	18.98	15.593	3.073	0.677	2.215	1.661	0.776	16.47	21.452	18.513	6.843	0.847	1.222	1.351	0.487	15.318	21.574	16.176	1.819	0.908	3.188	1.537	0.543	4.527	1.365	1.338	3.17	1.893	2.951	1.462	0.658	2.003	1.822	2.511	3.207	1.469	6.952	1.414	0.19	2.849	1.515	2.83	2.874	1.034	1.76	0.902
11.83878	0.902	12.735	20.412	15.882	3.599	0.929	2.386	1.833	0.702	16.46	21.771	18.912	7.616	0.937	1.284	1.359	0.74	15.553	22.275	17.01	1.936	0.834	3.206	1.409	0.498	5.517	1.455	1.347	3.425	1.983	3.15	1.716	1.156	1.986	1.885	2.819	3.57	2.022	7.371	1.288	0.252	3.185	1.497	2.949	2.667	0.988	1.769	1.047
12.00559	0.818	13.138	20.27	16.067	4.004	0.872	2.41	2.021	0.7	16.862	23.613	19.232	8.619	0.771	1.554	1.384	0.737	15.819	22.404	16.759	2.205	1.076	2.955	1.624	0.576	5.405	1.67	1.453	3.721	2.035	3.392	1.713	0.582	2.336	2.045	3.197	3.648	1.801	7.857	1.366	0.249	3.291	1.738	3.353	2.99	1.066	2.065	1.071
12.1722	0.818	13.274	21.358	16.203	4.411	0.872	2.655	2.184	0.808	16.862	23.885	19.558	9.244	0.88	1.472	1.493	0.737	16.091	24.144	17.439	2.504	0.94	3.173	1.624	0.549	5.514	1.588	1.67	4.074	2.225	3.718	1.713	0.664	2.472	2.154	3.36	4.274	1.965	8.455	1.529	0.331	3.699	1.602	3.598	3.153	1.202	2.065	1.044
12.33882	1.171	13.709	21.521	16.475	4.847	0.845	2.9	2.102	0.7	17.379	23.804	19.694	9.951	0.771	1.581	1.493	0.574	16.553	24.498	17.521	2.45	0.995	2.928	1.733	0.576	6.058	1.616	1.67	4.074	2.388	3.718	1.876	0.637	2.581	2.154	3.36	4.22	2.101	8.455	1.611	0.304	3.78	1.766	3.598	3.425	1.284	2.174	1.071
12.50549	0.774	14.356	22.146	17.069	5.214	0.937	3.102	2.305	0.738	17.429	24.893	20.182	10.731	0.972	1.673	1.503	0.803	16.658	25.643	17.709	2.87	1.115	3.142	1.826	0.643	6.672	1.791	1.872	4.387	2.455	4.194	1.998	0.675	2.648	2.33	3.646	4.533	2.631	9.098	1.787	0.206	4.039	1.859	4.074	3.602	1.35	2.35	1.084
12.67217	1.084	14.649	22.704	16.898	5.927	0.867	3.112	2.504	0.857	17.53	24.795	19.98	11.301	0.792	1.738	1.868	0.868	16.732	25.135	17.807	3.178	1.017	3.433	1.836	0.38	6.892	1.909	1.964	4.53	2.763	4.337	2.06	0.74	2.955	2.229	4.114	4.865	2.502	9.425	1.849	0.298	4.616	1.896	4.189	3.69	1.496	2.548	1.147
12.83887	0.933	15.163	22.963	17.36	6.441	1.231	3.371	2.712	0.841	17.722	25.142	20.398	12.375	0.722	1.778	1.743	0.743	17.196	25.541	18.494	3.439	1.137	3.572	1.958	0.748	7.604	2.061	2.14	5.151	3.052	4.903	2.241	0.779	3.193	2.573	4.3	5.215	2.739	9.733	2.223	0.363	4.858	2.183	4.566	4.393	1.537	2.84	1.408
13.00553	1.481	15.305	23.651	17.557	7.127	0.797	3.565	2.988	0.898	17.864	26.131	21.004	12.489	1.079	2.026	1.855	0.746	17.393	26.83	18.773	3.906	1.194	3.687	2.125	0.669	7.69	2.146	2.307	5.236	3.164	4.988	2.408	0.755	3.36	2.903	4.413	5.655	2.961	10.31	2.227	0.203	5.108	2.322	4.651	4.697	1.649	2.952	1.357
13.17218	1.028	15.435	24.018	18.012	7.675	0.891	4.037	3.077	0.882	17.937	26.358	20.583	13.549	1.117	2.09	1.975	0.675	17.439	26.456	18.953	4.431	1.123	3.623	2.243	0.57	8.073	2.508	2.534	5.459	3.608	5.321	2.552	0.901	3.747	3.074	4.609	5.878	3.267	10.5	2.614	0.186	5.33	2.331	5.065	4.756	1.686	3.068	1.501
13.33891	3.15	15.917	24.674	18.142	8.58	0.912	4.335	3.403	0.986	18.367	26.746	21.181	13.59	0.894	2.168	2.188	0.67	17.487	27.501	19.25	4.867	1.2	3.672	2.295	0.784	8.326	2.643	2.64	6.007	3.661	5.923	2.769	0.761	3.994	3.264	5.129	6.29	4.304	10.81	2.561	0.344	5.552	2.41	5.177	5.031	1.873	3.205	1.691
13.50559	3.171	16.396	25.069	18.43	9.608	0.906	4.492	3.424	0.844	18.3	27.549	21.386	14.098	1.052	2.271	2.1	0.774	17.938	27.648	19.564	5.487	1.303	3.523	2.507	0.669	9.081	2.691	2.88	6.654	3.873	6.161	3.008	0.837	4.014	3.421	5.231	6.855	3.724	10.692	2.718	0.339	6.362	2.649	5.333	5.324	2.058	3.525	1.657
13.67226	1.015	16.69	25.116	18.56	9.821	0.904	4.871	3.857	0.759	18.703	28.141	21.488	14.229	1.24	2.459	2.506	0.743	17.932	27.531	20.021	5.974	1.382	3.817	2.694	0.748	9.322	2.933	3.285	6.895	4.251	6.239	3.305	0.943	4.447	3.636	5.718	7.342	4.021	11.178	2.905	0.363	6.358	2.728	5.765	6.219	2.137	4.475	1.763
13.8389	0.946	16.878	26.06	19.074	10.589	1.136	5.181	4.003	0.828	18.7	28.21	22.026	14.747	1.144	2.608	2.247	0.675	18.337	27.954	19.96	6.446	1.422	3.868	2.815	0.679	9.38	2.998	3.297	7.066	4.479	6.928	3.396	1.092	4.837	3.728	5.835	7.321	4.765	11.181	3.186	0.214	6.991	2.903	5.855	5.982	2.339	3.831	1.747
14.00556	1.099	16.696	26.705	18.893	11.298	1.261	5.446	4.269	0.926	18.982	28.83	21.577	15.624	1.325	2.625	2.537	0.746	18.347	28.793	20.109	6.823	1.467	4.259	2.943	0.669	10.117	3.1	3.697	7.581	4.882	7.306	3.799	0.918	5.05	3.993	6.049	7.945	4.76	11.128	3.372	0.366	7.234	3.331	6.096	6.087	2.358	4.343	1.902
14.17227	0.933	17.017	26.615	19.841	11.702	1.122	5.852	4.456	0.977	19.03	28.904	22.306	16.082	1.131	3.031	2.697	0.607	18.614	29.439	20.648	8.155	1.6	4.335	3.185	0.748	10.521	3.342	3.721	8.067	5.287	7.492	3.904	1.079	5.373	4.344	6.29	8.077	4.947	11.178	3.532	0.282	7.721	3.327	6.038	6.492	2.627	4.557	2.063
14.33889	1.342	16.908	27.542	19.677	11.975	1.149	5.879	4.947	1.059	19.357	29.476	22.497	16.6	1.513	3.222	2.779	0.662	18.559	29.875	20.838	8.564	1.6	4.199	3.267	0.694	10.521	3.533	4.103	8.367	5.451	8.147	3.986	1.188	5.591	4.453	6.617	8.486	5.165	11.014	3.804	0.445	7.83	3.546	6.174	6.955	2.954	4.775	2.144
14.50565	0.87	17.407	27.764	19.931	12.723	1.114	6.604	5.018	1.051	19.366	29.533	22.912	18.081	1.477	3.267	2.934	0.817	18.758	29.577	21.036	9.396	1.701	4.344	3.448	0.739	10.506	3.768	4.366	8.763	5.685	8.597	4.411	0.934	5.934	4.742	6.768	9.263	5.399	11.163	4.011	0.328	8.334	3.672	6.271	7.488	2.999	5.091	2.38
14.67235	0.936	17.323	28.177	19.684	13.261	1.234	6.81	5.196	1.144	19.636	30.084	23.076	18.324	1.57	3.634	3.109	0.91	18.947	30.647	21.309	9.876	1.876	4.859	3.597	0.778	10.635	4.081	4.379	8.971	6.109	8.614	4.671	0.864	6.277	5.193	6.839	9.309	6.423	11.019	4.299	0.421	8.597	3.794	6.287	7.832	3.367	6.987	2.475
14.83896	0.992	17.568	28.269	20.144	13.379	1.318	7.457	5.517	1.119	19.987	30.826	22.931	19.575	1.408	3.823	3.109	0.993	18.999	30.814	21.165	10.735	1.931	4.938	3.894	0.751	10.754	4.295	4.73	9.721	6.183	9.338	4.801	0.838	6.731	5.323	6.721	9.431	6.033	11.085	4.482	0.342	8.747	4.145	6.415	7.956	3.446	5.589	2.553
15.00564	1.099	17.759	28.586	20.556	13.588	1.424	7.655	5.905	1.171	20.127	30.657	22.858	19.114	1.652	4.07	3.518	0.746	19.22	30.865	21.609	12.548	2.012	5.159	4.197	0.86	11.262	4.572	5.17	9.707	6.463	9.732	5.38	0.946	7.204	5.847	7.03	9.854	6.26	10.856	4.68	0.421	8.706	4.339	6.614	8.35	3.803	6.006	2.802
15.17225	1.135	17.969	28.746	20.494	14.531	1.487	8.185	6.435	1.207	20.255	30.791	23.588	20.251	1.606	4.217	3.664	0.836	19.648	31.819	21.875	12.236	2.048	5.287	4.371	0.842	10.868	4.774	5.289	10.212	6.802	9.909	5.473	1.009	7.38	5.832	7.097	10.468	6.572	10.624	5.047	0.429	8.965	4.514	6.135	8.199	4.059	6.454	2.976
15.339	1.342	18.298	30.023	20.877	14.646	2.512	8.55	6.746	1.086	20.23	31.82	23.587	20.389	1.976	4.776	3.869	0.771	19.595	31.729	21.765	12.707	2.2	5.671	4.603	0.939	10.93	5.223	5.411	10.711	7.032	10.273	5.812	1.025	7.718	6.498	7.108	10.585	7.128	10.633	5.276	0.282	9.465	4.827	6.256	8.945	4.317	6.738	2.989
15.50577	1.059	18.172	29.527	21.08	16.016	1.738	9.312	7.125	1.185	20.841	31.545	24.067	20.701	1.749	4.906	4.134	0.869	19.988	32.492	22.217	13.146	2.463	5.819	4.978	0.93	10.796	5.354	5.76	10.958	7.41	10.546	5.945	1.015	8.235	6.685	7.214	11.46	6.662	10.797	5.519	0.462	9.22	5.094	6.143	8.918	4.557	6.844	3.31
15.67235	2.597	18.519	29.77	21.209	16.879	1.665	9.133	7.301	1.275	20.697	32.499	23.57	21.485	1.949	5.407	4.335	0.85	20.145	32.219	22.402	13.407	2.5	5.92	5.235	0.966	10.81	5.748	6.263	10.918	7.341	10.642	6.121	1.051	8.33	6.916	7.063	10.737	6.948	10.429	5.886	0.388	9.671	5.487	6.318	9.15	4.677	7.649	3.512
15.83916	1.033	18.688	30.134	21.593	17.082	1.768	9.601	7.688	1.16	20.864	32.394	23.838	21.241	2.076	5.283	4.486	0.98	20.393	32.492	22.779	14.517	2.681	6.087	5.627	0.984	10.779	5.893	6.463	11.188	7.292	10.613	6.4	1.261	8.767	7.467	7.177	11.17	6.707	10.264	5.836	0.41	10.023	5.769	6.353	9.041	4.961	7.515	3.687
16.00574	1.141	18.718	30.891	21.516	17.817	1.793	9.557	8.053	1.185	21.278	33.264	24.203	21.793	2.185	5.752	4.844	0.924	20.316	32.656	22.353	13.992	2.654	6.637	5.742	0.93	10.959	6.282	6.525	11.449	7.219	10.901	6.682	1.124	9.135	7.668	7.133	11.514	7.072	10.47	6.365	0.38	9.52	5.912	6.525	9.3	5.294	7.991	3.938
16.17236	1.471	19.188	31.254	21.769	18.342	1.877	10.38	8.412	1.379	21.367	33.218	24.456	22.727	2.297	6.192	5.093	0.954	20.65	33.702	22.961	14.734	3.203	6.835	6.074	1.015	10.801	6.832	6.747	11.563	7.223	11.069	6.823	1.1	9.522	7.863	7.191	11.465	7.021	10.502	6.369	0.437	9.525	6.298	6.775	9.714	5.68	7.995	4.215
16.33911	3.928	19.352	31.364	21.96	18.915	1.877	10.708	8.576	1.379	21.694	33.437	24.238	22.7	2.625	6.438	5.147	0.927	20.677	33.565	22.934	15.662	3.285	7.381	6.237	1.178	10.801	6.75	6.747	11.7	7.223	11.069	7.096	1.427	9.932	8.218	7.464	11.219	7.158	10.42	6.833	0.464	9.607	6.708	6.775	9.496	5.789	8.541	4.351
16.50575	3.072	19.251	31.393	21.94	19.414	1.951	11.104	8.672	1.425	21.756	34.31	24.87	23.061	2.588	7.108	5.573	0.918	20.957	34.301	23.021	16.3	3.276	7.688	6.717	1.196	10.786	7.174	6.762	11.712	7.047	10.973	7.165	1.336	9.89	8.75	7.424	11.123	6.736	10.624	6.766	0.511	9.484	6.614	6.926	9.536	5.859	8.964	4.613
16.67248	3.662	19.558	31.694	22.083	20.186	2.242	11.008	9.095	1.58	22.063	33.928	24.712	23.176	2.852	7.451	5.999	0.91	21.21	34.764	23.735	16.965	3.43	8.131	6.896	1.187	10.526	7.707	6.805	11.752	7.145	11.368	7.37	1.273	10.285	8.737	7.603	10.835	7.05	10.365	6.889	0.53	9.579	6.93	7.023	9.468	6.175	8.868	4.819
16.83926	1.132	20.008	31.929	22.451	19.817	2.33	11.454	9.431	1.368	22.24	34.383	24.89	23.518	3.103	7.786	6.115	0.943	21.605	34.483	23.695	17.086	3.954	8.308	7.34	1.33	10.645	8.07	6.895	11.544	7.044	10.887	7.461	2.07	10.049	9.564	7.748	10.845	6.513	10.538	7.143	0.426	9.343	7.347	7.168	9.45	6.401	10.623	5.154
17.00583	1.65	19.817	33.102	22.315	20.772	2.357	11.536	9.84	1.749	22.404	34.656	25.19	23.981	3.131	7.868	6.525	0.997	21.551	34.783	23.832	17.822	3.709	8.718	7.559	1.275	10.89	8.37	6.922	11.217	7.044	11.187	7.379	1.442	10.049	9.237	7.748	10.927	6.813	10.783	7.252	0.508	9.261	7.51	7.168	9.613	6.483	9.505	5.509
17.17249	1.369	20.233	32.312	22.812	20.943	2.539	11.549	10.29	1.686	22.41	35.173	24.677	24.096	3.366	8.756	6.595	1.261	21.912	35.082	23.81	19.303	4.19	8.86	7.955	1.239	10.93	8.548	7.047	11.202	7.059	11.036	7.311	1.434	10.634	9.496	8.389	10.503	6.746	10.687	7.239	0.527	9.002	8.043	7.455	9.436	6.471	9.518	5.47
17.33901	1.381	20.506	32.947	22.54	21.46	2.633	11.868	10.363	1.671	23.011	35.156	25.28	24.316	3.352	8.882	7.047	1.164	22.049	35.638	24.03	19.41	4.476	9.57	8.217	1.415	10.977	9.111	7.09	10.949	7.157	10.728	7.492	1.746	10.463	9.814	8.297	10.14	7.009	10.897	7.42	0.511	9.266	8.224	7.499	9.127	6.487	9.455	5.758
17.5058	1.395	20.621	33.32	22.793	21.849	2.866	11.482	10.496	1.958	22.718	36.186	25.317	25.172	3.696	9.148	7.475	1.124	21.974	36.124	23.713	19.797	4.739	9.743	8.402	1.376	10.647	9.298	7.028	11.218	7.341	10.56	7.35	1.542	10.487	9.919	8.155	10.0	6.948	10.648	7.416	0.552	9.043	8.463	7.52	8.85	6.452	9.642	6.024
17.67258	1.844	20.976	34.039	22.984	22.122	3.343	12.183	10.788	1.888	23.074	35.923	25.457	25.037	3.846	9.575	7.573	1.217	22.412	36.983	24.18	20.205	4.917	10.21	8.857	1.552	10.83	9.589	7.043	10.828	7.521	10.497	7.504	1.855	10.343	10.512	8.282	10.073	7.129	10.585	7.434	0.535	9.143	8.508	7.673	8.922	6.44	9.88	6.341
17.83914	1.664	20.839	33.966	23.231	22.259	3.273	11.929	10.89	1.954	23.239	36.125	25.706	25.176	4.407	9.949	7.999	1.311	22.468	36.503	24.374	20.833	5.122	10.486	9.284	1.483	11.014	9.334	7.305	10.573	7.51	10.434	7.712	1.73	10.198	10.476	8.546	10.174	7.31	10.713	7.534	0.656	9.271	8.908	7.635	8.804	6.401	9.899	6.221
18.00586	1.376	21.133	34.439	23.497	22.225	3.777	11.987	10.62	2.131	23.149	36.651	25.367	25.057	4.253	10.445	8.252	1.214	22.432	37.109	24.391	21.046	5.733	10.803	9.59	1.686	10.743	9.995	7.367	10.85	7.571	10.356	7.445	1.688	10.529	10.507	8.524	9.741	7.453	10.744	7.375	0.56	9.084	9.296	7.751	8.453	6.136	10.094	6.665
18.17251	1.823	21.318	34.33	23.709	22.765	3.732	11.236	10.798	2.113	23.143	36.598	26.046	25.9	4.564	11.061	8.592	1.277	22.535	37.003	24.523	22.077	5.361	11.291	9.959	1.722	11.004	10.009	7.379	10.864	7.912	10.67	7.594	1.806	10.27	10.603	8.701	10.001	7.384	10.758	7.443	0.65	9.235	9.091	8.037	8.576	6.065	9.862	6.514
18.33924	1.58	21.481	35.103	23.407	22.573	3.652	11.281	10.678	2.362	23.387	37.122	26.148	26.085	4.563	10.941	8.668	1.418	22.807	38.069	24.708	21.831	5.66	11.667	10.086	1.779	10.801	10.135	7.593	10.799	7.988	10.305	7.805	2.355	10.477	10.647	8.966	10.045	7.677	11.13	7.598	0.601	9.334	9.055	7.894	8.704	6.28	9.742	6.671
18.50592	1.577	21.591	35.315	23.545	23.066	4.169	10.908	11.208	2.495	23.662	37.336	26.319	26.228	5.001	11.58	8.948	1.442	23.11	37.823	24.851	22.241	6.099	12.138	10.451	1.804	10.949	10.227	7.625	10.755	8.103	10.342	7.922	2.134	10.134	10.685	8.865	9.837	7.766	10.594	7.716	0.787	8.906	9.364	8.201	8.412	6.147	9.589	7.006
18.67262	1.553	21.563	35.595	23.816	23.719	4.17	11.145	11.087	2.416	23.605	37.777	26.312	26.794	5.409	11.515	9.597	1.445	22.998	38.151	24.544	22.596	5.988	12.322	10.004	1.861	11.21	10.544	7.702	10.717	8.151	10.305	8.106	2.082	9.986	10.347	8.884	9.827	7.977	10.748	8.007	0.546	9.361	9.574	8.33	8.213	6.362	9.469	6.726
18.83918	1.853	22.227	35.761	23.88	23.839	4.473	10.967	11.377	2.58	23.779	38.139	26.3	26.427	5.442	11.12	9.636	1.39	23.226	38.735	25.296	23.233	6.513	12.693	10.811	1.944	10.708	10.752	7.793	10.678	8.271	10.511	8.2	2.138	10.385	10.635	8.952	9.951	7.935	10.845	8.049	0.626	9.184	9.642	8.342	8.061	6.397	9.511	6.955
19.00591	1.516	21.933	35.897	23.859	24.418	4.709	10.981	10.925	2.708	23.757	38.246	26.276	26.759	5.541	11.898	9.704	1.381	23.259	38.404	24.999	22.993	6.584	12.833	10.688	2.017	11.103	10.464	8.136	10.691	8.341	10.087	8.105	2.046	10.261	10.703	9.157	10.019	8.085	10.831	7.953	0.891	9.553	9.437	8.493	8.294	6.44	10.262	7.052
19.17252	2.217	22.267	36.142	23.947	24.178	4.672	10.803	10.528	2.726	24.309	38.653	26.281	26.435	5.584	11.474	9.883	1.536	23.265	38.919	25.004	23.518	6.845	12.864	10.892	2.034	11.225	10.613	8.042	10.731	8.656	10.428	8.447	2.091	10.274	10.361	9.471	10.005	8.236	10.98	8.076	0.773	9.594	9.451	8.753	8.144	6.783	9.456	6.902
19.33927	2.005	22.144	36.844	23.961	24.438	5.143	10.867	10.756	2.732	24.16	38.755	26.87	27.243	5.865	11.866	10.192	1.706	23.334	39.404	24.828	23.368	6.744	12.825	11.366	2.041	11.153	10.869	8.296	10.823	8.637	10.164	8.456	2.289	10.092	9.961	9.234	10.096	8.6	10.771	8.194	0.806	9.357	9.515	8.653	8.207	6.846	8.919	6.911
19.50593	1.799	22.327	36.768	24.007	24.319	5.208	10.681	10.514	2.935	24.342	38.951	27.104	27.259	6.173	11.842	10.033	1.5	23.407	39.489	25.527	23.742	6.834	13.004	11.26	2.352	11.21	10.763	8.275	10.99	8.643	10.551	8.679	2.246	10.232	10.183	9.621	9.963	8.332	10.748	8.389	0.846	9.689	9.41	8.904	8.376	6.99	9.196	7.053
19.67265	2.263	22.473	37.484	24.126	25.069	5.376	10.803	10.475	2.991	24.408	39.561	26.764	27.712	6.181	11.995	10.565	1.773	23.773	39.31	25.542	23.807	7.115	13.24	11.249	2.355	11.2	10.642	8.559	10.678	8.846	10.784	8.802	2.384	10.275	9.87	9.581	10.005	8.427	10.955	8.76	0.817	9.321	9.806	8.78	8.225	6.89	9.156	7.174
19.83928	1.887	22.642	37.088	24.841	25.235	5.706	10.717	10.25	3.187	24.275	39.544	26.874	27.465	5.935	11.47	10.261	1.752	23.749	39.674	25.406	24.084	6.923	13.375	11.215	2.413	11.821	10.636	8.666	11.082	8.897	10.506	8.77	4.136	10.433	10.083	9.657	10.0	8.641	11.058	8.508	0.934	9.371	9.255	8.639	8.467	6.998	9.205	7.117
20.00605	2.075	22.727	37.33	24.407	25.049	6.063	10.753	10.48	3.295	24.47	39.38	27.319	28.048	6.403	11.07	10.816	1.885	23.726	40.086	25.796	24.005	6.763	13.412	11.39	2.522	11.205	10.674	8.645	10.764	9.096	10.379	8.861	2.524	10.362	10.312	9.667	9.955	9.416	10.932	8.792	0.957	9.572	9.4	8.921	8.311	7.276	9.27	7.315
20.17276	2.014	22.931	38.076	24.912	25.636	6.411	10.908	10.251	3.48	24.674	39.688	27.085	28.278	6.396	11.225	10.588	1.77	23.848	40.721	25.999	24.921	7.275	13.095	11.052	2.433	11.414	10.747	8.719	10.782	9.306	10.862	9.016	2.353	10.352	9.482	9.767	10.11	9.161	11.004	8.673	0.869	9.645	9.091	8.939	8.385	7.46	9.097	7.334
20.33935	2.06	23.21	37.8	24.972	25.886	6.154	10.894	9.745	3.306	24.679	40.012	27.28	27.926	6.357	11.402	10.875	1.952	24.318	40.607	25.839	24.57	6.935	13.235	11.147	2.615	11.317	10.322	8.843	10.823	9.211	10.52	9.166	2.672	10.447	9.851	10.163	9.85	8.846	10.99	9.014	1.025	9.357	8.995	9.063	8.371	7.529	9.219	7.485
20.50603	3.429	23.108	37.865	25.061	25.375	6.267	10.899	9.641	3.637	24.659	40.05	27.069	28.617	6.552	11.024	10.716	1.982	24.243	40.289	25.929	25.37	7.021	12.833	11.125	2.837	11.103	10.081	8.874	10.773	9.324	10.606	9.28	2.839	10.534	10.184	10.168	10.155	9.069	10.995	9.155	1.055	9.608	9.218	9.149	8.403	7.506	9.224	7.735
20.67276	2.427	23.321	38.387	25.056	25.643	6.524	10.995	10.037	3.647	24.845	40.655	27.667	28.615	6.4	11.065	10.893	1.991	24.129	40.759	26.171	25.502	7.088	13.076	10.92	2.929	11.282	10.232	9.215	10.924	9.31	10.784	9.622	2.602	10.631	9.979	9.936	10.279	9.193	10.763	9.088	1.063	9.649	8.74	9.163	8.334	7.683	9.265	7.748
20.83936	2.172	23.272	38.575	25.307	26.167	6.568	10.981	10.16	3.719	25.151	40.624	27.807	28.836	6.443	10.723	10.798	2.146	24.352	41.109	26.011	25.726	7.021	12.751	10.824	2.837	11.24	9.808	9.421	10.773	9.57	10.661	9.581	2.729	10.452	10.102	10.25	10.101	9.179	10.858	9.319	1.109	9.69	8.754	9.204	8.321	7.807	9.333	7.899
21.00601	2.944	23.56	38.923	25.596	26.429	7.177	10.744	10.005	3.917	24.838	41.164	27.468	29.126	6.341	10.705	10.561	2.289	24.668	41.568	26.491	26.315	7.002	12.904	10.396	2.761	11.523	9.817	9.348	10.618	9.634	10.862	9.59	2.982	10.188	10.111	10.15	9.919	9.407	11.004	9.275	1.115	9.563	8.653	9.076	8.494	7.924	9.097	7.881
21.1727	2.455	23.403	38.605	25.33	26.573	6.743	10.885	10.447	3.975	25.173	41.311	27.749	29.544	6.482	11.229	10.374	2.319	24.757	41.689	26.444	25.748	6.595	12.666	10.702	2.792	11.419	9.986	9.27	10.678	9.748	10.702	9.622	2.821	10.357	10.061	10.483	10.087	9.411	10.927	9.526	1.2	9.376	8.685	9.381	8.334	7.847	9.101	8.159
21.3393	3.029	23.731	39.18	25.33	27.011	7.098	10.803	10.256	3.811	25.255	41.393	28.104	29.298	6.4	11.12	10.401	2.292	24.593	41.689	26.773	26.159	6.842	12.666	10.291	2.956	11.173	9.849	9.707	10.623	9.748	10.62	9.95	3.013	10.713	10.198	10.51	9.923	9.521	11.091	9.526	1.364	9.54	9.013	9.491	8.334	8.011	9.32	8.241
21.50607	2.907	23.784	39.576	25.573	27.088	7.001	11.14	10.456	4.044	25.307	41.679	27.826	29.675	6.384	10.773	10.137	2.307	24.673	41.864	26.495	26.155	6.498	12.279	10.109	3.352	11.426	10.131	9.772	10.686	9.921	10.438	9.849	3.218	10.939	10.043	10.409	10.26	9.638	10.935	9.588	1.27	9.467	8.64	9.636	8.645	8.24	9.329	8.55
21.67269	2.606	24.03	39.795	25.71	27.061	6.919	11.058	10.401	4.126	25.471	41.597	27.99	29.374	6.275	10.855	9.864	2.389	24.809	42.137	26.741	26.784	6.525	12.634	10.027	3.161	11.344	10.076	9.854	10.987	10.003	10.683	9.904	2.89	10.529	10.097	10.491	9.987	10.021	11.154	9.806	1.352	9.603	8.504	9.445	8.481	8.322	9.465	8.55
21.83942	4.201	24.134	40.044	25.814	27.194	6.849	11.099	10.443	4.3	25.767	41.711	28.233	30.11	6.204	11.061	9.877	2.644	25.133	42.252	26.874	26.67	6.674	11.892	10.15	3.089	11.605	10.583	10.004	10.782	9.989	10.834	9.918	2.982	10.626	10.193	10.478	10.356	9.817	11.442	9.767	1.361	9.535	8.817	9.623	8.303	8.499	9.261	8.701
22.00604	2.783	24.005	39.754	25.849	27.475	7.016	10.831	10.174	4.166	25.775	42.596	28.104	29.872	6.181	10.956	9.8	2.62	24.867	42.837	26.937	27.198	6.158	12.009	9.745	3.175	11.419	10.095	9.68	11.115	10.158	10.839	10.224	2.931	10.713	10.28	10.756	9.951	9.904	11.283	9.908	1.501	9.376	8.685	9.901	8.225	8.421	9.511	8.623
22.17281	3.093	24.191	40.222	25.954	27.882	6.919	10.899	10.38	4.177	25.825	42.054	28.129	29.761	5.946	11.052	9.238	2.876	25.245	43.199	26.551	27.084	6.224	12.279	10.305	3.185	11.708	10.493	9.94	10.938	10.199	10.853	10.156	2.913	10.454	10.294	10.689	10.101	9.836	11.133	10.115	1.373	9.581	8.424	9.669	8.402	8.489	9.498	9.048
22.3395	3.005	24.094	40.147	26.021	28.222	6.692	10.917	10.288	4.225	25.892	42.607	27.839	30.236	5.61	10.714	9.613	2.623	25.039	42.821	27.027	27.014	5.861	12.674	9.804	3.206	11.534	10.155	10.122	10.929	10.245	10.789	10.365	3.071	10.608	10.531	10.734	10.119	9.826	11.288	10.105	1.449	9.572	8.99	9.796	8.339	8.507	9.571	9.038
22.5062	2.992	24.584	40.488	25.909	28.353	6.732	11.254	10.624	4.129	25.862	42.564	28.408	30.776	5.404	10.86	9.677	2.857	25.364	43.05	27.404	27.721	5.846	11.959	9.977	3.329	11.677	10.136	10.159	10.746	10.5	11.071	10.1	3.167	10.917	10.293	10.742	9.991	9.971	11.186	10.085	1.738	9.526	8.672	9.942	8.485	8.654	9.306	9.102
22.6728	3.087	24.395	40.776	25.994	28.058	7.294	11.191	10.644	4.06	25.865	42.853	28.577	30.482	5.364	10.878	9.448	2.979	25.558	43.204	27.382	27.506	5.587	12.099	10.406	3.288	11.534	10.428	10.204	10.929	10.491	10.871	10.529	3.235	10.964	10.777	11.062	10.256	10.127	11.342	10.324	1.668	9.736	8.908	9.824	8.421	8.972	9.434	9.284
22.83953	3.151	24.527	40.753	26.016	28.0	6.348	11.177	10.384	4.235	26.079	43.132	28.027	30.618	5.375	11.002	9.407	2.961	25.39	43.621	27.297	28.461	5.544	11.849	10.146	3.38	11.686	10.415	10.218	11.107	10.423	11.05	10.544	3.08	10.869	10.408	10.94	10.133	10.251	11.357	10.175	1.786	9.805	8.757	9.837	8.407	8.904	9.366	9.299
23.00616	3.143	24.682	40.898	26.172	28.624	6.397	11.616	10.386	4.118	26.125	42.924	28.158	30.477	5.206	11.331	9.569	2.926	25.627	43.716	27.538	28.099	5.209	12.06	10.173	3.456	11.387	10.608	10.3	10.889	10.643	10.887	10.601	3.21	10.57	10.601	11.024	10.216	10.5	11.249	10.233	1.722	9.779	8.783	9.838	8.379	9.012	9.558	9.245
23.17296	3.496	24.592	40.476	26.191	28.479	6.366	11.145	10.847	4.033	26.336	43.105	28.479	31.126	5.065	11.189	9.346	2.978	25.866	43.705	27.092	28.666	5.069	12.244	10.415	3.453	11.41	10.302	10.378	11.131	10.638	11.074	10.486	3.042	10.757	10.733	11.102	10.075	10.358	11.244	10.556	1.719	9.829	8.888	9.916	8.676	9.008	9.444	9.405
23.33954	3.24	25.117	40.883	26.333	28.345	6.273	11.296	10.722	4.077	26.231	43.318	27.961	31.1	4.78	11.175	9.333	2.995	25.597	44.163	27.478	28.723	5.113	12.604	10.237	3.223	11.559	10.206	10.391	10.816	10.952	10.813	10.8	3.005	10.879	10.5	11.169	10.033	10.261	11.148	10.349	1.765	9.568	9.04	10.148	8.361	9.186	9.43	9.336
23.50619	3.322	24.816	41.212	26.059	29.275	5.999	11.186	10.996	3.995	26.341	43.592	28.235	31.456	4.862	11.011	9.579	3.159	25.733	43.917	27.259	28.806	5.195	12.22	10.566	3.223	11.641	10.507	10.446	10.952	10.843	11.141	10.663	3.087	10.825	10.664	11.032	10.033	10.508	11.449	10.431	1.957	9.596	8.93	10.093	8.334	9.104	9.43	9.336
23.67293	3.486	24.898	41.54	26.387	29.303	6.465	11.597	10.832	4.105	26.642	44.003	28.208	31.045	4.78	11.093	9.306	3.296	25.733	44.246	27.67	28.751	5.222	12.357	10.018	3.387	11.477	10.753	10.638	11.117	10.925	11.032	10.8	3.197	10.879	10.746	11.087	10.115	10.644	11.531	10.705	2.011	9.76	8.93	10.011	8.252	9.35	9.54	9.555
23.8396	3.647	25.116	41.587	26.551	29.087	5.668	11.136	11.14	3.937	26.642	43.807	28.347	31.161	4.641	11.537	9.336	3.347	25.87	44.655	27.289	29.384	5.138	12.412	10.269	3.303	11.814	10.65	10.588	10.986	11.068	10.928	10.78	3.193	10.75	10.588	11.396	10.23	10.597	11.401	10.741	1.896	9.848	8.714	10.208	8.31	9.218	9.49	9.78
24.00627	3.715	25.304	41.463	26.246	29.465	5.599	11.2	10.655	4.088	26.665	44.201	28.862	31.4	4.544	11.107	9.565	3.252	25.702	44.609	27.585	29.433	5.124	12.052	10.607	3.371	11.656	10.467	10.871	10.967	11.104	11.156	10.98	3.097	10.839	11.062	11.458	10.157	10.577	11.737	10.94	2.103	9.856	8.971	10.326	8.429	9.364	9.691	9.651
24.17291	4.322	25.066	41.994	26.336	29.309	5.356	11.205	11.098	3.844	26.837	44.102	28.569	31.491	4.603	11.03	9.953	3.31	26.038	44.346	27.62	29.332	5.237	12.169	10.53	3.237	11.881	10.362	10.711	10.972	11.109	10.914	11.012	3.046	10.844	11.177	11.381	10.161	12.007	11.496	10.808	2.133	9.669	8.701	10.276	8.434	9.423	9.723	9.738
24.33974	3.653	25.269	42.212	26.292	29.378	5.346	11.228	10.958	3.834	26.739	44.158	28.391	31.397	4.538	10.943	9.701	3.518	26.077	44.925	27.662	29.648	5.063	12.263	10.69	3.419	11.66	10.825	10.652	10.913	11.078	11.075	10.927	3.035	10.787	11.009	11.241	9.993	11.046	11.74	10.971	2.121	9.967	9.134	10.3	8.374	9.556	9.472	9.625
24.5063	3.599	25.378	42.322	26.704	29.707	5.209	11.667	10.547	3.751	26.904	44.35	28.61	31.123	4.703	11.053	9.975	3.326	26.05	45.144	27.305	30.169	5.31	12.51	10.91	3.419	11.989	10.742	10.981	10.913	11.242	11.02	11.174	2.98	11.006	10.707	11.406	10.075	10.964	11.932	10.999	2.066	9.94	9.052	10.3	8.401	9.611	9.637	9.845
24.6729	3.684	25.496	42.305	26.547	29.386	5.13	11.15	11.155	3.7	26.939	44.361	28.454	31.653	4.734	11.222	9.595	3.522	26.387	45.019	27.642	29.574	5.012	12.628	10.613	3.313	11.747	10.5	11.096	11.028	11.384	11.162	10.96	3.038	10.792	11.014	11.575	10.162	10.941	11.662	10.922	2.234	9.972	9.303	10.305	8.323	9.78	9.477	9.877
24.83952	3.657	25.496	42.415	26.931	29.524	5.103	11.479	10.963	3.59	27.076	44.389	28.481	31.543	4.761	11.03	9.952	3.494	26.25	45.073	27.642	29.958	5.231	11.887	10.64	3.148	11.994	10.583	11.013	11.028	11.467	11.327	11.179	3.038	11.121	10.877	11.493	10.244	11.106	11.992	11.004	2.234	9.643	9.056	10.524	8.406	9.643	10.135	10.124
25.00634	3.701	25.535	42.551	26.832	30.005	5.066	11.091	11.042	3.524	27.116	45.104	28.769	31.834	4.669	10.917	9.727	3.456	26.426	45.296	27.464	30.549	5.194	12.173	10.718	3.166	12.432	10.909	11.119	10.969	11.436	11.104	11.232	2.972	10.899	10.736	11.738	10.268	11.324	11.88	10.865	2.332	10.051	9.161	10.631	8.4	9.831	9.528	10.203
25.17295	3.674	25.699	43.156	26.53	30.252	5.203	11.118	11.344	3.607	27.281	44.857	28.659	31.779	4.669	11.136	9.919	3.456	26.509	45.681	27.793	30.22	5.276	12.915	10.718	3.166	12.432	10.662	11.284	11.189	11.683	11.214	11.397	2.917	11.036	10.819	11.573	10.213	11.241	11.88	11.167	2.305	9.968	8.941	10.576	8.4	9.721	9.583	10.121
25.33971	3.828	25.586	43.09	26.61	29.61	5.192	11.397	11.125	3.488	27.057	45.116	28.569	32.148	4.877	11.03	9.761	3.337	26.586	45.47	27.757	30.373	5.292	12.553	10.858	3.128	12.072	10.362	11.04	11.136	11.629	11.215	11.341	3.046	11.009	10.82	11.846	10.298	11.267	11.797	11.274	2.352	9.751	8.948	10.523	8.379	9.917	9.476	10.286
25.50636	3.763	25.872	43.199	26.457	30.146	4.99	11.557	11.123	3.34	27.398	45.447	28.61	31.809	4.758	11.19	10.304	3.354	26.571	45.775	27.908	30.58	5.502	12.675	10.827	3.09	12.235	10.879	11.173	11.023	11.626	11.514	11.339	2.815	11.034	10.707	11.872	10.349	11.293	12.069	11.383	2.368	10.022	9.216	10.465	8.538	10.022	9.582	10.393
25.67302	4.072	25.907	43.106	26.931	29.931	4.997	11.228	11.093	3.156	27.514	45.57	28.342	31.646	4.818	11.08	9.866	3.169	26.77	45.704	27.831	30.446	5.535	12.846	10.881	2.987	11.958	11.179	11.282	10.967	11.706	11.156	11.5	2.659	11.059	11.007	11.704	10.239	11.344	12.285	11.269	2.349	10.158	9.053	10.874	8.347	9.967	9.691	10.309
25.83967	3.914	25.986	43.545	26.762	30.702	5.306	11.439	11.06	3.106	27.539	45.575	28.835	32.146	4.909	11.291	9.91	3.339	26.85	46.124	27.859	30.861	5.407	12.899	10.544	3.077	12.256	10.734	11.329	11.262	11.756	11.094	11.606	2.801	11.109	11.056	11.892	10.204	11.615	12.117	11.431	2.49	10.398	9.152	10.951	8.419	10.206	9.683	10.194
26.00634	4.195	26.194	43.32	26.778	30.444	5.203	11.338	11.18	3.14	27.885	45.845	28.742	32.383	4.916	11.054	10.249	3.291	26.838	46.258	28.013	30.357	5.414	12.997	10.746	3.029	12.294	10.607	11.339	11.299	11.931	11.433	11.397	2.753	11.036	10.956	12.012	10.131	11.461	12.291	11.25	2.387	10.078	9.106	10.96	8.51	10.215	9.665	10.506
26.17305	3.575	26.044	43.101	26.794	30.401	5.185	11.26	11.237	3.042	27.817	45.623	28.701	32.202	4.981	11.277	10.309	3.357	26.963	46.006	28.164	30.644	5.423	12.6	10.64	2.764	12.323	10.884	11.425	10.918	11.961	11.19	11.454	2.654	11.121	10.548	11.822	10.19	11.627	12.321	11.388	2.316	10.274	9.166	10.908	8.378	10.246	9.724	10.426
26.33972	3.767	26.264	43.704	26.794	30.593	5.13	11.233	11.155	3.014	27.68	45.541	28.893	32.202	4.844	11.36	9.98	3.247	26.99	46.335	27.889	30.589	5.505	12.683	10.805	2.764	12.762	10.967	11.397	11.192	11.906	11.491	11.673	2.599	10.957	11.261	11.877	10.19	11.517	12.403	11.333	2.371	10.191	9.166	10.908	8.378	10.164	9.751	10.59
26.50642	3.876	26.327	44.37	27.048	30.662	5.296	11.352	11.414	2.957	27.909	45.962	28.876	31.943	4.955	11.7	10.097	3.274	27.192	46.513	27.736	30.575	5.507	12.884	10.815	2.957	12.447	10.786	11.463	11.066	12.001	11.311	11.659	2.543	11.299	11.163	12.083	10.31	11.889	12.554	11.513	2.424	10.258	9.037	10.81	8.414	10.367	9.625	10.713
26.67306	4.575	26.314	43.715	26.763	30.614	5.802	11.461	11.108	3.111	27.977	45.851	28.421	31.755	5.076	11.286	10.181	3.179	27.452	46.288	27.637	31.294	5.491	12.514	10.895	2.833	12.329	10.865	11.406	10.981	12.132	11.472	11.68	2.586	11.238	10.912	12.131	10.39	12.319	12.629	11.449	2.441	10.419	9.148	10.889	8.36	10.31	9.568	10.488
26.83978	3.674	26.551	44.364	27.107	30.444	5.313	11.173	11.317	3.057	27.885	45.928	28.769	32.164	5.109	11.164	10.386	3.264	27.442	46.669	27.876	31.263	5.743	12.722	11.158	2.781	12.624	11.019	11.778	11.134	12.068	11.378	11.781	2.533	11.229	11.505	12.15	10.543	11.955	12.621	11.524	2.497	10.573	9.188	11.015	8.345	10.462	9.693	10.753
27.00645	3.866	26.633	44.034	26.942	30.307	5.313	11.256	11.344	2.948	28.104	46.202	28.961	31.862	5.109	11.493	10.084	3.126	27.36	47.054	27.793	31.126	5.524	12.86	11.075	2.781	12.624	10.826	11.833	11.217	12.233	11.543	11.891	2.588	11.229	11.203	12.177	10.515	11.818	12.758	11.36	2.332	10.49	9.326	10.96	8.4	10.27	9.885	10.698
27.17314	3.629	26.41	44.48	26.691	30.388	5.296	11.105	11.194	3.04	28.156	46.127	28.931	32.575	5.12	11.343	10.07	3.136	27.494	47.035	27.653	31.125	5.59	12.691	10.733	2.792	12.887	11.253	11.766	11.231	12.44	11.613	11.879	2.515	11.464	11.328	12.165	10.53	12.053	12.939	11.843	2.396	10.505	9.422	11.057	8.661	10.724	9.625	10.933
27.3398	3.427	26.706	44.439	26.77	30.979	5.805	11.465	11.305	3.005	28.149	46.356	28.868	32.449	5.052	11.373	10.268	3.1	27.487	46.738	28.029	31.221	5.577	12.577	11.037	2.754	12.883	11.116	11.822	11.15	12.302	11.559	11.904	2.507	11.435	11.274	12.054	10.477	12.187	12.909	11.454	2.307	10.698	9.153	10.976	8.447	10.397	10.176	10.795
27.50639	3.492	26.511	44.308	26.931	31.115	5.597	11.479	11.402	3.096	28.366	46.83	28.865	31.818	5.09	11.387	10.199	3.165	27.594	47.213	28.054	31.247	5.642	12.6	10.997	2.764	13.064	11.131	11.809	11.028	12.646	11.683	11.947	2.435	11.45	11.48	12.234	10.354	12.285	13.062	11.799	2.453	10.548	9.358	11.1	8.488	10.603	9.971	10.892
27.67305	3.51	26.953	44.521	26.88	30.65	5.531	11.493	10.784	3.032	28.232	46.96	28.786	32.531	5.217	11.62	10.432	3.155	27.707	47.177	28.139	31.111	5.796	12.769	10.9	2.672	13.157	11.281	11.822	11.507	12.631	11.86	11.904	2.507	11.408	11.274	12.273	10.504	12.27	12.909	11.811	2.444	10.917	8.988	11.168	8.639	10.589	9.737	10.904
27.83982	3.269	26.996	44.626	27.005	30.749	5.538	11.584	11.095	3.121	28.604	46.572	29.131	32.302	5.251	11.19	10.222	2.915	27.833	47.421	28.21	31.129	5.749	12.812	11.129	2.679	13.141	11.401	11.886	11.434	12.723	11.651	11.942	2.651	11.61	11.037	12.311	10.569	12.116	13.056	11.959	2.286	10.845	9.134	11.233	8.566	10.763	9.966	10.805
28.00646	3.522	26.912	44.738	27.331	31.248	6.014	11.741	11.529	3.125	28.686	46.853	28.967	32.392	5.288	11.402	10.487	3.03	27.887	47.294	28.376	31.71	5.841	13.111	11.04	2.768	13.277	11.121	12.183	11.291	12.665	11.893	12.049	2.546	11.551	11.14	12.528	10.699	12.333	13.219	11.793	2.345	10.895	9.426	11.282	8.776	10.811	10.014	10.965
28.17314	3.352	26.832	44.681	26.923	30.996	5.538	11.392	11.369	3.038	28.687	46.956	28.802	32.577	5.251	11.218	10.194	2.86	27.805	47.338	28.046	30.827	5.803	12.592	10.827	2.679	13.387	11.209	11.914	11.352	12.806	11.843	11.942	2.431	11.582	11.558	12.228	10.679	12.253	13.221	12.041	2.231	11.092	9.271	11.315	8.566	11.01	10.021	10.969
28.33976	3.242	27.024	44.873	27.088	30.941	5.511	11.557	11.616	3.038	28.934	47.065	29.159	32.741	5.142	11.218	10.194	2.942	27.833	47.914	27.991	31.403	5.831	12.894	10.827	2.816	13.415	11.291	11.969	11.27	12.833	11.816	12.271	2.568	11.665	11.421	12.393	10.596	12.527	13.303	11.904	2.313	11.064	9.271	11.397	8.62	10.9	9.966	11.052
28.50656	3.285	27.129	45.102	27.245	30.862	5.585	11.453	11.599	3.135	28.876	47.301	29.184	32.391	5.382	11.334	10.088	2.984	28.241	47.908	28.154	31.737	5.797	12.778	11.027	2.778	13.651	11.136	12.143	11.471	12.901	12.155	12.175	2.39	11.512	11.815	12.736	10.741	12.68	13.62	11.947	2.271	11.13	9.412	11.627	8.872	10.991	10.084	10.981
28.6733	3.275	27.325	45.096	27.056	30.589	5.409	11.604	11.749	3.29	29.181	47.485	29.462	32.419	5.343	11.43	10.157	2.947	28.079	47.817	28.459	31.655	5.758	12.589	10.573	2.795	13.607	11.203	12.128	11.291	12.967	12.003	12.077	2.711	11.991	11.47	12.583	10.864	12.471	13.768	12.096	2.18	11.224	9.124	11.447	9.05	11.113	9.904	11.295
28.83991	3.252	27.185	45.099	27.248	30.583	5.796	11.653	11.549	3.13	28.958	47.265	29.321	32.521	5.4	11.314	10.208	2.924	28.104	48.363	28.619	32.088	5.842	12.891	10.787	2.771	13.596	11.251	12.175	11.531	12.931	11.94	12.205	2.441	11.707	11.573	12.546	10.83	12.433	13.511	11.893	2.24	11.326	9.449	11.522	8.826	11.107	10.118	10.847
29.00666	3.236	27.393	45.4	27.343	31.457	5.565	11.463	11.279	3.224	29.058	47.765	29.119	32.546	5.527	11.426	10.042	2.991	28.588	48.015	28.638	31.617	5.887	12.656	11.201	2.867	13.91	11.228	12.235	11.645	12.911	12.193	12.213	2.452	11.769	11.358	12.609	10.668	12.773	13.548	12.233	2.333	11.47	9.339	11.582	8.936	11.165	10.176	11.293
29.17325	3.185	27.153	45.329	27.516	31.246	5.651	11.467	11.477	3.227	29.396	47.556	29.595	32.638	5.393	11.431	10.266	2.994	28.349	47.945	28.509	31.873	5.973	12.472	11.206	2.898	13.75	11.563	12.295	11.65	13.301	12.17	12.301	2.565	11.912	11.417	12.669	10.756	12.778	13.636	11.991	2.088	11.337	9.426	11.642	8.885	11.253	10.263	11.409
29.33997	3.218	27.455	46.216	27.265	30.892	5.687	11.817	11.665	3.37	29.287	47.896	29.597	32.204	5.485	11.479	10.311	2.861	28.515	48.591	28.428	31.962	5.818	13.24	10.896	2.85	13.971	11.503	12.29	11.535	13.272	12.221	12.326	2.487	12.075	11.467	12.888	11.218	12.833	14.213	12.046	2.119	11.719	9.499	11.72	9.152	11.385	10.34	11.185
29.50655	3.112	27.426	45.777	27.402	31.244	5.689	11.729	11.574	3.264	29.339	47.867	29.4	33.078	5.542	11.363	10.472	3.004	28.566	48.312	28.755	31.9	5.874	12.936	10.698	2.826	14.097	11.138	12.338	11.693	13.317	12.268	12.372	2.492	12.093	11.653	12.768	10.908	12.877	13.844	12.145	2.125	11.738	9.439	11.685	8.816	11.35	10.278	11.314
29.67336	3.195	27.839	45.584	27.375	30.997	5.854	11.646	11.629	3.402	29.366	48.06	29.372	32.913	5.377	11.39	10.555	2.976	28.566	48.642	28.727	31.625	5.957	12.771	10.918	2.909	14.262	11.468	12.338	11.748	13.4	12.598	12.454	2.712	12.203	11.735	12.878	11.018	12.85	14.147	12.145	2.097	11.821	9.219	11.575	9.367	11.488	10.608	11.397
29.83997	3.205	27.698	46.004	27.426	31.216	5.865	11.578	11.727	3.522	29.639	48.069	29.425	32.857	5.498	11.57	10.293	2.931	28.894	48.542	28.835	31.954	6.133	13.07	11.318	2.919	14.279	11.566	12.27	11.845	13.416	12.531	12.388	2.667	12.219	11.778	13.059	11.253	12.894	14.191	12.272	1.969	11.919	9.48	11.7	9.188	11.42	10.403	11.412
30.00677	3.122	28.056	45.921	27.261	31.105	5.782	12.019	11.947	3.329	29.694	48.014	29.645	32.83	5.691	11.735	10.458	2.931	29.005	49.01	28.863	32.423	6.078	13.125	11.07	2.891	14.279	11.676	12.711	11.708	13.609	12.779	12.553	2.805	12.219	11.695	12.949	11.363	12.949	14.494	12.354	2.052	12.001	9.536	11.7	9.299	11.531	10.54	11.66
30.1733	3.219	27.968	46.178	27.559	31.511	5.795	11.917	11.734	3.426	29.605	48.379	29.942	32.793	5.813	11.578	10.193	3.001	28.806	49.263	28.912	32.056	6.118	13.203	11.161	2.905	14.422	11.243	12.663	12.018	13.505	12.676	12.559	2.654	12.363	11.565	13.038	11.343	13.12	14.417	12.497	2.094	11.898	9.38	11.762	9.335	11.593	10.631	11.419
30.33987	3.102	27.814	46.54	27.791	30.943	5.761	11.99	11.697	3.31	29.974	48.437	29.43	33.106	5.641	11.458	10.431	2.967	29.092	48.936	28.619	31.681	6.028	13.187	11.151	2.871	14.466	11.728	12.515	12.091	13.659	12.941	12.521	2.62	12.352	12.298	13.082	11.388	13.246	14.626	12.459	2.116	12.218	9.591	11.835	9.408	11.556	10.703	11.464
30.50671	3.172	27.781	46.383	27.649	31.266	6.021	11.998	11.539	3.297	29.775	48.471	29.918	32.299	5.626	11.522	10.441	2.816	29.251	49.271	28.833	32.085	5.931	12.688	11.022	3.187	14.69	11.433	12.633	11.906	13.555	12.562	12.692	2.635	12.716	11.948	13.171	11.534	13.141	14.549	12.436	1.938	11.894	9.325	11.732	9.334	11.646	10.739	11.388
30.67347	3.265	28.097	46.27	27.637	31.304	5.975	12.057	11.789	3.528	29.843	48.603	29.629	32.777	5.607	11.608	10.391	3.102	29.263	49.126	28.818	31.904	6.241	12.868	11.025	3.032	14.744	11.353	12.607	12.128	13.611	13.031	12.555	2.618	12.744	11.675	13.281	11.536	13.279	14.576	12.436	2.006	12.171	9.825	11.789	9.394	11.703	11.455	11.582
30.84005	3.099	28.411	47.133	27.535	31.815	6.005	12.013	11.967	3.471	30.13	48.562	29.751	33.179	5.719	11.646	10.867	2.991	29.441	49.363	29.134	32.112	6.189	12.932	11.201	3.142	14.955	11.943	12.675	11.976	13.709	13.018	12.598	2.782	12.787	11.908	13.159	11.494	13.488	14.731	12.453	2.113	12.268	9.614	11.802	9.569	11.908	11.029	11.624
31.00664	3.23	28.366	46.642	27.932	31.467	5.915	12.581	11.957	3.547	30.361	48.813	29.734	32.913	5.794	11.444	10.363	3.149	29.424	49.861	28.786	32.424	6.182	12.998	11.302	3.108	14.613	11.933	12.968	12.213	13.863	12.843	12.698	2.555	13.024	12.2	13.176	11.704	13.229	14.884	12.524	1.996	12.367	9.825	12.067	9.752	11.898	10.909	11.696
31.17336	3.275	28.177	46.387	27.496	31.66	6.014	12.071	11.969	3.4	30.363	48.887	29.984	32.996	5.783	11.595	10.349	3.14	29.371	49.411	29.146	32.397	6.17	12.837	11.04	3.015	14.844	11.918	12.732	12.28	13.847	13.239	12.819	2.766	12.596	11.965	13.215	11.441	13.378	14.703	12.425	2.152	12.571	9.921	11.942	9.655	11.938	10.839	11.762
31.34011	3.22	28.451	47.02	27.908	31.523	6.014	12.126	11.969	3.455	30.418	49.217	30.066	33.051	5.865	11.76	10.569	3.057	29.728	49.795	29.008	32.178	6.253	12.699	11.424	3.097	14.844	11.78	12.787	12.28	14.012	13.377	12.846	2.766	12.843	11.965	13.49	11.634	13.378	15.033	12.755	2.097	12.653	9.728	12.107	9.875	12.02	11.004	11.707
31.50673	3.334	28.475	47.075	28.017	31.9	6.043	12.449	12.016	3.542	30.715	49.104	30.117	32.905	5.866	11.561	10.373	3.034	29.614	50.064	29.113	32.362	6.281	13.055	11.336	3.183	15.05	11.91	13.026	12.574	13.892	13.203	12.699	2.907	12.805	12.231	13.342	12.01	13.421	14.911	12.798	2.158	12.616	9.971	12.098	9.951	12.012	11.188	11.753
