	MG1655-1	HEXA1-1_1	HEXA2-9_1	HEXA4-10_1	HEXA6-9_1	ompR-1	proQ-1	ompR_proQ-1	MG1655-2	HEXA1-1_2	HEXA2-9_2	HEXA4-10_2	HEXA6-9_2	ompR-2	proQ-2	ompR_proQ-2	MG1655-3	HEXA1-1_3	HEXA2-9_3	HEXA4-10_3	HEXA6-9_3	ompR-3	proQ-3	ompR_proQ-3
0.01121	0.044	0.092	0.114	0.166	0.0	0.166	0.092	0.275	0.199	0.147	0.243	0.242	0.039	0.158	0.117	0.117	0.013	0.039	0.091	0.065	0.014	0.224	0.143	0.173
0.17136	0.0	0.0	0.0	0.026	0.089	0.0	0.0	0.027	0.0	0.057	0.0	0.0	0.0	0.064	0.0	0.0	0.072	0.0	0.053	0.0	0.0	0.058	0.0	0.286
0.33812	0.006	0.071	0.058	0.0	0.162	0.097	0.146	0.0	0.053	0.0	0.035	0.063	0.053	0.224	0.01	0.11	0.052	0.014	0.0	0.066	0.011	0.0	0.107	0.0
0.5048	0.024	0.086	0.102	0.101	0.203	0.235	0.144	0.039	0.071	0.11	0.171	0.194	0.128	0.0	0.157	0.236	0.054	0.091	0.047	0.068	0.066	0.078	0.157	0.051
0.67149	0.178	0.21	0.146	0.095	0.163	0.186	0.143	0.024	0.062	0.115	0.309	0.246	0.095	0.152	0.225	0.228	0.0	0.143	0.095	0.206	0.095	0.103	0.071	0.021
0.83816	0.175	0.157	0.129	0.245	0.336	0.207	0.207	0.09	0.133	0.108	0.247	0.399	0.273	0.121	0.309	0.205	0.038	0.076	0.08	0.391	0.142	0.311	0.215	0.257
1.00479	0.149	0.089	0.187	0.306	0.394	0.216	0.254	0.239	0.23	0.172	0.312	0.241	0.389	0.149	0.323	0.166	0.169	0.11	0.002	0.374	0.261	0.181	0.261	0.099
1.17145	0.238	0.194	0.312	0.461	0.519	0.18	0.391	0.086	0.217	0.219	0.414	0.424	0.461	0.375	0.291	0.217	0.307	0.182	0.1	0.476	0.39	0.337	0.342	0.226
1.33821	0.219	0.192	0.191	0.564	0.647	0.285	0.449	0.157	0.347	0.214	0.38	0.416	0.564	0.245	0.4	0.105	0.227	0.202	0.091	0.638	0.44	0.274	0.316	0.163
1.50496	0.114	0.299	0.15	0.609	0.69	0.277	0.421	0.142	0.167	0.261	0.344	0.378	0.554	0.251	0.395	0.185	0.283	0.275	0.023	0.658	0.488	0.348	0.286	0.208
1.67152	0.266	0.356	0.141	0.66	0.738	0.386	0.483	0.19	0.329	0.23	0.34	0.513	0.66	0.207	0.424	0.242	0.318	0.297	0.155	0.712	0.625	0.483	0.403	0.259
1.83821	0.173	0.364	0.278	0.632	0.735	0.277	0.495	0.219	0.276	0.204	0.37	0.457	0.632	0.31	0.488	0.222	0.331	0.353	0.153	0.688	0.685	0.512	0.47	0.259
2.00482	0.317	0.498	0.234	0.704	0.833	0.322	0.548	0.369	0.344	0.419	0.415	0.445	0.619	0.454	0.565	0.329	0.271	0.425	0.082	0.932	0.675	0.557	0.55	0.246
2.17166	0.25	0.466	0.348	0.817	0.75	0.321	0.598	0.213	0.131	0.305	0.414	0.473	0.817	0.387	0.59	0.212	0.265	0.369	0.055	0.902	0.645	0.444	0.432	0.19
2.33823	0.225	0.516	0.135	0.946	0.876	0.338	0.567	0.279	0.34	0.605	0.375	0.46	0.776	0.361	0.639	0.375	0.375	0.61	0.181	1.09	0.606	0.488	0.484	0.318
2.50495	0.376	0.718	0.332	1.003	0.904	0.396	0.601	0.18	0.384	0.607	0.489	0.46	0.833	0.343	0.672	0.322	0.212	0.554	0.152	1.036	0.806	0.517	0.574	0.29
2.67152	0.344	0.63	0.188	1.085	0.901	0.45	0.598	0.261	0.295	0.689	0.458	0.458	0.916	0.566	0.669	0.319	0.265	0.693	0.206	1.203	0.775	0.599	0.6	0.344
2.83833	0.333	0.725	0.531	1.092	1.075	0.429	0.781	0.369	0.347	0.754	0.436	0.491	1.12	0.47	0.622	0.358	0.306	0.671	0.182	1.241	0.811	0.463	0.64	0.293
3.00496	0.255	0.817	0.366	1.182	0.995	0.491	0.731	0.235	0.44	0.816	0.527	0.525	1.097	0.448	0.713	0.421	0.256	0.676	0.187	1.36	0.987	0.497	0.646	0.298
3.17163	0.224	0.875	0.372	1.442	1.228	0.41	0.617	0.2	0.262	0.791	0.503	0.558	1.101	0.502	0.715	0.394	0.341	0.737	0.079	1.504	0.962	0.473	0.59	0.19
3.33838	0.23	0.848	0.283	1.469	1.197	0.522	0.706	0.238	0.302	0.847	0.586	0.584	1.214	0.452	0.83	0.594	0.259	0.906	0.161	1.676	1.161	0.585	0.706	0.301
3.50503	0.365	0.923	0.497	1.657	1.354	0.51	0.839	0.319	0.497	0.95	0.603	0.685	1.486	0.558	0.819	0.47	0.193	0.951	0.289	1.978	1.348	0.572	0.839	0.259
3.67174	0.386	1.112	0.398	1.901	1.398	0.527	0.915	0.371	0.407	0.967	0.619	0.701	1.673	0.608	0.837	0.46	0.497	0.939	0.361	2.309	1.565	0.702	0.83	0.474
3.83841	0.354	0.942	0.489	2.302	1.688	0.502	0.886	0.421	0.371	0.998	0.595	0.706	1.734	0.576	0.924	0.376	0.325	1.0	0.282	2.623	1.51	0.735	0.915	0.479
4.00501	0.39	1.066	0.474	2.654	1.615	0.485	0.952	0.369	0.375	0.839	0.578	0.917	1.887	0.527	0.877	0.699	0.25	0.983	0.324	2.831	1.72	0.719	0.953	0.52
4.17172	0.471	1.308	0.674	2.98	1.847	0.577	0.884	0.317	0.383	1.132	0.755	0.894	2.095	0.551	0.947	0.484	0.38	0.989	0.382	3.333	2.045	0.724	1.112	0.524
4.33853	0.311	1.036	0.662	3.506	1.948	0.535	1.01	0.383	0.448	1.061	0.627	0.966	2.024	0.59	0.932	0.469	0.535	0.975	0.398	3.573	2.059	0.767	1.01	0.425
4.50504	0.368	1.293	0.605	4.076	2.033	0.563	0.925	0.525	0.448	0.947	0.741	0.909	2.509	0.533	0.846	0.497	0.421	1.118	0.398	4.4	2.287	0.796	0.925	0.568
4.6718	0.561	1.311	0.762	4.781	2.364	0.637	1.03	0.549	0.615	1.078	0.758	1.068	2.698	0.811	0.95	0.601	0.526	1.134	0.641	4.963	2.591	0.812	1.144	0.527
4.8385	0.525	1.309	0.822	5.43	2.421	0.638	1.083	0.452	0.603	1.192	0.73	1.211	3.095	0.747	0.92	0.57	0.607	1.05	0.701	5.496	2.645	0.785	1.083	0.643
5.00523	0.6	1.349	1.056	6.02	2.629	0.645	0.983	0.504	0.485	1.144	0.68	1.333	3.05	0.651	0.902	0.696	0.564	1.057	0.678	6.031	2.943	0.82	1.039	0.592
5.17192	0.611	1.502	1.035	6.631	2.895	0.654	1.135	0.516	0.64	1.181	0.774	1.541	3.316	0.718	1.168	0.791	0.631	1.179	0.685	6.671	3.038	0.943	1.078	0.714
5.33857	0.575	1.581	1.23	7.195	3.089	0.677	1.129	0.736	0.489	1.261	0.826	1.707	3.824	0.626	0.99	0.584	0.567	1.231	0.966	7.092	3.546	0.88	1.157	0.766
5.50527	0.839	1.873	1.406	8.003	3.352	0.739	1.135	0.601	0.754	1.438	0.832	1.884	3.916	0.804	1.254	0.762	0.717	1.265	1.171	7.729	3.753	1.057	1.335	0.885
5.67193	0.757	1.993	1.787	8.487	3.417	0.748	1.312	0.716	0.982	1.503	0.926	2.178	4.293	0.636	1.146	0.769	0.779	1.445	1.466	8.213	4.185	1.038	1.226	0.923
5.83859	0.704	2.221	1.834	8.989	3.812	0.882	1.197	0.813	0.881	1.697	0.974	2.515	4.78	0.869	1.113	0.821	0.749	1.436	1.599	8.201	4.646	1.085	1.253	0.913
6.00521	0.925	2.302	2.149	9.632	4.352	0.997	1.421	0.916	0.983	1.924	1.003	2.713	5.002	0.89	1.168	1.048	0.831	1.551	1.686	8.529	4.81	1.114	1.249	1.114
6.17192	0.965	2.798	2.615	9.902	4.619	0.948	1.374	1.014	0.852	1.933	1.04	3.237	5.442	0.758	1.177	1.029	0.984	1.56	2.037	8.885	5.164	1.208	1.345	1.208
6.33862	0.94	3.059	3.019	10.422	5.052	0.951	1.234	0.875	0.942	2.108	1.129	3.955	5.474	0.847	1.352	0.946	0.987	1.677	2.212	8.861	5.826	1.211	1.434	1.125
6.50544	1.177	3.356	2.894	10.362	5.464	0.914	1.334	1.05	0.974	2.439	1.063	4.054	5.997	0.886	1.14	1.248	0.944	1.639	2.716	9.003	5.833	1.26	1.647	1.175
6.67187	1.164	3.713	3.534	9.895	5.935	1.068	1.347	1.095	1.162	2.708	1.103	4.696	6.64	0.957	1.381	1.26	1.043	1.908	3.07	8.849	6.391	1.357	1.547	1.3
6.83856	1.248	4.225	3.937	10.6	6.391	1.074	1.321	1.234	1.271	3.082	1.252	5.324	6.923	1.014	1.385	1.235	1.102	2.056	3.331	8.899	6.701	1.249	1.862	1.42
7.00531	1.231	4.721	4.431	10.271	6.573	1.139	1.416	1.388	1.226	3.491	1.346	5.734	7.191	0.939	1.451	1.444	1.14	2.378	3.825	9.312	7.027	1.457	1.701	1.685
7.17197	1.651	5.4	4.674	10.532	6.993	1.262	1.603	1.471	1.338	3.649	1.383	6.64	7.357	1.101	1.52	1.543	1.27	2.36	4.468	9.257	7.509	1.466	1.859	1.551
7.33858	1.557	5.907	5.239	10.408	7.071	1.428	1.682	1.691	1.501	4.385	1.549	7.089	7.407	1.179	1.657	1.537	1.177	2.583	4.804	9.191	7.729	1.488	1.91	1.717
7.50531	1.737	6.544	5.761	10.331	7.508	1.377	1.717	1.786	1.624	4.764	1.44	8.098	7.786	1.244	1.52	1.572	1.327	2.818	5.726	8.799	7.766	1.58	2.002	1.923
7.67196	1.897	7.103	6.607	10.26	7.41	1.368	1.621	1.802	1.497	5.268	1.775	8.714	8.174	1.233	1.682	1.734	1.431	3.237	5.686	9.1	8.411	1.657	2.106	2.086
7.83874	1.811	7.989	6.979	10.432	8.01	1.597	1.85	1.973	1.926	5.839	1.689	9.572	8.546	1.347	1.768	1.905	1.402	3.323	6.058	8.957	8.154	1.714	2.078	2.143
8.00548	1.903	8.86	7.5	10.474	8.018	1.624	1.738	2.241	1.793	6.161	1.887	10.414	8.842	1.209	1.797	2.021	1.605	3.781	6.75	9.084	8.794	1.826	2.195	2.456
8.17206	2.039	9.932	8.522	10.346	8.096	1.797	2.107	2.316	1.84	6.954	2.032	11.143	8.517	1.347	1.739	2.248	1.66	4.094	7.544	9.043	8.582	1.886	2.249	2.572
8.33872	1.934	10.279	8.929	10.466	8.162	1.782	2.004	2.408	1.932	8.132	2.045	12.004	8.838	1.386	1.98	2.402	1.642	4.306	8.437	8.906	8.503	1.957	2.26	2.927
8.50552	2.184	11.124	9.875	10.817	8.3	1.986	2.074	2.668	2.192	8.277	2.192	12.678	8.352	1.46	1.96	2.471	1.769	4.833	8.551	9.025	8.563	2.102	2.33	2.962
8.67212	2.286	12.264	10.265	10.061	8.431	2.084	2.116	2.772	2.44	9.586	2.348	13.129	8.455	1.59	1.973	2.8	1.955	5.507	9.859	9.129	8.695	2.286	2.402	2.975
8.8389	2.544	13.067	10.61	10.233	8.345	2.027	2.202	3.116	2.382	9.987	2.578	13.502	8.713	1.59	2.087	2.915	2.042	5.651	10.088	9.531	8.523	2.315	2.574	3.348
9.00539	2.635	13.808	11.528	10.406	8.549	2.266	2.153	3.175	2.355	11.363	2.587	13.699	8.687	1.653	2.154	3.066	2.049	6.173	10.892	9.417	8.668	2.354	2.696	3.672
9.17212	2.594	14.494	13.024	10.446	8.766	2.406	2.403	3.559	2.454	11.913	2.727	14.074	8.816	1.673	2.207	2.916	2.185	7.021	11.445	9.057	8.796	2.609	2.917	3.868
9.33898	2.978	15.67	12.645	10.664	8.291	2.638	2.41	3.863	2.757	13.111	3.017	15.39	8.343	1.911	2.211	3.582	2.307	7.606	12.325	9.331	8.754	2.612	2.868	3.987
9.50549	3.069	16.236	13.087	10.415	8.439	2.664	2.353	4.245	2.736	13.872	3.1	15.608	8.635	1.999	2.524	3.841	2.479	7.811	12.48	8.708	8.675	2.751	2.897	4.33
9.67214	3.064	17.16	13.992	10.292	8.377	2.638	2.353	4.378	3.1	14.057	3.275	14.215	8.601	1.969	2.412	4.155	2.45	8.781	13.499	9.073	8.668	2.784	3.126	4.56
9.83895	3.306	16.147	15.212	10.764	8.16	2.964	2.622	4.651	3.028	15.335	3.543	14.576	8.528	2.095	2.393	4.481	2.576	9.539	13.601	9.173	8.424	3.08	3.051	4.915
10.00562	3.606	16.31	15.832	10.578	8.258	3.002	2.805	4.78	3.186	15.869	3.639	14.506	8.627	2.02	2.518	4.464	2.73	9.725	14.306	9.359	8.179	3.147	2.918	5.528
10.17221	3.405	16.683	15.659	10.693	8.431	3.346	2.69	5.297	3.186	16.299	3.811	14.162	8.512	2.336	2.661	5.067	2.73	11.131	15.224	9.588	8.609	3.233	3.234	5.442
10.33889	3.499	17.097	17.852	10.932	8.525	3.497	2.898	5.651	3.654	16.857	4.134	15.12	8.463	2.43	2.869	5.419	3.053	12.002	14.977	9.425	9.106	3.411	3.442	6.052
10.50556	3.606	18.117	16.549	10.348	8.258	3.318	3.293	6.043	3.53	17.619	4.127	15.224	8.11	2.422	2.747	5.239	3.218	12.737	14.822	9.76	8.666	3.491	3.693	6.159
10.67221	3.924	17.046	18.004	10.664	8.12	3.584	2.869	6.442	3.588	17.638	4.45	14.931	8.601	2.427	2.899	5.731	3.31	14.053	16.308	9.474	8.84	3.385	3.727	6.48
10.83909	4.338	17.008	17.592	10.822	8.16	3.738	3.224	6.83	4.147	17.227	4.633	14.748	8.241	2.496	2.852	6.517	3.206	14.414	17.644	9.918	8.252	3.653	3.653	6.807
11.00568	4.596	17.094	18.51	10.764	8.218	4.024	3.396	7.604	4.233	16.883	5.063	15.436	8.786	2.668	3.11	6.431	3.55	14.872	15.58	9.517	8.424	3.911	3.653	7.581
11.17223	4.402	16.772	18.905	10.802	8.106	4.11	3.225	7.591	4.185	17.823	5.379	15.97	8.533	2.901	3.052	6.58	3.61	15.722	17.205	10.128	8.603	4.254	3.855	7.586
11.33898	4.581	17.341	19.301	11.157	8.283	4.685	3.342	8.037	4.627	16.925	5.237	15.269	8.395	2.934	3.223	7.19	3.872	16.689	17.168	9.332	8.293	4.397	4.001	8.425
11.50575	4.617	16.901	19.263	10.854	8.311	4.588	3.537	8.27	4.761	17.895	5.72	15.563	8.253	3.02	3.413	8.093	3.955	17.51	17.383	9.95	8.472	4.355	4.343	8.256
11.67248	5.395	16.73	19.035	11.138	8.315	4.945	3.747	8.802	5.215	16.975	5.958	14.652	8.515	3.053	3.511	8.033	3.99	18.294	17.418	9.686	8.241	4.425	4.119	9.209
11.83901	5.398	17.392	18.657	11.345	7.935	5.022	3.942	9.513	4.934	17.924	6.587	14.292	8.051	3.366	3.558	8.324	4.475	17.77	17.787	9.574	8.559	4.962	4.17	10.134
12.00573	5.715	17.652	19.032	11.027	8.108	5.022	4.057	9.397	5.166	17.114	6.413	14.957	8.08	3.54	3.933	8.96	4.62	18.175	18.943	9.747	8.761	4.875	4.574	10.163
12.17235	5.348	16.837	19.865	11.24	8.344	5.312	4.031	10.052	5.293	17.02	6.677	14.684	8.171	3.313	3.703	8.912	4.682	18.313	18.185	10.248	8.189	4.933	4.201	10.433
12.33897	5.629	17.612	18.388	10.883	8.2	5.432	4.149	10.343	5.712	16.673	7.169	14.778	7.882	3.688	3.969	9.508	4.768	18.165	17.519	10.181	7.868	5.027	4.925	10.597
12.50566	5.913	18.021	19.113	11.774	8.047	6.0	4.313	10.778	5.594	17.542	7.276	14.893	8.047	3.796	3.901	9.995	5.165	18.804	16.857	9.858	8.121	5.045	4.917	11.141
12.67259	6.25	17.979	19.186	11.417	8.125	5.992	4.421	11.43	5.901	17.096	7.759	14.882	7.779	4.018	3.894	10.765	5.156	18.242	17.538	9.935	7.766	5.904	4.938	12.344
12.83925	6.894	17.635	18.468	11.167	7.849	6.323	4.318	11.318	6.775	17.532	8.001	15.205	7.791	3.943	4.139	11.61	5.457	18.852	17.369	10.176	7.373	5.456	4.979	11.833
13.00587	6.524	17.227	17.831	11.748	8.089	6.389	4.385	12.93	6.632	18.509	7.98	15.897	7.568	4.008	4.235	11.813	5.435	17.724	17.223	10.123	7.727	6.129	4.901	12.326
13.17248	6.697	17.775	19.013	12.324	7.887	6.706	4.875	12.93	6.459	18.48	8.355	15.494	7.741	4.152	4.235	11.813	5.377	18.444	17.396	10.469	7.583	6.1	5.218	13.594
13.33917	7.327	18.587	18.785	12.004	7.647	6.64	4.722	13.05	6.919	17.157	8.463	15.177	7.156	4.347	4.571	12.62	5.861	18.419	17.773	10.176	7.777	6.033	5.152	14.372
13.50578	7.32	18.192	19.052	11.215	8.034	7.317	4.965	13.376	6.829	17.567	8.912	14.887	7.485	4.593	4.87	13.485	6.454	18.483	16.823	10.137	7.329	5.985	5.367	14.428
13.67245	7.347	17.979	18.031	11.504	7.605	7.436	4.941	14.491	6.941	18.713	9.578	15.69	7.432	4.798	4.847	13.942	5.994	18.704	17.798	10.455	7.563	6.164	5.659	14.134
13.83921	7.922	17.607	18.236	11.789	7.77	7.573	5.279	14.844	7.142	17.821	9.544	15.431	7.626	4.762	4.635	14.145	6.796	18.274	16.528	10.479	7.498	6.357	5.796	15.376
14.00587	7.837	17.879	18.881	11.732	7.996	7.512	4.986	15.465	7.783	17.975	9.803	16.015	7.216	4.876	5.237	14.556	6.303	18.255	17.606	10.769	7.176	6.872	6.169	14.919
14.17253	7.769	17.779	17.942	11.288	7.814	7.475	5.383	16.03	7.916	17.847	9.533	16.119	7.555	5.185	5.171	14.863	6.786	18.474	17.42	10.296	7.225	7.211	6.132	16.036
14.33922	8.108	17.966	17.542	12.435	7.613	7.626	6.085	16.604	7.799	18.292	10.213	14.757	7.443	5.196	5.405	15.158	7.087	19.093	18.296	10.282	7.55	7.041	5.965	16.793
14.50587	8.966	18.602	17.405	11.732	7.562	7.946	5.826	15.465	8.217	17.715	9.89	15.263	7.303	5.194	5.092	14.701	7.056	19.268	17.114	10.856	7.523	7.075	5.996	16.106
14.6726	8.85	17.966	18.997	11.587	7.736	8.641	5.565	16.131	8.448	17.368	10.382	16.276	7.564	5.31	5.497	15.743	7.056	18.921	17.519	11.03	7.408	7.335	6.169	17.495
14.83921	8.103	17.827	18.801	11.737	7.711	8.182	5.511	16.573	8.917	18.619	10.647	14.603	7.047	5.981	5.53	16.415	7.466	19.391	16.657	10.948	7.614	7.253	6.521	17.473
15.00613	9.227	17.908	17.839	11.848	7.707	8.583	5.912	16.855	8.304	17.946	10.816	16.305	7.332	5.831	5.96	16.177	7.316	18.95	17.635	11.03	7.321	7.885	6.256	17.322
15.17278	9.501	18.085	18.483	11.981	7.704	8.692	6.513	16.448	8.691	18.299	10.979	16.315	7.184	5.678	5.898	16.878	8.03	19.475	16.776	11.077	7.143	7.736	6.308	16.925
15.3393	8.748	17.613	17.715	12.062	7.855	8.764	5.889	17.06	8.611	18.607	11.291	15.309	7.451	6.275	5.906	18.287	8.253	19.437	16.786	10.954	7.296	8.006	6.784	17.285
15.50602	9.498	18.24	18.489	12.205	8.004	9.084	6.674	16.87	9.329	18.307	11.637	15.853	7.485	6.42	6.2	17.291	8.252	19.223	16.489	11.184	7.242	7.604	6.67	17.913
15.67272	9.335	18.047	17.616	12.468	7.923	9.278	6.487	17.945	9.846	18.517	10.853	16.164	7.492	6.357	6.501	16.978	8.453	19.289	16.132	11.213	7.281	7.992	6.948	18.497
15.83933	10.442	18.868	17.899	11.583	7.814	9.127	6.601	17.616	10.158	18.095	11.478	15.552	7.149	6.434	6.387	17.31	8.586	19.736	16.71	11.026	7.081	8.167	6.51	18.222
16.00606	10.61	18.34	18.24	12.795	7.462	9.615	6.741	17.783	9.862	18.494	11.386	16.561	7.609	6.777	6.325	17.738	9.015	19.787	16.501	11.455	7.338	8.192	6.766	17.694
16.17274	10.656	18.273	17.332	12.491	7.822	10.151	6.668	17.777	10.489	18.514	10.764	15.39	7.331	7.169	6.511	18.019	8.712	18.996	16.896	11.355	7.292	7.915	6.867	17.104
16.33941	10.338	18.877	17.591	12.031	7.744	9.635	6.732	18.433	10.632	18.365	11.174	16.23	7.34	6.883	6.664	17.87	9.092	19.31	17.271	11.706	7.271	8.357	7.394	18.55
16.50619	10.332	18.841	18.106	12.258	7.971	9.717	6.814	16.688	10.539	18.213	11.892	15.298	7.481	7.139	6.399	16.994	10.013	18.58	16.946	11.932	7.441	8.613	6.869	18.37
16.67281	10.732	17.627	18.162	12.768	7.863	10.107	6.942	17.336	10.566	18.679	11.243	15.089	7.518	7.242	6.611	17.866	9.742	18.493	15.203	12.008	7.624	8.711	7.083	17.384
16.8395	10.517	19.272	16.962	12.261	7.497	9.222	7.478	16.836	10.585	18.524	10.997	15.541	7.385	7.17	7.32	17.334	9.99	18.397	16.323	11.82	7.492	8.666	7.01	17.403
17.00618	11.173	17.894	18.11	13.005	8.012	9.561	7.498	17.459	11.443	18.714	11.683	15.82	7.464	7.421	7.195	17.93	9.341	18.413	15.382	12.187	7.367	8.919	7.233	18.232
17.17279	10.993	18.033	17.292	13.783	7.95	9.904	7.232	17.104	11.349	18.882	11.852	16.452	7.547	7.938	7.278	17.75	9.626	19.19	16.334	12.414	7.479	8.392	7.141	17.616
17.33955	11.586	18.341	17.393	12.688	8.065	9.618	7.352	17.418	11.22	17.708	11.336	15.187	7.634	7.219	7.483	18.145	10.476	18.626	15.475	12.916	7.48	8.771	7.464	17.922
17.50611	11.638	18.363	16.951	12.596	7.8	9.759	7.667	17.875	11.301	18.37	11.941	15.849	7.223	7.737	7.421	16.367	11.022	18.881	16.079	12.707	7.504	9.028	6.907	17.567
17.67287	11.19	19.482	16.503	13.747	8.111	9.14	7.135	16.931	11.143	18.705	11.611	16.012	7.447	7.784	7.76	17.951	10.779	19.274	16.561	12.813	7.467	8.555	7.247	18.948
17.83956	12.209	18.637	18.652	13.611	8.19	10.141	7.818	17.298	11.172	18.24	11.739	15.958	7.584	8.347	7.778	18.498	10.469	19.07	15.956	12.764	7.516	8.428	7.031	17.237
18.00618	11.713	17.827	16.707	13.544	7.85	9.691	7.396	17.105	12.101	17.892	11.698	15.605	7.708	8.336	7.992	17.08	11.534	18.868	15.458	12.784	7.496	8.38	7.363	17.467
18.17292	12.857	19.119	16.893	14.251	8.322	10.311	7.58	17.672	12.172	18.719	11.883	16.052	7.833	8.172	7.508	17.906	10.645	18.271	15.673	12.911	7.679	8.418	6.646	18.874
18.33962	11.851	18.28	17.338	13.627	8.202	9.547	7.397	17.523	11.858	18.52	11.146	15.425	7.799	8.449	8.342	17.852	10.514	19.495	16.322	13.186	7.528	8.876	7.306	17.894
18.50627	12.414	18.468	16.045	13.812	8.298	9.933	7.725	17.336	11.378	18.011	11.852	15.176	7.808	8.634	7.278	18.127	11.192	18.812	15.638	13.342	7.856	8.45	6.967	16.717
18.67288	12.025	19.353	16.149	13.772	8.463	9.837	7.832	17.06	11.684	18.259	11.987	15.512	7.973	8.913	7.559	18.026	11.152	18.074	16.728	13.447	8.195	8.644	6.784	17.285
18.83962	12.615	19.401	16.359	13.832	8.567	10.064	8.146	17.317	11.756	19.959	11.55	15.983	7.932	8.856	7.957	17.752	11.765	18.348	16.097	13.595	8.156	8.954	7.037	17.499
19.00631	13.149	19.317	16.23	14.202	8.72	9.716	7.711	17.487	12.287	18.253	11.749	15.738	8.143	8.792	7.613	17.672	12.074	18.445	16.229	13.848	8.307	8.524	7.475	17.104
19.17299	12.824	18.885	16.655	13.925	8.484	9.691	8.151	16.627	11.705	18.92	11.206	15.727	8.285	8.716	7.439	17.933	11.771	18.297	15.667	14.095	8.074	9.221	6.518	17.592
19.3396	12.718	19.126	16.55	14.722	8.733	9.531	7.875	16.721	12.702	19.103	11.162	14.954	8.273	8.497	7.57	17.041	11.58	18.887	16.666	14.165	8.061	8.393	7.377	16.934
19.50652	12.764	18.947	16.272	14.44	8.784	10.374	7.728	16.781	11.938	18.922	11.047	16.625	8.557	8.561	7.828	17.208	12.317	19.374	17.176	14.146	8.113	8.65	6.966	17.737
19.67298	12.687	18.781	15.992	14.481	9.062	9.807	7.889	17.399	12.268	18.611	11.731	15.763	8.282	9.068	7.873	17.537	12.358	17.724	15.906	14.333	8.449	8.549	6.865	17.397
19.8397	12.962	19.028	16.004	14.813	8.983	9.816	7.374	17.648	11.932	18.624	11.858	15.629	8.465	8.672	8.668	17.522	11.817	18.581	15.131	14.926	8.458	8.82	6.641	17.061
20.00645	13.245	19.638	15.847	14.567	8.988	10.234	8.024	15.58	12.655	19.377	10.937	15.56	8.529	8.685	7.248	17.254	12.008	18.313	15.177	14.477	8.756	9.089	6.386	16.41
20.17314	12.901	20.215	15.597	15.105	9.195	9.531	8.165	16.242	12.248	18.853	11.134	15.483	8.647	9.052	7.888	16.994	12.254	18.229	14.579	14.665	8.523	8.594	6.503	16.797
20.3398	12.252	19.427	16.459	15.092	8.996	10.093	7.563	16.097	11.747	19.285	11.32	15.734	8.77	8.746	8.012	16.872	12.009	18.601	14.536	15.002	8.646	8.28	6.626	17.487
20.50639	13.492	19.472	15.136	14.906	9.308	9.937	7.321	16.548	12.928	18.835	11.776	16.276	9.081	8.997	7.799	17.907	12.55	18.879	14.875	14.612	8.899	8.563	6.529	16.746
20.67306	12.47	20.411	15.946	15.716	9.289	9.864	7.771	15.682	12.085	18.895	11.209	16.417	9.121	9.25	7.782	17.589	11.845	18.413	15.334	15.219	8.97	8.923	6.219	17.736
20.83979	13.133	19.143	15.59	15.156	9.234	9.864	7.072	16.717	12.308	19.379	11.704	16.556	9.094	8.926	7.58	16.237	12.568	18.199	14.221	15.358	8.738	8.372	6.397	16.473
21.00639	12.174	20.44	15.648	15.564	9.569	10.088	7.645	16.354	13.017	19.798	11.376	16.296	9.051	8.922	7.625	17.178	11.897	18.264	14.102	15.359	9.047	8.766	6.441	16.71
21.17319	12.701	19.862	15.648	15.506	9.562	10.171	7.493	16.566	12.583	19.833	10.787	16.414	9.074	8.744	7.794	16.889	12.481	19.174	13.574	15.564	9.333	8.701	6.113	16.478
21.33992	12.733	19.764	15.259	16.41	9.734	9.588	7.378	16.298	12.624	19.584	10.794	15.825	9.276	9.463	8.086	16.721	12.622	18.773	13.296	15.826	8.982	8.551	6.373	16.947
21.50664	12.745	20.894	15.094	16.539	9.831	9.774	8.004	15.902	12.373	19.891	11.333	16.277	9.109	8.711	7.625	15.413	12.458	19.402	14.246	15.838	9.343	8.56	6.294	16.959
21.6732	13.549	20.278	14.381	16.291	9.69	9.951	7.682	15.579	12.351	19.368	10.949	16.996	9.319	8.822	7.512	15.865	12.036	18.384	14.179	15.941	9.141	8.243	6.035	16.123
21.83985	12.542	20.843	14.946	16.364	9.854	9.093	7.411	16.321	12.113	19.309	11.887	15.808	9.573	9.002	7.854	16.415	12.399	18.789	13.892	16.251	9.22	8.67	6.375	16.108
22.00654	12.598	20.454	14.712	16.451	9.86	9.833	7.299	15.226	12.256	20.068	10.98	17.129	9.432	8.593	7.479	15.677	12.223	19.314	14.422	16.22	9.255	8.354	5.853	17.135
22.1732	12.84	20.726	15.247	16.075	10.012	9.485	7.686	15.381	11.558	19.722	11.719	16.783	9.466	8.716	7.571	15.507	12.64	18.293	13.723	16.373	9.348	8.359	6.004	15.497
22.34007	12.649	20.351	14.532	17.177	10.186	9.364	6.919	15.711	11.981	20.201	11.419	16.828	9.493	8.238	7.51	16.519	12.188	19.538	13.831	16.623	9.315	9.149	6.091	16.394
22.50666	12.947	21.012	14.117	17.093	10.437	9.441	7.141	15.755	12.312	20.978	11.206	16.831	9.891	8.997	7.467	16.849	12.746	18.607	13.416	16.891	9.48	9.283	6.194	16.543
22.67327	12.394	20.732	14.488	17.04	10.53	9.853	7.145	15.74	11.137	20.555	10.939	16.632	9.983	8.811	7.328	16.203	12.785	18.664	13.29	17.597	9.541	8.293	5.851	16.784
22.83993	12.356	20.879	14.503	16.913	10.156	9.305	6.919	16.767	12.421	20.524	10.275	16.388	9.845	8.649	7.07	14.759	12.598	20.125	13.333	17.004	9.667	8.504	5.886	16.306
23.00674	13.051	20.981	14.557	17.609	10.451	9.453	7.418	16.458	11.56	20.071	10.832	17.054	9.817	8.881	7.044	14.986	12.065	18.882	13.798	16.878	9.961	8.389	5.86	16.357
23.1734	11.652	21.143	13.711	17.265	10.567	10.068	7.652	15.359	11.805	19.908	10.539	17.092	9.786	9.177	7.276	16.314	12.246	20.125	14.183	17.356	10.078	8.885	6.179	16.834
23.33998	12.002	21.545	13.977	16.97	10.544	9.721	7.159	15.557	12.71	21.28	10.134	17.412	9.91	8.739	6.872	15.344	12.217	19.973	13.042	17.002	9.848	8.687	5.571	15.22
23.50672	11.845	21.392	14.521	17.634	10.616	9.648	7.203	15.491	11.44	20.979	10.031	17.079	10.187	9.342	7.267	16.066	12.293	19.759	13.439	17.548	10.068	8.788	5.701	15.883
23.67339	11.827	21.868	14.153	17.351	10.28	9.721	7.159	15.294	12.387	21.045	10.661	17.06	9.939	9.15	6.609	14.787	12.217	19.211	13.628	17.705	10.053	8.658	5.688	15.66
23.84002	11.861	21.427	14.219	17.736	10.759	9.79	6.965	15.03	11.98	21.514	9.968	17.68	10.418	9.128	6.855	16.519	11.96	19.448	13.606	18.586	10.561	8.815	5.29	15.812
24.00671	11.673	21.91	14.559	17.724	10.779	9.517	6.81	15.718	11.557	21.675	10.631	17.023	10.321	8.854	6.788	14.926	12.446	19.639	13.596	18.28	10.142	8.28	5.867	15.888
24.17339	11.86	21.653	14.162	17.88	11.116	9.678	6.65	15.082	11.976	21.068	10.529	16.946	10.745	9.013	7.301	16.252	10.732	19.824	13.696	18.085	10.273	8.354	5.503	15.694
24.34013	11.947	21.799	14.337	18.319	10.941	9.942	6.708	14.965	11.157	21.653	10.032	17.443	10.657	9.1	6.599	15.258	12.399	19.941	14.72	18.407	10.302	8.647	5.182	15.343
24.50686	11.228	22.507	15.315	18.767	10.839	9.664	6.636	15.061	11.693	21.602	10.602	17.804	10.555	9.259	6.937	15.269	11.797	20.183	13.417	18.299	10.463	8.78	5.315	15.939
24.67345	11.527	22.437	14.354	18.543	11.043	9.4	6.663	15.104	12.084	21.587	10.573	17.93	10.877	9.029	6.7	14.575	11.831	20.195	13.596	19.041	10.551	8.455	5.457	15.449
24.8401	12.445	21.799	14.688	18.933	11.262	9.386	6.386	15.082	11.157	22.004	10.997	18.35	10.774	9.305	6.95	15.697	11.639	19.941	13.755	19.255	10.536	8.647	5.152	15.519
25.00675	11.627	21.867	14.306	18.38	11.111	9.234	6.526	15.089	10.955	21.953	10.554	18.382	10.945	8.952	6.679	14.704	12.018	20.502	14.69	19.142	10.942	8.493	5.203	15.987
25.17353	11.491	21.864	14.35	18.942	11.54	9.576	6.782	15.207	11.927	22.332	10.426	18.126	11.023	9.026	6.557	15.678	12.498	20.621	14.089	18.562	10.814	8.195	5.052	16.202
25.34016	11.613	22.126	14.737	18.537	11.433	9.645	6.034	15.091	11.287	21.689	10.699	18.976	11.003	8.8	6.569	15.215	12.446	20.564	13.979	19.12	10.882	8.499	5.123	15.565
25.5068	11.714	22.745	14.277	19.141	11.55	9.263	6.35	15.44	11.482	22.363	10.319	18.382	11.208	8.454	6.679	15.231	12.692	21.438	13.987	19.904	10.766	8.23	5.173	15.548
25.67345	11.619	22.981	14.246	19.156	11.584	9.036	6.476	14.835	11.557	23.157	10.324	18.369	11.008	9.097	6.369	15.571	11.721	20.571	14.014	19.039	10.887	8.094	5.127	15.425
25.84012	12.338	22.946	14.789	19.381	11.599	8.875	6.11	15.149	11.079	22.829	10.193	18.681	11.344	8.85	6.382	15.444	11.739	21.352	14.264	19.497	11.223	8.166	5.257	15.676
26.00687	13.176	22.94	15.068	19.108	11.789	9.474	6.591	15.141	11.625	22.238	10.178	19.11	11.213	9.364	6.336	15.346	12.574	21.666	14.632	19.898	11.18	8.471	5.094	15.723
26.17358	11.649	23.224	14.946	19.482	12.047	9.118	6.499	15.514	11.502	22.844	10.524	19.103	11.442	8.598	6.215	14.813	11.925	21.191	14.568	19.891	11.175	7.941	5.148	14.928
26.34034	12.269	23.291	15.215	19.576	11.789	9.21	6.211	14.351	10.923	22.589	10.032	18.759	11.476	8.136	6.248	15.024	12.341	21.578	14.223	19.693	11.238	8.384	5.415	15.343
26.50693	11.93	23.219	15.168	19.853	12.062	9.571	6.337	15.067	11.346	23.13	10.451	18.948	11.574	8.936	6.081	14.569	11.592	21.505	14.409	20.146	11.424	7.895	5.073	15.209
26.67367	11.358	24.153	15.002	19.959	12.126	9.165	5.753	14.532	10.981	22.862	10.31	19.434	11.58	9.267	6.199	15.051	11.778	21.467	14.419	20.517	11.372	8.306	5.19	15.045
26.84028	12.055	22.915	15.553	19.864	12.004	9.277	6.247	14.964	10.857	23.176	11.037	18.753	11.985	8.822	6.253	15.308	11.801	21.782	14.267	20.598	11.718	7.892	4.951	14.599
27.00702	11.645	23.823	15.026	19.981	12.121	8.809	5.895	14.525	11.736	23.206	10.773	19.368	11.985	8.734	6.253	14.547	12.827	21.694	15.029	20.598	11.806	7.892	5.039	14.629
27.17369	11.146	23.578	14.998	19.86	12.535	9.342	6.4	14.226	10.767	22.728	10.485	20.213	11.667	8.795	6.144	14.516	11.685	21.073	14.503	20.592	11.634	7.812	5.019	14.249
27.34037	11.228	24.038	15.255	20.555	12.354	9.161	6.337	14.453	11.112	23.16	10.217	19.065	11.866	8.702	5.789	14.92	11.65	22.178	14.234	20.76	11.921	8.392	5.278	14.741
27.50702	12.084	23.998	15.377	20.362	12.531	9.277	6.247	14.525	10.77	23.176	10.51	19.515	12.102	9.086	6.253	14.517	12.212	22.573	14.15	20.979	11.953	7.716	4.864	13.926
27.67376	10.836	24.413	16.121	20.869	12.604	9.234	6.145	14.386	10.194	23.68	10.29	19.846	12.057	8.864	6.006	14.353	11.404	22.551	15.041	20.87	12.054	8.113	5.261	14.436
27.84043	12.106	24.038	15.402	20.497	12.793	9.395	6.512	13.634	10.175	23.598	10.831	20.528	12.422	8.877	6.081	14.247	11.738	22.09	15.024	21.199	12.185	7.954	5.161	14.916
28.00699	11.193	24.136	15.63	21.127	12.821	9.192	5.843	14.791	10.313	24.136	10.977	20.574	12.479	8.845	5.793	14.883	12.142	22.893	14.697	20.893	11.978	8.366	5.165	13.596
28.17366	10.521	24.515	15.572	21.039	12.587	9.046	6.047	14.703	9.787	23.961	10.451	20.924	12.391	9.254	5.852	14.269	11.616	23.069	15.223	21.477	12.503	8.249	5.428	14.268
28.34046	11.076	24.773	15.6	21.285	12.609	9.092	5.974	13.954	10.435	23.542	10.412	20.321	12.443	8.46	5.981	14.183	11.702	22.88	15.164	21.638	12.586	8.381	5.353	14.354
28.50706	11.264	23.969	15.875	21.651	12.824	9.072	5.983	13.675	10.125	24.582	10.393	21.419	12.512	8.91	6.077	14.107	11.421	23.335	14.619	21.594	12.568	7.892	5.479	14.424
28.67367	10.472	24.608	16.815	21.488	12.67	9.588	5.704	14.214	10.276	24.486	10.207	20.551	12.681	8.876	5.796	14.167	11.477	22.324	15.497	21.843	12.534	8.023	5.169	13.982
28.8405	10.76	25.094	16.075	21.905	13.01	9.102	5.92	13.101	10.038	24.911	10.515	20.614	12.994	8.807	6.157	13.869	11.911	23.509	15.285	21.969	12.759	8.003	5.178	13.768
29.00712	11.007	25.064	16.116	22.133	13.223	9.135	6.04	13.855	10.082	24.968	10.521	20.516	12.854	8.58	5.951	13.557	11.244	22.679	14.855	21.844	13.062	7.503	5.384	13.571
29.17378	10.66	24.665	16.357	21.95	13.264	9.152	6.352	13.469	9.967	24.307	10.476	20.865	12.806	8.385	5.972	13.739	11.105	23.464	15.744	22.219	13.1	8.494	5.64	14.197
29.34051	10.713	24.927	16.614	21.811	13.119	9.041	6.303	13.57	9.957	24.63	10.539	20.875	12.719	8.561	5.75	13.439	11.719	23.556	15.327	22.225	13.245	7.653	5.651	13.989
29.50719	10.719	24.595	17.208	21.649	13.032	9.246	6.154	13.406	10.083	25.559	10.393	20.741	13.015	8.593	5.805	13.269	11.401	23.866	15.861	22.152	13.073	8.119	5.53	14.169
29.67385	10.56	25.413	16.757	21.935	13.4	9.583	6.255	13.456	9.073	25.29	10.554	21.174	13.06	8.903	6.14	13.463	11.094	23.654	17.378	22.468	13.383	7.897	5.513	14.01
29.84057	10.649	25.639	16.93	21.827	13.498	9.424	5.749	13.441	9.949	25.461	10.217	21.331	13.068	8.705	5.813	13.111	11.245	23.598	15.995	22.414	13.388	7.921	5.449	14.131
30.00722	10.385	26.108	16.578	22.471	13.41	9.365	6.276	13.089	9.598	25.08	10.012	21.507	13.596	8.705	5.931	13.551	10.864	24.096	15.79	22.502	13.739	7.716	5.86	13.603
30.17394	10.666	26.09	16.947	22.691	13.487	9.326	6.413	13.047	9.82	25.855	10.558	21.258	13.321	8.548	6.098	12.953	11.702	24.696	16.159	23.102	13.64	8.205	5.88	13.739
30.34065	10.227	25.886	16.771	22.339	13.751	9.239	6.062	13.076	9.673	25.24	10.324	21.609	13.497	8.196	6.01	13.568	11.439	24.52	16.481	23.014	13.845	7.824	5.968	14.354
30.50728	10.666	25.739	17.533	22.544	13.751	8.624	6.267	13.808	9.205	25.855	10.149	22.4	13.585	8.284	5.981	13.656	10.648	25.047	16.979	23.131	14.138	7.795	6.056	14.266
30.67387	10.361	26.481	18.404	22.486	13.734	8.924	6.274	13.834	9.077	25.95	10.099	22.518	13.775	8.15	6.22	13.234	11.132	24.583	16.53	22.899	14.067	8.005	6.091	13.901
30.84059	9.705	26.112	17.482	23.116	14.046	9.443	5.942	13.703	9.359	25.64	10.412	21.799	13.764	8.55	5.83	13.662	11.121	24.772	16.84	23.236	14.084	7.645	5.877	14.388
31.00733	9.751	26.05	17.882	23.021	14.18	8.929	6.542	14.017	9.611	25.87	10.456	22.349	13.869	8.508	5.843	13.973	10.345	24.972	16.624	23.112	13.926	7.687	5.978	14.464
31.17402	10.315	26.221	17.652	22.845	14.158	9.643	6.436	13.696	9.792	26.687	9.938	22.408	14.052	8.223	6.266	13.686	10.705	25.175	17.362	23.638	14.225	8.08	6.224	14.793
31.34057	10.029	26.32	18.356	23.451	14.139	9.395	6.571	13.371	9.181	26.173	10.305	22.429	13.973	8.087	6.403	14.335	11.211	24.957	17.51	23.686	14.466	7.954	6.214	14.302
31.50731	9.272	27.162	17.721	23.057	14.347	9.072	6.335	13.705	9.393	26.604	9.924	22.825	14.182	8.968	6.106	13.551	10.981	24.829	17.255	23.381	14.56	7.54	6.299	14.541
31.67406	10.684	26.335	18.433	23.366	14.35	9.041	6.743	13.717	9.605	26.742	10.422	22.547	14.244	8.414	6.396	13.527	10.281	25.316	17.85	24.102	14.976	7.917	6.414	14.839
31.84063	9.759	27.057	18.704	23.511	14.424	9.092	6.736	13.896	9.205	27.436	10.822	22.634	14.288	8.518	6.274	13.656	10.765	25.925	17.067	23.893	14.665	7.912	6.554	14.588
32.00734	9.841	27.311	18.639	23.21	14.418	9.234	6.702	13.801	8.584	26.461	9.822	22.451	14.897	8.454	6.152	13.387	10.818	25.742	17.88	23.621	14.923	7.82	6.491	14.875
32.17409	9.232	26.969	18.557	23.657	14.775	9.18	6.882	13.866	9.146	26.997	10.149	22.576	14.785	8.108	6.596	13.978	10.15	26.013	17.77	23.775	15.017	8.059	6.846	14.529
32.34084	9.569	26.745	19.489	23.718	14.79	9.305	6.655	14.215	8.549	27.329	10.363	23.779	14.831	8.121	6.572	14.202	11.132	26.137	18.084	24.219	14.946	8.152	6.678	14.575
32.50746	9.474	27.3	18.412	23.53	14.784	9.372	6.753	13.746	8.8	27.125	10.368	22.772	14.676	7.798	6.674	14.041	10.774	25.823	18.239	23.706	15.197	8.195	7.039	14.712
32.67418	9.875	27.188	18.941	23.959	14.95	9.438	6.934	14.253	9.411	27.655	10.525	23.639	14.931	8.105	6.793	14.008	10.089	25.614	18.768	24.283	15.486	7.729	7.192	14.265
32.84077	9.458	27.223	19.319	23.931	14.825	9.046	7.011	13.87	8.585	27.367	10.456	23.17	14.925	8.038	6.664	13.797	10.903	25.969	18.765	24.022	15.246	8.039	7.034	14.728
33.00747	9.52	27.981	19.682	24.212	15.094	9.338	6.951	14.088	8.532	27.918	10.456	23.274	14.959	8.158	6.484	13.892	10.672	26.312	19.186	24.803	15.516	7.977	7.179	14.968
33.1741	9.399	28.015	19.759	24.283	15.06	8.958	7.129	14.545	8.907	27.103	10.632	23.581	15.189	8.332	7.016	14.296	10.551	26.615	19.029	24.286	15.656	7.951	7.151	15.696
33.34083	9.305	27.537	19.577	24.158	15.26	9.188	7.271	14.274	8.667	27.827	10.774	23.603	15.359	8.297	6.63	13.703	10.193	26.9	19.111	24.483	15.65	7.947	7.469	15.602
33.50761	9.251	27.532	19.881	24.468	15.352	9.158	7.123	14.874	8.174	27.556	10.393	23.384	15.394	8.358	6.862	14.62	10.725	26.304	19.239	24.854	15.863	8.178	7.321	15.403
33.67422	9.26	28.123	20.104	24.199	15.48	9.19	7.42	13.924	8.626	27.852	10.692	23.761	15.376	8.131	6.628	15.104	10.175	27.097	20.05	25.204	16.053	7.709	7.472	14.709
33.84099	8.973	28.175	20.224	24.521	15.457	9.407	6.96	14.954	8.25	27.994	10.29	24.083	15.441	8.257	7.228	14.462	10.213	26.387	19.347	24.995	15.793	8.044	7.512	15.391
34.00746	8.915	28.146	20.401	24.168	15.487	8.966	7.519	14.807	8.368	27.494	10.672	23.642	15.676	8.374	7.11	14.521	10.33	26.916	19.17	24.702	16.204	7.986	7.277	15.332
34.1743	8.81	28.031	20.292	24.821	15.822	9.04	8.004	14.668	8.35	27.968	11.068	23.913	15.834	8.358	7.038	14.767	10.402	26.744	19.62	24.589	16.215	8.442	7.968	15.138
34.3409	9.083	27.594	20.428	24.817	15.833	9.014	8.067	14.924	8.215	28.382	10.486	23.967	15.964	7.954	7.393	14.751	10.234	27.185	20.756	24.763	16.259	8.091	7.884	15.415
34.50763	8.551	28.833	20.916	24.682	16.063	9.133	7.744	15.204	7.857	27.888	10.809	24.273	15.87	8.07	7.571	14.979	9.614	27.311	20.215	24.862	16.456	8.183	7.855	15.144
34.67416	8.799	28.13	20.132	25.069	15.781	9.765	7.759	15.476	7.839	27.95	10.706	24.338	16.087	8.348	7.528	14.578	10.098	27.197	20.077	25.014	16.467	7.758	7.694	16.066
34.84094	8.706	28.268	21.005	25.003	15.981	9.408	8.077	14.911	7.745	27.765	11.053	24.77	16.022	8.489	7.553	14.778	10.356	27.394	19.395	24.947	16.344	7.842	7.865	15.737
35.00756	8.231	28.564	21.134	24.876	16.039	9.72	7.95	14.895	7.685	28.852	10.868	24.114	16.082	8.748	7.834	15.163	10.323	27.362	20.168	25.116	16.67	8.062	8.148	16.385
35.17427	7.974	28.675	21.106	24.962	16.28	9.26	8.136	15.307	8.279	28.288	11.26	24.465	16.205	8.697	7.757	15.314	10.154	27.769	20.405	24.819	16.91	7.897	8.217	16.126
35.34099	8.135	28.413	22.054	25.085	16.057	9.422	8.268	15.021	7.586	28.408	10.481	24.588	16.275	8.417	7.655	15.589	10.02	27.655	20.883	25.382	16.715	8.208	7.968	15.843
35.50763	8.142	28.711	21.751	24.788	16.304	9.455	8.126	15.071	7.509	28.205	10.839	25.114	16.494	8.543	8.275	15.281	9.823	27.45	20.168	25.616	16.847	8.326	8.001	15.856
35.67431	7.779	28.458	22.002	25.331	16.615	9.681	8.381	15.439	7.762	28.805	10.947	24.834	16.511	8.62	7.825	15.503	9.371	27.286	20.565	25.511	16.864	8.2	8.139	15.697
35.84101	7.821	29.031	22.059	25.365	16.751	9.366	8.597	15.409	7.396	28.111	10.957	24.779	16.648	8.251	8.068	15.201	9.678	27.53	21.328	25.577	16.826	8.176	8.384	16.599
36.00772	7.642	28.711	22.487	25.405	16.657	9.632	8.656	15.689	7.097	29.029	11.221	24.732	16.788	8.307	8.187	15.251	9.558	27.744	21.138	25.381	17.141	8.738	8.325	17.209
36.17444	8.089	29.22	22.641	25.354	16.839	9.342	8.602	15.461	7.014	28.949	11.138	24.946	16.706	8.224	8.456	15.522	9.769	27.458	21.204	25.506	17.118	8.419	8.741	16.686
36.34102	8.3	28.483	22.128	25.598	16.867	9.647	8.875	15.711	6.694	28.655	10.911	24.925	16.703	8.436	8.791	15.459	9.863	27.315	21.075	25.278	17.172	8.199	8.428	16.712
36.50774	7.385	29.295	22.209	25.619	16.92	9.466	8.87	15.557	6.836	28.763	11.082	25.034	16.961	8.577	8.404	15.922	9.358	27.923	21.801	25.446	17.165	8.547	8.54	16.706
36.6745	7.839	28.974	22.392	25.683	17.107	9.716	9.148	15.359	6.848	29.704	11.067	25.099	16.943	8.59	8.595	15.434	9.079	28.22	21.604	25.48	17.117	8.357	8.496	16.687
36.84105	7.751	29.238	23.096	25.712	17.107	9.804	8.767	15.858	7.083	29.176	11.39	24.805	16.796	8.326	8.742	15.434	8.962	27.985	20.871	25.92	17.293	8.592	8.525	17.303
37.00778	7.478	29.216	22.597	25.744	17.014	9.999	9.168	15.799	6.929	29.124	10.882	25.042	17.32	8.436	8.497	15.929	9.099	27.638	21.309	25.865	17.436	8.698	8.809	17.24
37.17453	7.715	28.86	23.259	25.558	17.139	9.852	9.199	16.078	6.728	29.149	11.382	25.443	17.122	8.556	8.731	16.114	9.395	28.042	21.293	25.856	17.357	8.313	8.927	17.337
37.34122	7.473	29.09	23.617	25.883	17.126	9.466	9.222	16.467	6.836	29.468	11.317	25.269	17.431	8.959	9.109	16.275	9.094	28.774	21.244	25.945	17.488	8.517	8.863	17.645
37.50788	7.297	29.471	23.295	26.059	17.36	9.818	9.134	16.731	6.66	29.35	11.082	25.123	17.343	8.43	8.844	16.597	8.889	28.422	21.889	26.209	17.4	8.723	8.804	17.557
37.67445	7.502	29.453	23.569	26.846	17.494	10.254	9.25	16.153	7.019	29.327	11.257	25.141	17.273	8.934	8.867	16.798	9.006	28.305	21.6	25.644	17.451	8.888	8.889	17.312
37.84109	7.435	29.567	24.206	26.65	17.385	9.838	9.242	16.761	6.593	29.298	11.338	25.243	17.632	8.628	8.717	16.771	9.174	28.045	22.006	25.802	17.631	8.652	8.795	17.758
38.00795	7.596	29.921	23.302	26.449	17.924	9.911	9.168	16.386	6.959	29.447	11.322	25.395	17.584	8.582	9.113	16.604	8.982	28.871	21.985	26.041	17.583	8.903	8.985	17.798
38.17459	7.487	29.708	23.683	26.035	17.371	10.156	9.353	16.532	6.995	29.411	11.595	25.363	17.471	8.649	9.006	16.431	8.903	28.66	21.428	26.008	17.498	8.944	8.877	17.86
38.34127	7.649	29.53	23.383	26.001	17.977	10.083	9.897	17.142	7.012	29.526	11.317	25.533	17.695	8.871	8.844	16.597	8.625	28.51	21.801	26.238	17.899	8.957	8.863	18.173
38.5079	7.243	29.569	24.007	26.332	17.836	9.999	9.609	16.915	6.959	29.711	11.352	25.365	17.877	8.964	9.143	16.428	8.424	28.577	22.366	26.335	18.111	8.903	9.132	18.414
38.67456	7.405	29.685	24.646	26.562	17.855	10.043	9.742	16.908	6.77	29.915	11.25	25.742	17.808	8.599	9.334	16.859	8.322	28.545	22.124	26.154	17.72	9.328	9.147	18.375
38.84134	7.082	29.832	23.501	26.62	17.855	10.22	9.918	17.701	6.975	29.651	11.514	25.654	17.896	8.804	9.128	16.653	9.086	29.132	22.653	26.242	17.925	9.152	9.059	18.552
39.0079	7.502	29.706	23.735	26.588	17.977	10.347	9.369	16.878	7.041	30.143	11.611	26.091	18.047	8.695	9.197	16.979	8.331	28.862	23.034	26.385	18.104	8.899	9.509	18.349
39.17462	7.54	29.592	23.656	26.253	17.97	9.97	9.848	16.976	6.937	30.086	11.678	26.198	17.954	8.647	9.201	17.536	8.455	28.093	22.189	26.082	18.014	9.017	9.105	18.699
39.34131	7.507	29.921	24.153	26.537	18.276	10.176	10.254	18.03	7.047	29.477	11.88	25.835	17.848	8.788	9.378	17.338	8.571	28.577	21.985	26.129	18.17	9.314	9.25	18.708
39.50799	7.737	30.146	23.97	26.617	17.977	10.112	9.809	17.318	7.276	29.908	11.875	25.739	18.135	8.489	9.637	17.067	8.742	28.833	21.977	26.473	17.987	8.869	9.039	18.701
39.67474	7.934	29.685	24.382	26.65	18.295	10.455	9.83	17.789	7.298	29.856	11.514	26.094	18.161	8.775	9.598	17.094	8.498	28.633	22.212	26.419	18.278	9.328	9.177	19.08
39.84134	7.544	30.251	24.324	26.742	18.144	10.563	9.733	17.585	7.174	29.511	11.652	26.127	18.275	8.885	9.589	17.561	9.018	28.638	22.124	26.481	18.304	9.435	9.197	19.989
40.00797	7.737	30.264	24.527	26.617	18.27	10.552	9.985	18.14	7.54	30.319	12.022	26.678	18.37	8.783	9.725	17.507	8.742	28.774	21.977	26.297	18.369	9.515	9.332	18.965
40.17471	7.68	29.968	24.838	26.931	18.484	10.67	10.369	17.981	7.31	30.286	12.141	26.199	18.35	9.344	9.579	17.724	8.685	29.238	22.227	26.465	18.291	9.279	9.422	19.094
40.34141	7.907	30.182	24.428	26.67	18.451	10.22	10.185	17.659	7.009	29.97	11.81	26.467	18.376	8.837	9.598	17.84	8.528	29.097	22.491	26.469	18.494	9.65	9.531	19.209
40.50798	8.222	30.383	24.013	27.06	18.517	10.559	10.442	18.691	7.27	29.931	11.829	26.68	18.355	9.361	9.673	17.795	8.604	28.64	21.746	26.536	18.417	9.691	9.372	20.077
40.67476	7.685	29.801	24.669	26.939	18.696	10.146	10.727	18.459	7.227	29.59	12.176	26.442	18.503	9.085	9.525	17.672	8.66	28.806	22.557	26.179	18.415	9.342	9.545	19.865
40.8415	7.912	29.985	23.906	27.296	18.369	10.313	10.573	18.785	7.603	30.067	12.168	26.564	18.471	9.548	10.045	18.111	8.622	29.459	22.057	26.301	18.412	9.566	9.565	19.892
41.00802	7.722	30.043	24.959	27.086	18.712	10.269	10.147	18.515	7.532	30.301	12.007	26.206	18.49	9.359	10.148	17.985	9.049	29.338	22.344	26.973	18.285	9.463	9.728	19.913
41.1748	7.691	30.045	23.678	26.918	18.791	10.651	10.292	17.938	7.321	30.157	12.416	26.392	18.539	9.267	10.118	18.384	8.46	28.932	21.506	26.57	18.686	9.817	9.52	19.901
41.34153	7.762	30.209	24.445	26.749	18.577	10.338	10.482	18.914	7.19	30.231	11.87	26.605	18.857	9.547	9.923	18.411	9.089	29.238	22.712	27.138	18.534	9.56	9.414	19.927
41.50807	8.313	30.512	24.063	27.107	18.839	10.623	10.062	18.592	7.654	30.681	11.95	26.491	18.706	9.746	10.002	18.173	8.844	29.392	22.3	26.464	18.472	9.697	9.523	19.777
41.67478	8.268	30.425	23.863	27.199	19.173	10.726	10.664	18.391	7.726	30.417	12.288	26.702	18.686	9.729	10.075	18.977	8.799	29.277	23.161	26.645	18.629	9.506	9.567	20.022
41.84153	7.941	30.177	24.432	26.858	18.793	10.633	10.102	19.227	7.695	30.257	12.167	26.065	18.719	9.344	10.042	18.983	9.002	29.764	22.403	26.599	18.663	9.618	9.887	19.968
42.00821	8.193	30.455	24.547	27.41	19.065	10.799	11.001	18.868	7.561	30.625	12.537	26.765	18.755	9.271	10.148	19.133	8.872	28.897	22.432	27.15	18.727	9.728	9.728	20.56
42.17494	8.311	30.644	23.816	27.611	18.994	10.714	10.852	18.985	7.322	30.376	12.39	26.497	19.035	9.709	10.21	18.878	8.992	29.74	22.029	26.528	18.653	9.94	9.788	20.189
42.34158	8.404	30.625	24.206	27.149	19.088	10.631	10.711	19.228	7.328	30.385	12.513	26.535	18.954	9.48	10.45	19.238	8.674	29.514	21.948	26.683	18.718	9.681	9.617	20.285
42.50829	8.236	30.338	23.994	27.208	19.251	11.019	11.161	19.315	7.72	31.009	12.521	26.828	19.088	9.519	10.398	20.229	9.122	29.282	22.263	26.86	19.059	9.625	9.977	21.628
42.6749	8.183	30.332	24.095	27.594	18.981	10.998	10.93	19.556	7.634	30.24	12.496	26.393	18.993	9.903	10.611	19.539	9.422	29.399	21.985	26.658	18.816	9.784	10.101	21.144
42.8416	8.233	30.442	24.276	27.183	19.229	10.845	10.891	19.324	7.623	30.205	12.635	26.951	18.888	10.04	10.486	18.991	9.122	29.718	22.11	26.804	19.032	10.103	9.83	20.831
43.0082	8.793	31.004	24.651	27.603	19.166	11.427	10.865	19.326	7.749	30.378	12.754	26.605	18.945	9.959	10.63	19.235	9.089	29.621	22.035	26.725	19.005	10.032	10.121	20.898
43.175	8.546	30.484	23.988	27.616	19.33	11.417	10.766	19.839	7.797	30.448	12.89	26.971	19.079	10.065	10.178	19.633	9.402	29.162	21.078	27.15	18.962	9.551	9.904	20.737
43.34171	8.461	30.954	24.417	27.726	19.222	10.976	10.975	19.182	7.684	30.74	12.746	26.815	19.119	9.657	10.356	19.853	9.434	29.362	22.211	26.759	19.18	10.316	10.142	21.34
43.50831	8.428	31.191	23.841	27.527	19.448	11.034	11.089	19.663	7.561	30.595	13.008	27.236	19.256	9.977	10.59	20.281	9.255	29.25	22.285	27.032	18.962	10.199	10.11	20.737
43.67501	8.38	31.034	24.268	27.633	19.52	11.221	11.1	20.239	8.309	30.879	13.284	26.811	19.181	10.253	10.512	19.677	9.324	29.415	22.094	27.138	19.093	10.032	10.209	21.252
43.84172	8.284	31.072	23.945	27.726	19.369	11.094	10.798	19.624	7.949	30.681	12.864	26.668	19.325	9.569	10.208	19.853	9.64	29.451	22.476	27.113	19.209	10.404	10.555	21.251
44.00836	8.693	30.897	24.164	28.057	19.507	11.152	11.119	20.134	7.885	30.978	12.92	26.942	19.285	9.889	10.708	20.958	9.697	29.427	21.549	26.944	19.168	10.434	10.287	21.738
44.17511	9.034	30.866	24.482	27.435	19.379	11.491	11.194	19.717	8.02	30.741	13.201	27.144	19.452	10.318	10.988	20.568	9.595	29.836	22.13	27.146	19.424	10.36	10.303	21.701
44.34169	8.533	30.837	24.659	27.612	19.615	11.491	11.194	20.807	7.814	31.065	13.172	27.085	19.217	10.171	10.988	20.038	9.536	29.424	21.954	26.616	19.189	9.948	10.303	21.495
44.50841	8.759	31.041	23.666	27.777	19.497	11.125	11.422	20.234	8.073	30.973	13.31	26.718	19.601	10.016	10.829	20.458	9.554	29.8	21.901	27.135	19.427	10.227	10.174	21.501
44.67501	8.638	31.178	23.852	27.849	19.826	11.328	11.538	20.364	7.895	30.754	12.451	26.848	19.635	10.428	10.619	20.2	9.344	29.549	21.878	27.089	19.521	10.369	10.201	21.508
44.84164	8.305	31.306	23.793	27.587	19.852	11.526	11.324	20.96	8.007	30.733	13.124	27.207	19.515	10.185	10.877	20.525	9.365	29.704	21.996	27.034	19.223	10.389	10.31	21.064
45.00842	8.507	30.929	24.314	27.969	19.534	11.223	11.381	20.956	7.888	30.767	13.238	27.114	19.464	10.243	10.87	20.748	9.773	30.031	21.625	27.15	19.381	10.675	10.186	21.788
45.17507	8.375	30.899	24.1	27.728	19.584	11.565	11.22	20.715	8.439	31.003	13.107	27.08	19.484	10.082	10.975	21.126	9.849	29.703	21.468	26.909	19.283	10.601	10.528	22.106
45.34188	8.435	30.988	24.011	27.698	20.088	11.832	11.753	20.567	8.261	31.211	13.255	26.784	19.692	10.349	11.301	20.503	9.76	29.821	21.646	27.235	19.55	10.452	10.469	21.75
45.50842	8.748	30.839	24.034	27.576	19.871	11.848	11.415	20.651	8.041	31.032	13.272	27.432	19.623	9.773	11.08	20.733	9.628	29.641	22.024	27.35	19.6	10.437	10.545	21.684
45.67519	8.817	31.162	24.501	28.087	20.081	11.705	11.844	20.954	8.326	30.994	13.462	27.169	19.746	10.352	10.998	21.584	9.873	29.626	21.799	27.506	19.607	10.735	10.94	21.965
45.84192	9.34	30.953	23.749	27.905	19.923	11.811	11.534	21.277	8.344	30.993	13.39	26.897	19.469	10.102	10.984	20.713	9.621	29.742	21.881	27.204	19.569	10.541	10.659	22.435
46.00858	9.245	31.45	24.427	28.433	20.363	12.252	11.945	21.626	8.249	31.013	13.205	27.246	19.939	10.036	11.098	22.017	9.794	29.644	21.993	27.077	19.651	10.566	10.594	22.963
46.1752	9.061	31.046	24.503	27.839	19.861	11.804	11.877	21.389	8.386	30.852	13.823	27.487	19.644	10.384	11.363	21.825	10.237	29.876	22.046	27.049	19.503	10.898	10.858	22.21
46.3418	8.881	30.916	23.561	27.822	20.014	11.266	11.638	21.343	8.267	31.553	13.673	27.144	19.678	10.235	11.182	21.656	9.819	29.802	21.548	27.27	19.389	10.982	10.766	22.426
46.50852	8.764	31.135	24.384	27.869	19.713	11.982	11.758	21.746	8.386	31.001	14.12	27.042	19.881	10.354	11.423	21.172	9.881	29.965	21.868	27.198	19.681	10.898	10.769	22.151
46.67518	8.848	31.66	23.931	27.949	20.032	12.096	11.782	21.262	8.558	31.14	13.817	27.271	19.963	10.556	11.714	21.817	10.054	30.104	21.861	27.219	19.614	11.041	11.09	22.5
46.84194	9.022	31.156	23.885	28.342	20.111	12.33	12.103	21.151	8.166	31.29	13.457	27.161	19.952	10.432	11.504	20.94	10.021	30.138	21.461	27.552	19.721	11.04	10.908	22.277
47.00868	8.774	31.048	24.788	28.058	20.156	11.993	12.062	21.727	8.243	31.153	13.446	27.233	20.146	10.332	11.285	21.933	9.833	29.794	21.565	27.387	19.914	10.941	10.986	22.884
47.1753	9.302	31.571	23.803	27.96	20.268	11.929	11.997	21.036	8.415	31.084	13.973	27.669	19.991	10.593	11.31	21.747	10.183	29.844	21.529	27.289	19.907	10.729	10.951	22.432
47.3419	8.742	31.422	23.848	28.012	20.546	12.05	12.151	21.622	8.451	31.23	14.067	27.334	20.032	10.717	11.52	21.319	10.216	29.543	21.839	27.371	19.95	11.204	11.281	22.21
47.50868	9.133	31.521	23.381	28.169	20.138	12.085	12.245	21.779	8.635	31.417	14.399	27.61	20.187	10.545	11.763	22.069	10.221	29.849	21.253	27.617	19.957	10.705	10.841	22.455
47.67531	9.094	31.038	23.151	28.197	20.179	11.988	12.116	21.925	8.563	31.143	14.27	27.58	20.05	10.474	11.843	21.718	9.946	29.785	21.766	26.963	19.967	11.47	11.307	21.988
47.84204	8.985	31.195	23.648	27.932	20.197	12.53	12.305	22.254	8.368	30.972	14.103	27.343	20.128	10.545	11.792	21.95	10.399	30.145	22.44	27.29	19.868	11.506	11.524	22.099
48.00861	9.261	31.344	24.321	27.943	20.225	11.918	12.608	21.7	8.818	31.509	14.021	27.029	19.977	10.907	11.802	21.436	9.935	30.093	21.87	27.213	19.982	11.608	11.355	22.417
48.17543	9.172	31.522	23.58	28.269	20.225	12.096	12.163	22.145	8.67	31.243	14.732	27.296	20.214	10.818	12.187	21.702	10.616	29.915	21.1	27.509	19.804	11.46	11.236	22.743
48.34208	9.252	31.395	23.468	28.238	20.473	12.768	12.123	22.349	8.805	31.708	14.336	27.769	20.165	10.984	11.853	21.56	10.4	30.354	21.316	27.448	19.933	11.601	11.523	22.069
48.50874	9.045	31.631	23.616	27.942	20.444	12.354	12.241	22.024	8.598	31.235	14.78	27.03	19.988	10.806	11.971	22.358	10.37	30.177	21.464	27.241	20.051	11.306	11.257	21.98
48.67533	9.252	31.61	23.381	28.258	20.375	12.589	12.512	22.402	8.368	31.773	14.785	27.61	20.276	11.494	11.97	22.158	10.221	30.442	21.431	27.854	20.105	11.743	11.405	22.544
48.84203	9.391	31.808	23.803	28.02	20.446	12.758	12.442	22.607	8.83	30.965	14.566	27.283	20.168	11.126	11.843	21.807	10.686	30.17	21.943	27.2	19.907	11.559	11.307	22.877
49.00886	9.261	31.463	23.432	28.358	20.403	12.451	12.637	21.967	9.025	31.568	14.999	27.651	20.243	10.67	11.802	22.087	10.438	30.004	21.425	27.509	20.13	11.608	11.621	22.151
49.17538	9.529	31.384	23.217	27.9	20.635	12.69	12.667	22.042	8.64	31.698	14.525	26.958	20.475	10.996	12.13	22.492	10.145	30.225	21.567	27.17	20.243	11.789	11.623	21.404
49.34221	9.002	31.128	23.727	28.53	20.553	13.051	12.762	22.317	9.179	31.441	15.123	27.795	20.541	10.735	12.047	22.204	10.239	30.5	21.9	27.741	20.279	11.765	11.688	22.624
49.50876	9.635	31.887	23.387	28.252	20.478	12.618	12.685	22.394	8.747	31.312	14.957	27.279	20.229	11.28	11.88	22.664	10.664	30.222	21.233	27.344	20.086	11.538	11.788	22.728
49.67553	9.677	31.592	23.187	28.433	20.812	12.72	12.785	22.485	9.054	31.343	14.969	27.786	20.297	11.084	12.307	22.315	10.648	30.195	21.567	27.495	20.272	11.848	11.712	22.173
49.84213	9.399	31.395	23.912	28.208	20.799	12.798	12.833	22.468	9.249	31.501	14.75	27.237	20.609	11.073	12.207	22.536	10.725	30.206	20.932	27.567	19.992	12.133	11.789	22.276
50.00888	9.727	31.297	23.275	28.388	20.582	12.92	12.714	22.114	9.07	31.524	14.986	27.595	20.48	11.072	12.329	22.368	10.581	29.85	22.1	27.451	20.07	11.816	11.792	22.438
50.17552	9.328	31.601	23.668	28.53	20.73	12.785	12.525	22.317	9.001	31.53	14.856	27.262	20.482	11.357	12.431	22.027	11.038	30.323	21.722	27.593	20.279	12.149	11.776	22.654
50.34225	9.784	31.749	23.35	27.854	20.355	12.975	12.655	21.906	9.515	31.531	14.957	27.237	20.55	11.22	12.119	22.033	10.666	30.029	21.05	27.537	20.258	12.045	11.966	22.808
50.50896	9.82	31.622	23.527	28.263	20.712	13.308	12.897	22.166	9.195	31.316	15.288	27.616	20.404	11.403	12.185	22.268	10.644	30.17	21.376	27.503	20.289	12.26	11.766	22.571
50.67565																								
50.8422																								
51.00882																								
51.1756																								
51.34227																								
51.5089																								
51.67569																								
51.84226																								
52.00906																								
52.17582																								
52.34242																								
52.50914																								
52.67578																								
52.84245																								
53.00904																								
53.17585																								
53.34246																								
53.50911																								
53.67571																								
53.84239																								
54.00916																								
54.17582																								
54.34257																								
54.50927																								
54.67592																								
54.84259																								
55.0093																								
55.17594																								
55.34253																								
55.50935																								
55.676																								
55.8427																								
56.00934																								
56.17596																								
56.34271																								
56.50938																								
56.67603																								
56.84264																								
57.00947																								
57.17614																								
57.34275																								
57.50954																								
57.67617																								
57.84282																								
58.00946																								
58.17616																								
58.34293																								
58.50949																								
58.67622																								
58.84292																								
59.00952																								
59.17635																								
59.3429																								
59.50966																								
59.67641																								
59.84304																								
60.00973																								
60.17642																								
60.34299																								
60.50967																								
60.67636																								
60.84315																								
61.00974																								
61.17645																								
61.3432																								
61.50979																								
61.67653																								
61.84313																								
62.00986																								
62.17655																								
62.34328																								
62.5099																								
62.67659																								
62.84323																								
63.00988																								
63.17662																								
63.34333																								
63.51																								
63.67665																								
63.84338																								
64.00999																								
64.17673																								
64.34328																								
64.51002																								
64.67671																								
64.84335																								
65.01003																								
65.1768																								
65.34341																								
65.51012																								
65.67684																								
65.84351																								
66.01015																								
66.1769																								
66.34343																								
66.51017																								
66.6769																								
66.84353																								
67.01031																								
67.1769																								
67.34354																								
67.51028																								
67.67705																								
67.84368																								
68.01036																								
68.17696																								
68.34367																								
68.51044																								
68.67706																								
68.84373																								
69.01048																								
69.17718																								
69.34374																								
69.51048																								
69.67725																								
69.84382																								
70.01054																								
70.17731																								
70.34386																								
70.51051																								
70.67731																								
70.84393																								
71.01054																								
71.17733																								
71.34396																								
71.51051																								
71.67731																								
71.84407																								
72.01061																								
72.17727																								
72.34402																								
72.51064																								
72.67734																								
72.84407																								
73.01077																								
73.17744																								
73.34407																								
73.5108																								
73.67751																								
73.84409																								
74.01092																								
74.17747																								
74.34423																								
74.51084																								
74.67749																								
74.84422																								
75.01086																								
75.17764																								
75.34436																								
75.51089																								
75.67767																								
75.84425																								
76.01095																								
76.17766																								
76.34438																								
76.51107																								
76.67762																								
76.84431																								
77.01102																								
77.17773																								
77.34439																								
77.51112																								
77.67784																								
77.84449																								
78.01107																								
78.17784																								
78.3445																								
78.5112																								
78.67789																								
78.84464																								
79.01121																								
79.17787																								
79.34461																								
79.51131																								
79.67803																								
79.84465																								
80.01139																								
80.17799																								
80.34475																								
80.51138																								
80.67799																								
80.8447																								
81.01137																								
81.17812																								
81.34469																								
81.51153																								
81.67814																								
81.84483																								
82.0114																								
82.17822																								
82.34486																								
82.5115																								
82.67815																								
82.84495																								
83.01151																								
83.17825																								
83.34493																								
83.51172																								
83.67825																								
83.845																								
84.01165																								
84.17834																								
84.34496																								
84.51166																								
84.67841																								
84.84506																								
85.01177																								
85.17854																								
85.34513																								
85.51173																								
85.67843																								
85.84509																								
86.01182																								
86.17854																								
86.34509																								
86.51183																								
86.67851																								
86.84517																								
87.01192																								
87.17859																								
87.34527																								
87.51189																								
87.6786																								
87.84536																								
88.01193																								
88.17878																								
88.34529																								
88.51195																								
88.6787																								
88.84529																								
89.01201																								
89.17868																								
89.34541																								
89.51216																								
89.6788																								
89.84539																								
90.01215																								
90.17881																								
90.34548																								
90.51224																								
90.67881																								
90.84561																								
91.01234																								
91.17892																								
91.34554																								
91.51236																								
91.6789																								
91.84577																								
92.01241																								
92.17897																								
92.34567																								
92.51242																								
92.67901																								
