	MG1655-1	proV-1	HMDA7-1_1	proV_rpsG1-1	proV_sspA-1	proV_sspA_nusA-1	rpsG1-1	MG1655-2	proV-2	HMDA7-1_2	proV_rpsG1-2	proV_sspA-2	proV_sspA_nusA-2	rpsG1-2	MG1655-3	proV-3	HMDA7-1_3	proV_rpsG1-3	proV_sspA-3	proV_sspA_nusA-3	rpsG1-3
0.00489	0.0	0.0	0.0	0.0	0.0	0.0	0.0	0.0	0.0	0.0	0.147	0.0	0.0	0.0	0.0	0.0	0.0	0.0	0.0	0.0	0.0
0.17156	0.632	0.377	0.231	0.339	0.46	0.572	0.151	0.802	0.731	0.196	0.339	0.28	0.019	0.557	0.656	0.658	0.171	0.417	0.795	0.289	0.659
0.33819	0.624	0.655	0.505	0.253	0.861	0.857	0.191	0.824	0.779	0.382	0.288	0.551	0.454	0.563	1.049	0.979	0.671	0.387	0.857	0.523	0.765
0.50492	0.692	0.5	0.55	0.199	0.843	0.927	0.239	1.026	0.92	0.518	0.232	0.73	0.666	0.678	0.883	0.882	0.719	0.504	1.37	0.77	0.977
0.67163	0.678	0.553	0.505	0.285	0.832	0.914	0.064	0.914	0.809	0.505	0.154	0.718	0.621	0.7	0.933	1.0	0.773	0.427	1.411	0.792	0.703
0.83825	0.556	0.492	0.442	0.288	0.965	0.955	0.163	0.889	0.879	0.447	0.191	0.918	0.755	0.536	0.88	0.943	0.709	0.459	1.717	0.793	0.704
1.00489	0.637	0.509	0.361	0.274	1.148	1.036	0.051	0.971	0.732	0.561	0.176	0.903	0.773	0.686	0.762	1.024	0.727	0.446	1.389	0.811	0.723
1.17165	0.494	0.429	0.445	0.226	1.132	0.925	0.1	0.892	0.685	0.483	0.194	1.052	0.857	0.539	0.883	0.947	0.547	0.363	1.921	0.828	0.806
1.33836	0.468	0.501	0.352	0.199	1.072	1.327	0.073	0.899	0.691	0.556	0.2	0.96	0.896	0.841	0.825	0.954	0.652	0.435	1.901	0.834	0.713
1.50497	0.488	0.421	0.568	0.25	1.156	1.447	0.189	0.919	0.512	0.411	0.186	0.945	0.782	0.561	0.814	0.876	0.669	0.352	2.072	0.818	0.565
1.67157	0.436	0.466	0.414	0.427	1.101	1.461	0.035	0.834	0.524	0.491	0.0	0.99	0.793	0.572	0.829	0.89	0.548	0.395	1.768	0.763	0.741
1.83825	0.577	0.444	0.394	0.142	0.982	1.47	0.213	0.81	0.601	0.566	0.275	0.936	0.806	0.618	0.737	0.932	0.462	0.377	1.822	0.842	0.754
2.005	0.347	0.475	0.324	0.271	1.11	1.274	0.01	0.844	0.599	0.402	0.207	0.966	0.901	0.547	0.873	0.967	0.589	0.304	1.919	0.738	0.683
2.17169	0.7	0.433	0.414	0.162	1.167	1.395	0.101	0.768	0.59	0.425	0.231	0.89	0.793	0.638	0.763	0.89	0.482	0.395	2.197	0.763	0.741
2.33831	0.433	0.43	0.312	0.159	0.999	1.293	0.131	0.764	0.587	0.389	0.162	1.02	0.89	0.734	0.759	0.854	0.644	0.492	1.959	0.859	0.573
2.50495	0.42	0.547	0.429	0.277	1.083	1.413	0.115	0.785	0.539	0.343	0.213	1.038	0.742	0.685	0.749	0.809	0.463	0.376	2.197	0.777	0.755
2.67167	0.426	0.424	0.274	0.352	0.993	1.286	0.125	0.758	0.614	0.382	0.288	1.014	0.719	0.629	0.752	0.88	0.473	0.288	2.177	0.82	0.633
2.83837	0.205	0.631	0.282	0.262	1.2	1.296	0.2	0.834	0.623	0.392	0.198	1.023	0.661	0.77	0.928	0.989	0.548	0.461	1.9	0.73	0.774
3.00503	0.818	0.421	0.304	0.151	1.09	1.249	0.222	0.82	0.611	0.213	0.186	1.011	0.815	0.528	0.814	0.876	0.438	0.451	2.171	0.719	0.763
3.17165	0.344	0.373	0.321	0.268	1.173	1.468	0.139	0.808	0.596	0.432	0.171	0.963	0.799	0.676	0.737	0.964	0.487	0.467	2.177	0.867	0.581
3.33845	0.468	0.402	0.286	0.199	1.039	1.327	0.205	0.734	0.658	0.358	0.068	0.927	0.632	0.742	0.693	0.921	0.52	0.369	2.033	0.735	0.647
3.50508	0.521	0.52	0.304	0.25	1.057	1.249	0.387	0.754	0.578	0.378	0.318	1.011	0.65	0.726	0.847	0.975	0.438	0.385	1.742	0.818	0.73
3.67175	0.751	0.382	0.396	0.277	1.182	1.38	0.247	0.785	0.638	0.508	0.213	1.005	0.742	0.751	0.782	0.974	0.562	0.574	2.296	0.777	0.689
3.83847	0.511	0.51	0.394	0.241	1.081	1.173	0.081	0.909	0.601	0.302	0.209	0.936	0.773	0.618	0.803	0.932	0.462	0.476	2.019	0.842	0.82
4.00511	0.58	0.447	0.298	0.244	1.183	1.374	0.183	0.88	0.505	0.372	0.41	1.07	0.776	0.654	0.708	0.869	0.465	0.478	2.224	0.713	0.724
4.17182	0.502	0.565	0.48	0.427	1.2	1.362	0.299	0.768	0.722	0.425	0.231	0.99	0.727	0.638	0.73	0.857	0.548	0.461	2.593	0.763	0.774
4.33838	0.443	0.373	0.42	0.135	1.008	1.303	0.206	0.775	0.629	0.531	0.402	0.963	0.7	0.676	0.77	0.798	0.487	0.467	1.88	0.735	0.78
4.50516	0.58	0.447	0.562	0.31	1.249	1.374	0.018	0.814	0.604	0.405	0.311	1.103	0.776	0.654	0.741	1.034	0.531	0.478	2.257	0.845	0.823
4.67185	0.502	0.367	0.58	0.262	1.002	1.296	0.2	0.768	0.524	0.425	0.231	0.99	0.661	0.671	0.664	0.857	0.647	0.494	1.867	0.631	0.84
4.83853	0.447	0.475	0.489	0.271	1.077	1.373	0.142	0.811	0.599	0.534	0.24	1.098	0.67	0.679	0.774	0.868	0.689	0.47	2.183	0.771	0.75
5.00508	0.492	0.457	0.703	0.253	1.092	1.352	0.29	0.758	0.581	0.613	0.156	1.014	0.785	0.728	0.719	0.781	0.77	0.486	2.342	0.655	0.666
5.17185	0.436	0.565	0.514	0.262	1.101	1.197	0.134	0.834	0.491	0.59	0.297	0.99	0.826	0.737	0.763	0.989	0.845	0.395	1.9	0.664	0.774
5.33851	0.542	0.439	0.718	0.235	1.107	1.369	0.338	0.907	0.629	0.828	0.303	1.095	0.799	0.676	0.837	0.798	0.752	0.599	1.78	0.669	0.747
5.50515	0.57	0.497	0.742	0.192	1.13	1.298	0.228	0.735	0.521	0.889	0.195	1.02	0.691	0.6	0.767	0.992	0.974	0.488	2.064	0.791	0.703
5.67178	0.544	0.503	0.748	0.298	1.004	1.338	0.168	0.808	0.726	0.963	0.433	1.026	0.697	0.771	0.775	0.833	0.88	0.494	2.242	0.863	0.61
5.83852	0.443	0.373	1.015	0.433	1.272	1.171	0.206	0.775	0.596	1.225	0.237	1.029	0.7	0.776	0.737	0.897	1.082	0.599	2.078	0.834	0.879
6.00529	0.41	0.439	1.015	0.135	1.206	1.369	0.305	0.775	0.596	1.324	0.204	0.996	0.733	0.577	0.671	0.897	1.082	0.599	2.177	0.768	0.681
6.17189	0.502	0.565	1.075	0.262	1.101	1.395	0.233	0.834	0.59	1.614	0.297	1.023	0.892	0.671	0.763	0.89	1.175	0.494	1.9	0.763	0.774
6.33862	0.577	0.51	1.284	0.307	1.147	1.272	0.213	0.81	0.601	1.687	0.209	0.969	0.707	0.651	0.902	0.866	1.155	0.542	2.25	0.809	0.721
6.50527	0.412	0.345	1.383	0.241	1.246	1.272	0.279	0.777	0.568	1.984	0.275	0.969	1.069	0.816	0.803	0.866	1.352	0.575	2.448	0.809	0.919
6.67188	0.483	0.518	1.489	0.184	1.222	1.343	0.256	0.849	0.676	2.02	0.284	0.978	0.881	0.728	0.675	0.805	1.493	0.553	2.297	0.787	0.929
6.83861	0.559	0.396	1.762	0.39	1.165	1.452	0.265	0.662	0.553	2.196	0.194	0.987	0.758	0.736	0.719	0.848	1.601	0.561	2.119	0.894	0.839
7.00537	0.559	0.429	1.861	0.489	1.231	1.452	0.298	0.793	0.586	2.492	0.26	0.987	0.758	0.736	0.916	0.914	1.798	0.561	2.415	0.927	0.806
7.172	0.447	0.483	1.979	0.378	1.219	1.208	0.286	0.747	0.64	2.674	0.281	1.04	0.845	0.791	0.77	0.834	1.918	0.616	2.093	0.916	0.893
7.33867	0.483	0.486	2.114	0.282	1.222	1.573	0.256	0.882	0.577	2.875	0.284	1.142	0.749	0.925	0.806	1.002	2.019	0.652	1.704	0.886	0.83
7.50527	0.571	0.411	2.301	0.274	1.213	1.398	0.379	0.773	0.633	3.389	0.373	0.969	0.872	0.785	0.795	0.893	2.437	0.611	1.883	0.91	0.822
7.67201	0.67	0.378	2.499	0.306	1.148	1.398	0.281	0.872	0.765	3.521	0.274	0.936	0.839	0.884	0.795	0.893	2.635	0.611	2.146	0.943	0.986
7.83874	0.681	0.42	2.871	0.282	1.222	1.474	0.355	0.882	0.676	3.895	0.349	1.076	0.782	1.024	0.971	0.838	2.842	0.619	2.066	0.951	0.83
8.00534	0.571	0.509	2.992	0.175	1.115	1.398	0.347	0.839	0.666	4.113	0.274	1.133	0.938	0.884	0.894	0.827	3.095	0.643	2.146	0.91	0.92
8.17211	0.677	0.515	3.295	0.28	1.153	1.438	0.188	0.846	0.574	4.516	0.182	0.975	0.845	0.922	0.868	0.9	3.201	0.616	2.29	0.949	0.926
8.33867	0.436	0.473	3.284	0.271	1.046	1.427	0.442	0.934	0.663	4.7	0.37	1.13	0.869	1.012	0.791	0.791	3.684	0.641	2.238	1.006	0.884
8.50538	0.528	0.467	3.836	0.265	1.106	1.42	0.437	0.73	0.657	5.217	0.364	1.058	1.027	0.941	0.85	0.882	3.808	0.635	2.258	1.033	1.076
8.67215	0.578	0.581	3.953	0.312	1.318	1.405	0.55	0.846	0.673	5.405	0.478	1.073	1.042	0.955	0.803	0.933	4.089	0.748	2.093	1.047	1.09
8.83874	0.627	0.5	4.23	0.297	1.205	1.42	0.371	0.829	0.723	5.842	0.364	0.96	0.962	1.007	0.883	0.817	4.432	0.734	2.126	1.197	0.977
9.00543	0.44	0.476	4.834	0.372	1.246	1.464	0.643	0.839	0.732	6.81	0.439	1.067	1.036	1.015	0.96	0.827	4.641	0.643	2.08	1.107	0.986
9.17218	0.338	0.506	4.928	0.468	1.013	1.526	0.442	0.836	0.63	6.706	0.436	1.031	1.066	1.111	0.89	0.922	5.327	0.739	2.435	1.203	1.115
9.33883	0.623	0.497	5.212	0.393	1.136	1.417	0.697	0.826	0.556	7.907	0.459	1.022	1.024	1.234	0.978	0.879	5.611	0.731	2.514	1.195	1.007
9.50555	0.539	0.476	5.853	0.405	1.148	1.562	0.544	0.773	0.535	7.862	0.472	0.969	0.971	1.245	0.762	0.827	5.989	0.808	1.784	1.206	1.183
9.67212	0.49	0.591	6.072	0.519	1.261	1.547	0.46	0.889	0.781	8.415	0.553	1.082	1.15	1.425	0.978	0.713	6.471	0.822	1.915	1.221	1.396
9.83874	0.549	0.518	6.59	0.315	1.025	1.573	0.553	0.948	0.544	8.865	0.448	1.142	1.177	1.517	0.872	0.838	6.956	0.816	1.902	1.313	1.225
10.00549	0.5	0.534	7.238	0.495	1.171	1.459	0.6	0.767	0.592	9.32	0.563	1.058	1.159	1.434	0.924	0.921	7.373	0.863	2.198	1.427	1.141
10.17227	0.535	0.408	7.69	0.468	1.013	1.559	0.771	0.77	0.762	9.961	0.633	0.966	1.231	1.341	0.857	0.889	7.892	0.937	2.271	1.433	1.279
10.33879	0.483	0.584	7.906	0.48	1.222	1.54	0.684	0.882	0.643	11.037	0.777	1.043	1.44	1.616	0.905	1.035	7.91	0.915	2.264	1.445	1.324
10.50555	0.62	0.421	8.916	0.415	1.057	1.711	0.75	0.886	0.611	11.795	0.581	1.077	1.474	1.65	0.913	0.876	9.017	0.946	1.973	1.445	1.225
10.67224	0.679	0.414	9.598	0.441	1.051	1.704	0.744	0.979	0.604	12.31	0.608	0.939	1.402	1.545	0.906	0.869	9.403	0.973	2.125	1.538	1.548
10.83885	0.488	0.552	9.74	0.514	1.09	1.612	0.717	0.886	0.677	13.115	0.68	1.176	1.408	1.683	0.847	1.041	10.106	1.144	2.369	1.676	1.522
11.00563	0.471	0.537	10.439	0.597	1.24	1.792	0.998	0.902	0.661	14.368	0.862	1.061	1.492	1.865	0.993	0.859	10.574	1.162	2.336	1.562	1.506
11.17215	0.436	0.631	11.875	0.526	1.101	1.792	0.761	0.768	0.722	15.155	0.891	1.122	1.619	1.893	0.928	0.956	11.018	1.188	2.065	1.754	1.435
11.3389	0.481	0.513	12.401	0.639	1.15	1.77	1.007	0.913	0.571	16.334	0.773	1.169	1.699	2.072	0.939	0.869	12.602	1.27	2.158	1.735	1.515
11.50562	0.599	0.501	13.498	0.594	1.237	1.789	0.995	0.8	0.658	17.425	0.958	1.091	1.818	2.06	1.121	0.822	13.238	1.258	2.231	1.921	1.8
11.67234	0.681	0.486	14.455	0.612	1.156	1.869	1.079	0.849	0.774	17.684	0.876	1.175	1.901	2.241	0.806	0.805	13.571	1.343	1.968	1.939	1.686
11.83896	0.521	0.618	15.878	0.646	1.189	2.008	1.014	0.787	0.775	20.341	1.076	1.176	1.837	2.474	0.913	0.942	15.418	1.342	2.27	2.137	1.753
12.00574	0.49	0.689	16.641	0.585	1.36	2.074	1.085	0.79	0.846	20.564	0.981	1.181	2.006	2.445	0.88	0.911	15.788	1.414	1.816	2.142	1.692
12.17232	0.549	0.518	16.825	0.809	1.222	2.067	1.408	0.882	0.643	21.765	1.04	1.076	2.065	2.735	1.004	0.838	16.631	1.507	2.001	2.136	1.784
12.33903	0.57	0.537	18.217	0.729	1.174	1.99	1.394	0.968	0.595	24.156	1.159	1.193	2.085	2.755	1.026	0.958	18.385	1.624	1.941	2.353	1.869
12.50571	0.566	0.501	19.759	0.726	1.369	2.151	1.292	0.866	0.856	24.938	1.09	1.256	2.312	2.653	0.924	0.855	19.498	1.753	1.934	2.481	2.031
12.67243	0.679	0.645	21.735	0.771	1.249	2.1	1.634	0.913	0.802	28.405	1.301	1.202	2.524	2.864	0.939	0.869	20.517	1.666	2.356	2.593	2.043
12.83899	0.582	0.584	22.88	0.809	1.354	2.264	1.54	0.75	0.84	28.116	1.271	1.142	2.592	3.064	0.905	0.838	22.653	1.869	2.461	2.827	2.015
13.00575	0.691	0.528	23.86	0.917	1.33	2.144	1.45	0.859	0.784	30.32	1.413	1.184	2.734	3.173	0.982	0.914	23.402	1.944	2.185	2.969	2.156
13.17244	0.62	0.52	26.239	0.843	1.255	2.206	1.739	0.886	0.874	32.484	1.538	1.209	3.058	3.299	1.012	0.942	26.472	2.002	2.567	2.995	2.247
13.33908	0.591	0.556	27.502	0.979	1.357	2.507	1.743	1.088	0.812	33.716	1.641	1.377	2.93	3.435	0.917	0.847	26.547	2.005	2.276	3.362	2.449
13.50572	0.665	0.6	28.984	1.022	1.336	2.513	1.852	0.899	0.691	35.284	1.716	1.157	3.103	3.608	0.924	0.822	29.35	2.148	2.099	3.371	2.426
13.67238	0.591	0.754	31.099	1.243	1.357	2.639	1.842	0.989	0.878	37.28	1.641	1.311	3.326	3.699	1.016	0.946	31.002	2.368	2.441	3.395	2.548
13.83905	0.69	0.655	32.122	1.078	1.192	2.837	2.04	0.824	0.779	36.059	1.806	1.278	3.458	3.93	0.917	0.88	33.114	2.368	2.078	3.857	2.779
14.0058	0.58	0.546	34.234	1.035	1.447	2.792	2.162	0.913	0.769	37.87	1.795	1.367	3.744	4.216	0.906	0.968	34.171	2.49	2.521	3.879	2.736
14.17244	0.686	0.618	35.411	1.14	1.387	2.998	2.201	0.886	0.578	37.367	1.835	1.374	3.949	4.124	0.946	0.876	34.424	2.661	2.171	4.216	2.874
14.33918	0.641	0.637	37.925	1.292	1.504	3.088	2.386	0.841	0.695	37.243	2.054	1.425	4.368	4.278	0.969	0.964	38.521	2.681	2.177	4.601	2.994
14.50574	0.697	0.727	36.502	1.249	1.462	3.274	2.475	0.996	0.719	37.338	2.11	1.317	4.687	4.564	1.123	0.887	36.438	2.803	2.19	4.921	3.083
14.67249	0.697	0.562	37.427	1.447	1.396	3.175	2.509	0.897	0.917	38.362	2.407	1.482	4.918	4.763	0.957	0.887	37.131	2.968	2.554	5.218	3.248
14.83915	0.514	0.612	36.939	1.431	1.48	3.617	2.657	0.913	0.703	37.837	2.488	1.466	5.492	4.974	1.038	0.935	38.623	3.249	2.521	5.561	3.132
15.00588	0.591	0.721	37.007	1.375	1.555	3.794	2.799	0.989	0.779	37.709	2.433	1.476	5.372	4.986	0.95	0.946	39.022	3.259	2.177	5.837	3.505
15.17263	0.62	0.717	37.589	1.47	1.618	3.889	2.993	0.919	0.775	37.862	2.429	1.571	5.797	5.642	0.946	0.942	38.713	3.354	2.567	6.196	3.6
15.33916	0.679	0.645	37.532	1.563	1.48	4.145	3.085	0.814	0.67	36.98	2.62	1.466	5.987	5.634	0.939	0.869	39.481	3.381	2.62	6.419	3.692
15.50584	0.658	0.627	37.066	1.477	1.659	4.449	2.998	0.892	0.784	37.763	2.829	1.546	6.159	6.335	0.883	0.947	38.09	3.723	2.382	6.855	3.934
15.67258	0.676	0.708	37.257	1.592	1.707	4.569	3.28	1.074	0.766	37.825	3.012	1.595	6.807	6.191	1.1	0.866	38.413	3.971	2.448	7.635	4.051
15.83915	0.711	0.673	38.003	1.791	1.639	4.843	3.414	0.91	0.83	37.156	2.95	1.627	7.247	6.43	0.939	0.967	38.93	4.105	2.911	7.646	4.22
16.00587	0.443	0.538	37.033	1.788	1.801	5.136	3.543	1.039	0.827	37.54	3.244	1.822	7.639	6.624	1.035	0.964	38.356	4.135	2.805	8.038	4.216
16.17267	0.591	0.622	36.677	1.903	1.588	5.51	4.02	1.121	0.779	37.808	3.357	1.773	8.045	7.032	1.049	0.979	38.758	4.414	2.837	8.411	4.462
16.33928	0.587	0.552	36.434	2.064	1.717	5.803	4.214	0.985	0.71	36.806	3.353	1.769	8.536	7.193	0.946	1.041	38.383	4.509	2.468	9.034	4.656
16.50594	0.697	0.562	37.097	2.075	1.792	5.85	4.06	0.93	0.884	37.008	3.761	1.713	8.583	7.404	0.957	0.854	37.957	4.916	3.148	9.279	4.734
16.67256	0.7	0.73	36.613	2.177	1.696	6.482	4.262	1.032	0.722	36.525	3.798	1.881	9.083	7.871	1.159	0.89	38.233	5.019	2.957	10.341	4.903
16.83926	0.723	0.655	36.05	2.266	1.885	6.632	4.746	1.022	0.713	37.016	3.984	1.971	9.366	8.022	0.917	0.88	37.9	5.272	2.771	10.359	5.287
17.00598	0.631	0.661	36.667	2.339	1.99	6.972	4.589	0.93	0.785	37.404	4.289	1.977	9.871	8.461	1.023	0.887	37.726	5.478	2.851	10.897	5.526
17.17269	0.634	0.664	35.953	2.507	2.092	7.175	4.791	0.834	0.887	37.218	4.293	1.881	11.362	8.565	0.928	0.956	37.969	5.713	2.99	11.299	5.827
17.33942	0.612	0.64	36.185	2.551	1.903	7.62	5.298	0.943	0.698	36.792	4.801	2.089	11.379	9.008	0.972	1.0	37.31	6.055	3.175	11.81	5.939
17.50607	0.598	0.628	35.479	2.702	2.023	8.029	5.513	1.029	0.686	36.413	5.016	2.01	12.017	9.286	0.924	0.854	37.825	6.303	3.082	12.515	6.12
17.67268	0.645	0.541	36.549	2.915	2.035	8.049	5.596	0.844	0.83	36.462	4.9	2.221	12.271	9.669	0.939	0.901	38.996	6.749	2.911	13.033	6.335
17.8393	0.645	0.673	35.293	2.915	2.201	8.743	5.695	0.943	0.83	36.429	5.396	2.321	12.404	10.033	1.072	0.901	37.211	6.749	3.34	12.901	6.534
18.006	0.707	0.637	36.075	2.944	2.131	9.3	6.319	1.006	0.794	35.855	5.821	2.35	13.224	10.49	0.837	0.964	36.902	7.34	3.201	13.92	7.025
18.1727	0.634	0.565	35.986	3.267	2.191	9.487	6.145	0.933	0.788	36.293	6.011	2.509	13.575	10.91	0.862	1.056	37.176	7.496	3.419	14.205	6.95
18.33945	0.591	0.754	35.951	3.553	2.413	9.867	6.33	0.89	0.812	36.554	6.327	2.631	14.085	11.092	1.016	0.946	37.636	8.011	3.465	15.441	7.3
18.50604	0.718	0.68	35.084	3.55	2.405	10.308	6.596	0.95	0.804	35.957	6.562	2.526	13.903	11.961	0.98	0.908	38.326	8.345	3.618	15.327	7.567
18.67269	0.587	0.618	35.444	3.615	2.376	11.016	6.92	0.886	0.775	36.542	7.181	2.594	15.432	12.307	1.111	1.041	37.129	8.733	3.557	15.93	7.725
18.83946	0.631	0.628	35.347	3.759	2.518	11.001	7.362	0.831	0.818	35.39	6.832	2.803	15.715	12.522	0.924	0.986	36.966	9.044	3.808	16.511	8.267
19.00612	0.718	0.58	36.109	4.212	2.637	11.796	8.117	0.818	0.837	36.354	7.753	2.757	16.813	13.118	0.947	0.974	37.4	9.536	3.751	16.649	8.493
19.17278	0.68	0.672	35.705	4.343	2.498	12.342	7.923	0.944	0.762	36.351	7.891	2.851	17.464	13.894	0.911	1.003	37.527	9.906	3.872	17.928	9.094
19.33944	0.659	0.554	35.306	4.484	2.478	12.635	8.325	0.858	0.909	36.576	8.623	2.963	18.249	13.924	0.988	1.081	37.225	10.273	3.632	18.714	9.065
19.50616	0.784	0.746	35.448	4.608	2.571	13.417	8.613	0.95	0.737	36.254	8.579	2.923	18.632	14.11	0.98	0.974	37.003	10.957	3.817	20.154	9.485
19.67282	0.744	0.64	35.987	5.129	2.763	13.338	9.265	1.009	0.83	36.164	8.9	3.015	19.576	15.42	1.138	0.967	36.781	11.178	3.638	20.602	9.674
19.83948	0.758	0.686	34.909	5.311	2.875	14.19	10.013	0.858	0.909	35.782	9.582	2.963	21.194	15.479	0.988	1.014	37.026	11.762	3.93	21.791	9.627
20.00624	0.723	0.721	35.456	5.731	3.007	14.817	9.664	1.022	0.812	36.653	9.958	3.093	22.138	16.405	1.016	0.946	37.24	12.731	3.96	23.527	10.337
20.17287	0.669	0.702	35.882	5.969	2.987	15.271	10.029	0.869	0.76	36.119	10.321	3.171	24.232	16.794	0.993	0.958	36.939	12.697	4.412	24.071	10.569
20.33948	0.735	0.636	35.289	6.002	2.888	15.799	10.259	0.869	0.991	35.691	10.98	3.434	26.308	17.091	0.993	1.023	37.763	13.389	4.445	26.477	11.262
20.5063	0.797	0.633	36.101	6.459	2.983	16.615	10.551	0.965	0.79	36.733	12.029	3.299	27.946	18.007	1.023	1.053	37.521	13.911	4.405	28.082	11.948
20.67301	0.655	0.821	35.803	6.38	2.973	17.318	11.424	0.955	0.781	35.841	12.011	3.42	28.379	18.513	1.077	1.009	36.531	14.518	4.318	29.536	12.162
20.83959	0.702	0.735	35.585	7.09	3.184	18.699	11.709	0.902	0.859	36.416	12.891	3.5	29.9	19.497	1.026	0.859	36.643	15.103	4.445	30.432	12.876
21.00623	0.808	0.642	36.136	7.396	3.224	19.769	12.314	0.975	0.865	36.506	12.871	3.639	29.821	19.973	0.902	0.866	37.754	16.17	4.327	31.342	13.053
21.17294	0.907	0.708	36.136	7.659	3.257	20.66	12.644	1.008	0.865	37.066	14.124	3.936	30.613	21.325	0.935	0.965	36.897	16.83	4.558	31.276	13.251
21.33961	0.731	0.83	35.772	8.436	3.346	21.92	13.252	0.998	0.856	36.832	13.973	3.694	31.604	21.598	1.023	1.02	37.257	17.535	4.438	32.234	13.991
21.50626	0.709	0.84	37.059	8.352	3.521	22.836	13.369	0.975	0.865	37.429	14.552	3.903	31.404	22.347	1.001	1.064	37.259	17.786	4.525	32.067	13.778
21.673	0.83	0.83	36.793	8.633	3.543	24.688	13.845	0.998	0.856	36.931	15.851	3.826	30.978	23.674	1.023	1.053	37.62	19.149	4.932	32.959	14.782
21.83969	0.723	0.952	36.677	9.395	3.766	26.963	14.845	0.989	0.911	37.379	16.757	3.951	31.676	24.128	1.016	0.979	37.537	20.784	4.917	32.801	15.716
22.0063	0.744	0.839	37.375	9.988	3.787	28.112	14.751	0.943	0.83	36.957	16.7	3.94	31.706	24.675	1.039	1.099	38.103	20.367	4.695	32.865	16.681
22.17291	0.939	0.869	37.463	10.148	3.585	28.862	15.472	1.006	0.893	37.077	18.477	4.333	32.323	25.724	0.969	1.096	37.761	22.078	5.019	32.755	17.203
22.33965	0.746	1.003	37.263	10.737	3.79	29.504	16.273	1.143	0.762	37.312	18.725	4.408	31.744	26.749	0.977	1.102	37.626	22.33	4.966	33.169	17.543
22.50634	0.851	1.047	37.259	10.841	4.026	29.923	16.753	1.183	0.808	38.126	19.191	4.475	32.755	26.595	1.012	1.074	38.284	23.515	4.646	33.682	17.888
22.67292	0.725	0.851	37.059	11.63	3.868	31.295	17.357	1.222	0.942	38.528	20.632	4.716	32.674	28.282	0.988	1.213	37.82	24.301	5.386	33.403	18.461
22.83972	0.843	1.07	37.045	12.202	4.052	30.921	17.561	1.241	0.996	38.775	21.228	4.866	32.235	31.153	1.072	1.265	38.93	24.895	5.555	33.889	20.118
23.00639	0.725	1.083	38.018	12.888	4.066	30.732	19.177	1.155	0.843	39.157	21.724	5.08	32.905	30.764	1.054	1.18	38.118	27.311	5.187	34.032	19.95
23.17308	0.798	1.123	38.473	12.602	4.305	31.184	19.026	1.229	0.915	38.686	23.23	5.22	33.423	30.916	0.995	1.319	38.969	27.727	5.996	34.45	20.924
23.33963	0.879	1.235	38.29	13.818	4.519	32.254	20.447	1.342	0.961	38.737	25.385	5.303	32.87	33.342	1.01	1.334	38.09	29.189	5.993	33.566	21.022
23.50636	0.865	1.222	39.069	13.826	4.636	31.912	21.343	1.328	0.915	39.48	25.216	5.717	33.622	35.12	0.995	1.386	39.168	30.276	6.062	34.45	22.182
23.67305	0.957	1.414	38.713	15.038	4.728	32.023	22.055	1.354	0.843	39.223	25.561	5.642	33.633	34.271	1.087	1.577	39.077	32.175	6.544	35.057	23.39
23.83975	0.736	1.391	39.114	16.084	4.839	32.784	22.675	1.431	0.852	39.592	27.311	5.655	33.633	31.324	1.198	1.489	39.18	33.1	6.467	34.329	24.144
24.00651	0.774	1.496	39.71	16.261	4.775	31.836	23.237	1.502	0.794	39.357	29.15	5.82	33.909	30.812	1.167	1.657	39.281	32.354	6.44	35.002	24.373
24.17308	0.756	1.546	39.449	16.524	5.02	32.343	24.482	1.484	0.977	39.822	29.793	6.294	34.152	31.686	1.016	1.672	39.913	33.292	6.798	35.343	25.453
24.33978	0.777	1.566	40.251	18.086	5.341	32.376	24.435	1.538	1.029	40.329	30.416	6.287	34.119	31.649	1.369	1.694	40.384	32.926	7.538	35.476	26.332
24.50649	0.907	1.631	39.466	18.54	5.466	32.859	25.14	1.668	0.997	40.463	32.423	6.772	33.91	31.381	1.1	1.756	40.491	34.866	6.438	35.694	27.725
24.67325	0.742	1.368	39.796	19.365	5.565	33.914	27.448	1.7	0.964	40.825	33.511	6.871	34.899	31.843	1.1	1.822	40.59	34.536	7.658	35.694	28.781
24.83989	0.745	1.371	40.204	20.329	5.8	33.035	27.524	1.77	0.901	40.08	33.061	7.106	34.91	30.534	1.104	1.76	40.8	34.25	7.303	36.002	29.911
25.00649	0.798	1.394	40.962	21.542	6.142	32.562	28.322	1.756	0.861	41.523	33.51	7.508	34.47	31.654	1.186	1.81	40.408	34.702	7.893	35.987	29.981
25.17319	0.758	1.42	41.134	22.413	6.134	33.526	29.749	1.65	0.953	40.708	33.62	7.631	35.795	30.286	1.047	1.671	40.909	34.088	8.074	35.965	32.13
25.33986	0.79	1.647	40.557	23.048	6.434	33.528	31.716	1.748	0.981	41.616	34.016	7.771	35.831	31.001	1.015	1.704	41.417	35.074	8.475	35.638	33.574
25.50653	0.819	2.039	41.499	24.06	6.891	33.847	33.055	1.679	0.978	41.734	34.202	8.457	36.083	29.246	1.011	1.734	41.799	34.767	9.158	37.141	33.333
25.6733	0.798	2.15	40.797	24.501	6.997	34.108	32.794	1.625	1.025	42.082	34.102	8.955	35.752	30.405	1.055	1.81	41.624	34.833	9.109	37.138	31.789
25.83989	0.798	2.446	40.995	25.981	6.997	34.403	33.221	1.625	0.926	41.885	34.003	8.988	35.357	30.043	1.087	2.007	42.117	33.913	9.274	37.368	31.855
26.00657	0.765	2.446	40.995	28.611	7.326	34.206	30.92	1.822	1.025	42.049	33.839	9.053	35.982	30.997	1.055	2.303	42.15	34.307	10.194	37.434	30.178
26.17322	0.879	2.822	42.146	28.989	7.862	34.543	29.358	2.001	0.944	42.114	34.966	9.948	35.498	29.14	1.036	2.547	42.447	33.662	10.448	37.409	31.804
26.33995	0.798	2.84	41.882	29.203	8.016	34.338	29.9	2.151	1.025	42.444	34.102	10.467	36.278	29.418	0.989	2.763	42.446	35.195	10.194	37.894	30.474
26.50659	0.9	3.173	41.83	32.534	8.415	34.514	30.206	2.483	0.831	42.786	33.554	10.308	36.618	29.823	1.157	2.932	43.051	33.66	10.137	37.676	30.484
26.67319	0.962	3.564	41.619	31.866	8.838	34.206	29.572	2.743	1.058	43.2	33.379	11.223	37.231	29.813	1.087	3.224	42.841	33.65	11.411	38.388	30.573
26.83997	0.886	3.815	41.844	34.134	9.317	35.125	29.641	2.928	1.114	42.403	33.904	11.897	37.295	28.929	1.24	3.573	43.623	34.702	11.549	38.516	30.641
27.00654	0.802	4.061	43.145	33.323	9.698	35.369	30.831	3.24	1.127	43.279	33.225	12.215	37.736	29.625	1.058	3.787	43.774	32.805	11.781	39.057	30.977
27.17341	1.058	4.543	42.77	32.744	10.234	35.208	30.424	3.426	1.092	42.965	33.63	13.465	37.738	29.617	1.05	4.069	43.826	33.478	13.226	38.762	31.752
27.34	0.96	4.969	42.672	34.253	10.627	35.962	29.703	3.688	1.026	44.048	34.122	13.793	38.131	29.125	1.05	4.429	44.089	33.806	12.8	38.827	30.703
27.50667	0.843	5.478	42.429	33.247	10.944	35.583	29.513	3.934	1.105	43.611	33.378	13.981	38.442	28.146	1.163	5.038	44.076	32.371	13.886	39.4	30.316
27.67333	0.886	6.082	43.289	33.181	11.485	36.012	29.772	4.439	1.213	43.915	33.28	14.854	38.609	28.174	1.043	5.511	44.116	32.895	13.586	40.356	30.214
27.83997	0.832	6.81	43.144	34.658	11.879	36.072	29.582	4.808	1.128	43.569	33.083	15.833	39.882	28.314	1.054	5.943	43.807	32.832	14.941	40.348	30.549
28.00668	0.911	7.561	43.382	33.093	12.839	36.95	28.986	5.292	1.136	44.571	32.666	16.544	38.858	28.437	1.102	6.597	44.011	33.955	15.855	39.455	29.296
28.17328	0.874	8.379	43.698	34.168	13.458	37.399	28.516	5.814	1.034	43.899	32.326	17.721	39.898	28.428	1.165	7.118	44.492	33.517	15.977	40.759	29.682
28.34008	0.809	9.201	43.204	33.608	14.314	36.642	28.68	6.406	1.232	44.03	33.214	17.919	39.471	28.395	1.066	7.974	44.261	33.616	17.26	40.496	29.813
28.5068	1.01	10.391	44.139	34.705	15.044	38.069	28.887	7.036	1.268	44.834	32.666	18.946	39.318	28.503	1.168	8.835	45.229	33.166	17.303	41.133	29.823
28.67337	0.867	11.46	44.592	34.145	15.255	36.881	28.562	7.876	1.225	44.825	32.107	19.713	41.123	28.376	1.157	9.969	44.564	32.707	18.654	41.425	29.892
28.84015	0.907	12.886	43.895	33.773	16.058	37.925	28.812	8.907	1.166	44.754	32.82	21.209	40.688	28.888	1.099	11.033	44.59	32.662	19.169	42.733	29.418
29.00673	0.911	13.912	43.678	33.455	17.578	38.563	28.92	9.965	1.169	44.867	32.469	22.533	41.063	28.108	1.168	12.125	45.492	32.869	20.068	42.779	29.0
29.17341	0.977	14.176	44.6	33.356	17.611	37.543	28.064	11.018	1.136	45.262	32.633	23.849	41.326	27.878	1.102	13.541	45.492	32.442	21.187	42.483	29.099
29.34015	0.967	14.821	44.667	33.783	18.677	38.316	28.377	12.261	1.229	44.469	32.011	24.962	41.601	27.471	1.221	14.939	45.132	32.613	22.17	42.92	29.213
29.50674	0.995	15.361	44.865	33.608	19.985	39.053	27.618	13.815	1.251	44.806	32.094	25.935	42.444	28.188	1.187	15.913	46.384	32.526	23.482	42.646	28.95
29.67347	0.864	15.893	44.841	32.951	20.871	39.072	27.961	15.039	1.387	44.975	31.603	27.958	42.031	27.577	1.153	16.605	45.734	32.729	25.088	43.582	29.028
29.84011	0.973	16.736	44.619	32.884	21.815	39.669	27.167	15.585	1.232	44.754	31.997	27.986	43.386	27.408	1.362	17.318	46.17	31.872	25.42	44.444	28.168
30.00675	0.907	17.854	44.948	32.325	23.46	39.932	27.529	16.507	1.265	45.741	32.524	30.026	42.728	28.197	1.165	17.778	46.17	32.069	27.427	44.378	29.32
30.17352	0.878	18.322	44.402	32.533	24.061	40.735	27.571	17.007	1.268	45.032	32.238	28.621	43.597	27.417	1.168	18.609	46.315	32.573	27.933	44.852	29.099
30.34013	0.999	19.221	44.789	33.027	26.305	39.972	27.872	17.775	1.258	45.548	31.976	25.534	43.129	27.554	1.19	19.506	45.846	32.739	30.526	45.733	27.886
30.50682	0.886	19.979	45.063	32.688	26.729	41.301	27.275	18.862	1.311	45.689	31.572	23.166	43.668	27.911	1.175	20.427	46.678	32.566	30.965	44.956	28.834
30.67352	1.017	20.971	45.648	32.094	27.93	42.703	27.195	19.623	1.406	45.587	32.26	23.866	45.039	27.501	1.275	21.225	46.935	31.804	32.699	46.229	28.427
30.84024	1.01	21.087	43.909	33.389	29.853	42.709	27.34	20.2	1.564	45.986	32.107	24.573	44.321	27.976	1.201	21.34	46.117	32.475	31.026	46.465	28.21
31.00694	1.02	21.348	45.06	32.366	29.014	42.871	27.255	20.824	1.604	46.422	31.278	24.578	45.769	27.627	1.247	22.101	46.943	31.906	28.185	46.927	28.588
31.17369	0.998	21.926	44.879	32.631	26.616	42.263	27.331	20.907	1.518	45.94	31.907	24.395	45.423	28.131	1.29	22.346	46.497	31.845	25.9	46.679	28.465
31.3403	1.097	22.321	45.637	32.136	25.199	42.691	26.704	21.698	1.518	46.665	32.204	24.23	45.423	27.868	1.29	23.038	47.617	32.702	26.922	47.404	27.74
31.50689	0.988	22.395	44.937	33.125	24.218	42.881	27.566	21.837	1.607	46.194	31.184	24.797	46.172	27.412	1.278	23.111	47.114	31.913	27.148	47.659	28.338
31.67351	0.911	22.798	45.06	32.862	23.896	44.552	26.748	22.372	1.564	47.368	32.205	25.231	46.525	27.417	1.267	23.413	47.5	31.454	26.057	48.307	28.276
31.84039	1.028	22.972	45.59	32.488	24.828	44.325	26.86	22.909	1.712	46.255	31.765	24.155	47.518	27.265	1.385	24.018	47.175	32.197	26.777	48.807	27.961
32.00705	0.988	23.339	45.471	32.173	24.898	43.648	26.66	23.175	1.676	47.313	31.352	24.226	47.362	27.362	1.277	24.378	47.415	31.821	26.871	49.11	27.957
32.17377	1.061	23.652	45.565	32.589	25.178	45.154	26.152	23.653	1.847	47.441	31.866	25.098	46.897	26.953	1.383	24.791	47.575	31.513	26.962	48.251	27.745
32.34024	0.918	23.704	45.483	32.061	24.703	46.259	26.338	24.002	1.702	46.476	31.272	24.36	46.948	27.501	1.373	25.044	48.022	31.343	26.839	49.324	26.912
32.50693	0.967	23.714	45.553	32.405	24.387	46.257	26.966	24.238	1.754	47.127	31.585	23.846	47.967	27.077	1.418	25.111	48.02	31.005	26.6	49.024	28.065
32.6737	1.054	23.996	45.274	32.502	24.372	45.948	26.364	24.621	1.873	47.116	31.878	24.39	48.085	27.559	1.441	25.331	47.547	31.591	27.035	49.438	27.792
32.84041	1.025	23.828	46.05	32.088	24.567	47.114	26.784	24.647	1.912	47.098	31.465	23.731	48.168	27.026	1.345	25.978	48.484	31.28	25.952	49.979	27.652
33.00701	0.941	23.83	45.581	32.984	24.437	46.712	26.361	24.683	1.86	47.419	31.113	23.633	48.75	27.062	1.557	25.786	47.786	31.058	26.887	50.3	28.083
33.17378	0.995	23.882	45.926	33.016	24.849	46.437	26.317	25.165	2.044	47.803	31.077	23.52	48.508	26.854	1.548	25.745	47.575	30.888	26.501	50.552	28.14
33.3404	0.967	23.747	45.815	31.945	24.781	47.143	26.015	25.059	2.148	46.996	31.322	23.846	48.295	27.175	1.517	26.096	47.856	31.235	26.403	50.664	28.065
33.50706	0.941	23.633	45.909	31.868	24.404	47.5	26.853	25.372	2.155	46.926	30.949	23.633	48.914	27.226	1.557	26.082	48.18	30.664	26.789	50.562	28.28
33.6737	0.967	24.01	46.275	31.584	24.485	47.569	26.146	25.354	2.444	48.111	31.388	23.945	49.41	27.569	1.549	26.161	49.037	30.841	26.468	50.861	27.868
33.84037	1.04	23.85	46.505	31.544	24.983	48.09	25.722	25.486	2.485	47.844	30.79	23.885	49.505	27.21	1.621	26.094	48.052	31.328	26.415	51.249	27.41
34.0071	1.051	24.073	45.859	32.296	24.583	49.052	26.077	25.448	2.528	47.856	30.362	23.714	50.106	27.336	1.698	25.926	49.176	30.998	26.124	51.818	27.699
34.17378	1.047	23.999	45.845	31.86	24.181	48.152	26.265	25.603	2.524	48.464	31.237	24.197	50.255	27.425	1.628	26.146	48.834	31.676	26.44	51.476	28.116
34.34045	1.255	24.32	46.247	31.99	24.764	48.59	26.095	25.532	2.666	48.967	31.006	24.453	49.906	27.19	1.64	26.47	48.484	31.28	26.477	51.619	28.144
34.50709	1.095	24.676	47.249	32.036	24.106	48.864	26.22	25.884	2.802	47.8	30.563	24.155	50.705	27.182	1.904	26.491	48.992	31.429	26.935	52.383	27.775
34.67379	1.189	24.83	46.449	31.829	24.49	48.457	25.621	25.743	2.896	48.276	30.978	24.179	51.083	27.37	1.703	26.416	49.076	30.699	26.726	52.499	28.191
34.84038	1.128	24.774	46.398	32.495	24.63	48.537	26.252	25.884	3.129	48.095	30.006	23.991	50.476	27.51	1.707	26.361	48.992	30.644	25.757	53.071	28.2
35.00714	1.073	25.178	46.38	31.646	24.644	49.429	25.741	25.795	3.172	47.679	30.337	24.136	51.139	26.899	1.847	26.63	48.807	30.944	26.469	53.045	27.85
35.17377	1.193	25.265	46.365	32.756	24.532	49.585	25.827	26.047	3.522	49.044	30.464	24.548	51.426	27.706	2.002	26.983	49.286	31.135	26.771	53.235	28.299
35.34049	1.029	25.592	46.561	31.905	24.728	49.683	25.925	26.08	3.62	48.979	31.217	24.58	50.018	27.608	2.067	27.113	49.417	31.331	27.852	52.58	27.447
35.50725	1.222	25.452	46.744	32.288	24.687	49.7	25.72	26.267	4.107	48.636	30.356	24.735	50.985	26.846	2.162	27.267	49.141	31.092	26.923	53.481	28.093
35.67392	1.091	25.55	46.547	31.208	24.719	49.799	25.621	26.464	4.5	48.636	31.076	24.637	51.41	26.65	2.162	27.398	49.37	30.732	27.119	53.579	28.191
35.8405	1.309	25.949	46.277	32.583	24.792	51.094	25.3	27.22	4.782	48.526	30.62	24.611	51.267	26.982	2.248	27.859	49.229	31.16	27.376	53.86	28.163
36.00716	1.302	26.224	46.772	31.94	23.892	50.443	26.166	27.037	5.297	48.856	30.762	24.79	51.793	27.16	2.632	28.003	49.69	31.173	26.371	53.731	28.406
36.17392	1.226	26.181	46.365	32.331	24.826	50.239	25.598	27.062	5.551	49.208	30.399	24.548	52.637	26.986	2.755	28.259	49.254	30.84	27.753	53.693	28.102
36.34056	1.603	26.258	47.425	31.442	24.65	51.348	26.103	27.133	6.051	49.209	30.331	24.567	52.797	27.064	2.799	28.129	49.393	30.809	27.068	54.635	28.438
36.50725	1.357	26.785	46.926	31.615	24.847	50.789	25.91	27.368	6.101	49.269	30.405	24.372	52.891	27.329	3.142	28.692	49.287	31.371	27.477	54.6	28.508
36.67403	1.455	26.426	46.73	31.582	25.043	51.9	25.845	27.792	6.395	49.465	31.189	25.124	52.303	27.101	3.338	28.594	49.483	31.469	26.856	54.534	28.182
36.84068	1.527	26.654	47.187	31.509	24.625	49.998	25.489	27.692	6.789	49.164	30.855	24.508	52.784	27.461	3.536	28.915	49.839	31.497	27.39	55.176	28.54
37.00739	1.356	26.832	46.93	32.368	24.771	51.141	25.96	27.77	7.268	49.297	31.193	25.208	52.558	27.247	4.017	28.927	50.103	31.021	27.919	55.242	28.032
37.17393	1.736	27.064	46.856	31.815	24.647	51.193	25.021	27.904	7.939	49.545	31.357	25.378	53.587	27.187	4.394	28.994	49.799	31.512	27.263	55.553	28.167
37.34074	1.776	27.604	46.786	31.608	25.251	51.843	25.984	28.216	8.274	49.673	31.313	25.428	52.836	26.815	4.892	28.982	50.121	31.76	27.027	55.813	27.795
37.50724	1.857	27.642	46.875	32.074	24.894	51.611	25.759	28.256	8.881	49.831	31.55	25.365	53.778	26.85	5.4	29.316	50.538	31.996	27.989	55.583	28.419
37.67398	1.878	27.809	47.55	31.716	24.771	52.054	25.439	28.683	9.257	50.112	31.193	26.61	53.764	27.606	5.94	29.416	50.136	31.77	28.636	56.122	29.01
37.84068	1.791	28.164	47.201	32.041	25.285	52.361	25.856	28.517	9.859	49.57	30.963	25.528	53.582	26.524	6.444	29.903	50.538	31.605	28.25	55.844	28.06
38.00735	2.248	28.588	47.592	32.368	24.633	52.524	25.465	28.843	10.479	50.288	31.028	25.952	54.593	26.655	6.868	30.197	50.571	32.583	28.479	55.55	28.321
38.1741	2.379	28.947	47.364	31.878	24.894	52.427	25.987	29.3	11.099	49.962	31.159	26.278	53.81	26.981	7.488	30.588	50.571	32.453	28.087	56.953	28.125
38.34071	2.672	29.012	47.951	32.368	25.709	53.177	26.215	29.43	11.588	50.19	31.811	26.441	55.05	26.655	8.075	30.327	49.951	32.062	28.74	56.203	28.452
38.50735	2.9	29.599	47.886	32.172	25.318	52.361	25.759	29.756	12.469	50.288	31.452	26.278	54.332	26.329	8.76	30.719	50.669	31.964	29.359	56.366	28.354
38.67407	3.365	29.637	47.67	32.402	25.168	52.268	25.933	29.956	13.509	50.49	31.585	26.615	54.336	26.113	9.573	31.144	50.483	32.033	28.272	56.661	27.907
38.84073	3.671	29.928	47.745	32.303	25.39	52.901	25.243	30.117	14.668	51.22	31.812	26.903	55.556	26.726	10.406	31.6	50.885	31.933	29.125	56.904	28.293
39.00734	3.907	30.013	48.198	32.455	25.277	52.9	25.978	30.529	15.854	50.468	31.866	27.345	55.425	26.059	11.102	31.687	50.654	32.475	30.325	56.643	28.312
39.17415	4.533	30.344	47.591	32.619	25.486	53.034	25.403	30.987	16.726	50.833	31.803	27.225	54.841	26.494	12.14	32.045	51.022	32.967	29.367	56.384	28.093
39.34085	4.939	30.401	47.599	33.065	25.516	53.882	25.889	31.206	18.293	51.422	32.151	27.253	55.332	26.426	13.221	32.164	51.06	32.926	29.901	57.492	27.828
39.50748	5.491	30.831	47.959	33.01	26.522	53.179	25.169	31.703	19.484	50.618	32.388	27.611	55.541	26.684	14.375	32.73	51.49	31.728	29.634	56.497	28.088
39.67408	6.046	30.968	48.059	33.313	26.16	54.432	25.296	31.648	20.386	50.497	31.843	27.48	56.207	26.486	15.272	32.644	51.17	32.712	30.378	58.013	28.349
39.84086	6.818	31.168	48.028	32.793	26.113	54.418	25.119	32.04	22.14	50.946	32.204	28.407	55.541	26.601	16.348	32.935	51.265	32.717	30.39	57.964	28.004
40.00747	7.548	30.968	47.798	33.216	26.943	54.301	25.883	32.17	23.617	51.639	31.68	27.611	56.599	26.682	17.655	33.199	51.496	33.104	30.28	58.34	28.349
40.17421	8.147	31.318	48.752	33.661	25.994	54.335	25.652	32.388	25.573	51.251	31.964	28.487	55.328	26.809	18.831	33.382	51.534	32.443	30.325	57.85	27.66
40.34083	8.968	31.622	48.473	33.672	26.46	54.514	25.074	32.529	26.886	51.169	32.529	28.464	55.05	26.426	19.948	33.589	51.876	32.29	30.762	58.29	28.125
40.50752	9.68	31.774	48.915	33.661	26.646	53.944	25.358	32.714	27.627	51.577	32.225	28.878	56.795	27.135	20.886	33.35	51.763	32.736	30.977	58.176	28.312
40.67426	10.691	31.677	48.556	34.216	26.353	53.846	25.163	32.844	28.214	51.577	31.801	28.487	56.012	26.613	22.679	33.676	51.828	32.932	31.075	57.589	28.149
40.84087	11.585	32.004	48.252	33.727	26.391	54.841	25.756	32.974	27.599	51.498	32.616	28.849	56.062	26.847	24.445	33.903	52.011	32.933	30.937	58.681	28.023
41.00753	12.778	31.885	48.712	33.737	26.406	55.199	25.51	33.18	27.026	51.174	32.269	29.254	56.714	26.406	25.697	33.619	52.372	33.336	31.888	58.159	27.972
41.17415	13.861	32.099	49.165	33.956	27.027	55.15	24.627	33.269	26.541	51.246	33.236	29.23	56.599	26.667	27.697	33.94	52.441	33.321	31.351	59.222	28.205
41.34088	14.827	32.371	48.842	34.162	27.27	54.824	25.165	33.541	27.045	52.129	32.692	29.21	58.035	26.453	28.46	34.504	52.378	32.712	32.662	59.188	27.99
41.50776	16.146	32.489	48.969	34.055	27.109	55.035	25.294	33.467	26.133	51.909	32.385	29.71	57.662	27.075	27.395	34.533	52.25	33.448	31.832	58.718	27.962
41.67434	17.266	32.925	49.213	33.869	28.002	55.444	24.91	33.871	25.619	52.187	32.985	29.72	57.58	27.379	26.881	34.872	52.56	33.001	31.387	59.454	27.808
41.84091	18.516	32.717	49.089	34.449	27.327	55.297	24.921	33.829	25.303	52.102	32.744	29.867	57.204	26.54	27.226	34.799	53.357	33.249	32.307	60.03	28.313
42.00759	19.689	32.892	49.115	34.459	27.38	55.477	25.63	33.904	25.062	52.514	32.592	30.113	57.318	26.659	26.685	34.97	52.953	33.328	32.173	59.847	28.168
42.17419	21.488	33.045	49.58	34.447	27.343	55.575	25.3	34.186	24.699	51.862	32.059	30.171	58.004	27.081	25.435	34.989	52.434	33.482	32.478	60.238	27.967
42.34097	23.078	33.11	49.865	34.186	27.889	55.608	25.026	34.549	25.178	52.513	33.138	29.936	58.464	26.971	24.838	35.255	53.278	33.873	33.019	60.077	28.481
42.50769	24.609	33.351	48.929	34.425	27.553	55.869	24.662	34.36	24.976	52.092	32.724	30.347	58.102	26.964	24.468	35.456	52.403	33.69	32.974	60.629	28.733
42.67436	25.782	33.547	49.464	34.36	28.072	57.063	25.407	34.754	24.806	52.663	33.28	30.704	58.479	26.239	24.267	35.622	53.397	33.427	32.623	61.171	28.565
42.84104	25.778	33.874	49.639	34.459	27.805	56.95	24.877	34.984	24.636	52.285	33.738	30.538	58.104	26.757	23.935	35.527	53.051	33.95	32.467	60.338	28.364
43.00762	25.034	33.71	49.975	34.098	27.455	55.738	25.479	35.21	25.27	52.615	33.181	30.707	58.789	26.801	23.782	36.077	53.482	33.363	33.366	60.792	28.504
43.17437	24.894	34.202	49.802	34.688	27.183	56.066	25.107	35.279	25.357	52.711	32.985	30.538	59.02	26.855	23.542	36.149	53.149	34.015	32.991	60.436	28.593
43.34111	24.623	34.485	50.115	34.382	27.796	56.344	25.425	35.366	25.511	52.302	32.909	30.528	59.102	26.781	23.795	36.3	53.232	33.448	32.454	61.892	28.584
43.50777	24.632	34.824	49.802	34.59	27.609	57.114	25.172	35.606	25.52	52.809	33.443	31.651	58.693	26.495	24.033	36.607	53.837	34.015	33.482	61.058	28.888
43.67444	23.671	34.793	49.989	34.722	27.861	56.887	25.126	35.808	25.378	53.134	33.247	31.221	59.515	26.549	24.154	36.712	53.733	34.112	33.632	60.998	28.355
43.84112	23.051	34.838	50.213	34.603	28.128	56.462	25.49	36.15	25.315	53.165	33.291	31.722	59.353	27.274	24.487	36.826	53.894	34.516	33.622	61.066	28.984
44.00777	23.007	35.077	50.433	34.449	28.179	56.772	25.314	36.091	25.369	53.413	33.892	32.129	59.596	26.933	24.637	37.028	53.849	34.003	33.454	62.095	28.837
44.17441	22.261	35.187	50.219	35.345	28.353	56.985	25.061	36.398	25.214	53.33	33.87	31.385	58.531	26.254	24.449	37.007	54.454	34.014	34.418	61.522	28.814
44.34106	22.432	35.283	50.174	34.59	28.259	57.426	25.329	36.853	25.187	53.872	33.968	31.879	59.661	26.98	24.421	37.495	54.145	34.572	34.638	62.682	29.113
44.5078	22.626	35.598	50.049	34.84	28.319	57.817	25.327	36.773	25.413	53.382	34.087	32.132	59.429	26.486	24.678	37.642	53.723	34.725	34.025	61.729	28.747
44.67439	22.576	35.902	50.38	34.818	28.399	57.227	25.407	37.109	25.199	53.186	34.49	31.751	59.984	26.468	24.66	37.977	54.15	34.605	34.193	62.185	28.827
44.84112	22.668	36.133	49.802	35.179	28.132	57.9	25.303	37.309	25.128	53.398	34.0	32.339	60.133	26.855	24.983	38.015	54.197	34.932	34.333	61.942	28.953
45.00787	22.908	36.093	50.532	35.432	28.441	58.083	25.544	37.402	24.91	53.708	33.793	32.129	59.891	26.9	24.833	38.273	54.34	35.085	34.863	62.586	29.132
45.17445	22.882	36.386	50.487	35.333	28.741	57.606	24.829	37.431	25.276	53.627	34.382	32.392	61.478	26.316	24.805	38.662	53.999	35.314	35.213	63.778	28.579
45.34117	23.194	36.603	50.353	35.284	28.996	57.728	25.337	38.082	25.754	54.066	34.726	32.529	61.607	26.827	24.566	39.088	54.596	35.26	35.499	63.091	28.933
45.50778	23.286	36.573	51.154	35.614	29.288	58.766	25.363	38.25	25.88	54.082	35.023	33.153	61.692	26.722	24.891	39.06	54.643	35.326	35.839	63.835	28.83
45.67443	23.274	36.777	50.947	35.655	28.714	57.431	25.451	38.188	25.572	53.903	35.196	33.001	60.455	27.071	24.712	39.259	54.794	35.764	35.766	64.074	28.782
45.84114	23.292	37.03	50.55	36.598	28.996	58.582	25.337	38.41	25.951	53.968	35.186	32.825	61.212	26.695	24.731	39.285	54.793	35.819	35.795	63.814	28.637
46.00789	23.552	37.409	50.984	36.384	29.557	58.933	25.596	38.563	26.312	54.18	35.825	33.228	61.433	27.055	24.929	39.769	54.838	36.16	36.456	63.643	29.099
46.17454	23.403	37.121	51.087	35.961	29.348	58.1	25.281	38.906	26.23	54.393	35.468	33.094	62.119	26.972	24.981	39.786	54.784	36.361	35.699	64.266	29.186
46.34138	23.309	37.415	51.209	36.484	29.822	59.097	25.121	38.973	26.304	54.425	35.594	33.478	62.823	26.913	25.289	39.988	55.274	36.452	35.915	64.708	29.264
46.50792	23.508	37.25	50.746	36.748	29.426	60.221	25.022	39.304	26.568	54.425	35.792	33.412	62.36	26.946	25.653	40.154	54.713	36.386	35.849	64.708	29.33
46.6745	23.258	37.325	50.98	36.824	28.746	59.855	25.037	39.477	26.715	55.119	36.198	33.654	62.523	26.829	25.831	40.194	55.242	36.759	36.711	65.332	28.617
46.84124	23.502	37.253	51.255	36.717	29.025	60.075	25.18	39.54	26.729	54.475	36.753	33.907	62.182	26.842	26.012	40.391	55.554	37.775	37.182	65.424	29.061
47.00785	23.385	37.13	51.059	37.52	29.502	59.941	25.163	39.647	26.743	54.475	36.498	34.315	63.27	26.823	26.026	40.365	55.125	36.893	37.053	65.288	28.844
47.17463	23.418	37.328	51.323	37.586	29.535	60.37	25.163	39.614	26.743	54.541	36.498	34.117	63.7	26.823	26.224	40.332	55.29	37.653	36.822	65.586	29.372
47.3414	23.382	37.148	50.998	38.0	29.76	60.498	25.391	39.86	26.805	54.574	36.979	34.04	63.495	26.886	26.482	40.214	55.127	37.342	37.621	65.908	29.3
47.50799	23.727	36.926	51.166	37.943	29.839	60.264	25.077	39.373	26.687	55.103	36.823	34.051	64.284	26.802	26.528	40.287	55.227	37.517	37.69	66.169	29.314
47.67465	23.888	37.11	51.6	37.895	29.8	61.314	25.272	39.718	26.913	54.674	37.006	35.359	63.42	27.029	26.488	40.597	55.757	37.767	37.399	66.424	28.682
47.8413	23.921	36.879	51.798	38.324	29.8	60.985	25.14	39.915	27.144	55.036	37.138	34.534	64.442	27.161	26.521	40.4	55.262	37.965	38.421	66.688	29.176
48.008	24.046	36.718	51.576	38.227	29.853	60.678	25.399	39.616	27.069	55.102	37.306	35.236	64.823	26.89	26.64	40.296	55.398	37.97	37.608	67.066	29.099
48.17477	24.441	36.718	51.675	38.523	30.05	61.467	25.465	39.813	27.431	54.904	37.635	35.664	63.967	27.186	26.837	40.493	55.727	38.299	38.497	66.013	28.967
48.3413	24.737	36.784	51.576	38.72	29.853	61.171	25.004	39.583	27.661	55.102	37.899	35.729	64.296	27.154	27.035	40.23	55.727	38.365	38.793	67.658	29.428
48.50805	24.765	36.424	52.05	39.613	29.685	61.949	24.997	39.654	27.92	55.316	38.594	36.422	65.471	27.115	27.164	40.17	55.973	38.335	39.267	66.891	29.622
48.67474	24.902	36.422	51.905	39.51	30.38	61.698	25.53	39.583	28.451	54.97	38.228	36.848	64.56	27.581	27.232	40.131	56.122	38.76	39.418	66.868	29.527
48.84145	25.085	36.347	52.167	39.535	29.906	62.261	25.548	39.608	28.799	55.102	38.482	36.411	64.036	27.6	27.746	40.256	55.726	38.718	40.009	66.971	29.184
49.00803	25.264	36.291	52.004	39.642	30.38	61.994	25.629	39.386	29.043	55.365	38.754	37.605	64.56	27.812	28.022	39.769	55.793	39.056	39.879	67.987	29.198
49.17472	25.212	36.134	52.09	40.088	30.499	62.013	26.199	39.67	29.789	55.697	39.496	37.615	65.44	27.594	28.541	39.924	56.118	39.233	40.726	67.588	29.743
49.34134	25.33	36.157	52.121	40.048	31.014	63.073	25.523	39.398	29.809	55.73	39.125	38.365	65.642	28.042	29.19	39.751	56.448	39.257	40.857	68.418	29.433
49.50816	25.052	36.066	52.341	41.007	31.722	62.553	25.281	39.335	30.254	55.218	39.261	37.778	65.285	27.863	29.533	39.786	55.938	39.989	40.976	67.927	29.483
49.67491	25.806	36.035	52.387	40.815	31.918	62.937	25.473	39.34	30.845	55.268	39.265	38.671	65.605	28.32	29.829	39.825	56.415	40.454	41.683	67.951	29.644
49.84141	25.623	36.06	52.498	40.978	31.805	63.525	25.649	39.205	30.633	56.111	39.691	39.227	65.433	28.367	30.609	39.526	56.596	40.582	42.491	68.112	29.561
50.00819	26.027	35.99	52.47	41.231	33.03	62.622	25.893	39.096	31.528	55.581	39.781	39.847	66.114	28.409	30.841	39.548	56.696	40.244	42.426	68.394	29.436
50.17479	26.359	35.907	52.48	41.751	32.807	63.643	25.758	39.019	31.304	56.128	40.365	39.934	66.014	29.071	31.083	39.539	56.612	40.628	43.234	68.494	29.505
50.34149	26.958	35.773	52.665	41.811	33.006	63.092	25.4	38.981	31.735	55.747	40.36	40.425	66.09	28.646	31.578	39.302	56.563	40.062	43.548	68.173	29.773
50.50824	27.086	35.874	51.984	42.147	33.534	63.477	25.559	38.887	31.602	56.326	40.266	40.76	65.815	28.972	31.876	39.208	56.381	40.495	44.06	68.329	30.1
50.6749	27.556	35.854	52.244	42.167	33.411	63.452	25.496	38.838	31.809	55.566	40.515	40.711	65.791	28.746	31.954	39.358	56.281	40.677	43.994	69.001	30.205
50.84157	28.032	35.897	52.809	42.868	33.886	63.68	25.875	38.713	32.317	56.26	40.721	40.851	66.316	28.925	32.13	39.234	56.414	41.115	44.457	69.062	30.186
51.00829	28.378	36.169	52.334	43.132	34.162	63.719	25.83	38.75	32.198	55.549	40.459	41.251	66.717	29.306	32.668	39.071	56.695	41.383	44.01	68.767	30.631
51.17492	28.681	35.854	52.675	43.027	34.139	63.882	25.926	38.772	32.736	56.559	40.714	41.836	66.452	29.109	32.549	39.259	57.108	41.372	45.219	69.299	30.933
51.34163	29.104	35.872	53.061	43.231	35.351	63.719	26.127	38.684	32.792	55.714	41.681	41.911	66.717	29.24	32.8	39.302	56.762	41.482	44.77	69.626	30.631
51.50827	29.663	35.909	52.824	43.41	35.584	64.227	26.082	38.66	33.32	56.145	41.362	41.889	67.095	29.431	33.034	39.081	56.992	41.657	45.863	68.883	30.956
51.6749	29.654	35.664	52.861	43.786	35.506	64.186	26.277	38.874	33.309	56.408	41.806	41.97	67.019	29.491	33.682	39.195	57.29	41.474	45.795	69.401	31.213
51.84161	29.983	35.93	53.007	43.628	35.572	64.672	26.602	38.813	33.508	56.426	41.713	42.637	67.241	29.718	33.453	39.234	56.976	41.611	45.35	69.657	31.145
52.00834	30.25	35.728	52.814	44.439	36.529	63.998	26.646	38.737	33.805	56.159	41.767	43.153	67.491	29.594	33.779	39.256	57.075	41.998	45.777	69.607	31.348
