	MG1655-1	IBUA2-9_1	IBUA5-6_1	IBUA7-9_1	IBUA8-3_1	pykF-1	rpoS-1	yobF-1	MG1655-2	IBUA2-9_2	IBUA5-6_2	IBUA7-9_2	IBUA8-3_2	pykF-2	rpoS-2	yobF-2	MG1655-3	IBUA2-9_3	IBUA5-6_1dup	IBUA7-9_3	IBUA8-3_3	pykF-3	rpoS-3	yobF-3	pykF_rpoS-1	pykF_yobF-1	MG1655-4	pykF_yobF-4	pykF-4	yobF-4	pykF_rpoS-2	pykF_yobF-2	MG1655-5	pykF_yobF-5	pykF-5	yobF-5	pykF_rpoS-3	pykF_yobF-3	MG1655-6	pykF_yobF-6	pykF-6	yobF-6
0.00484	0.0	0.0	0.0	0.0	0.0	0.0	0.0	0.0	0.0	0.0	0.0	0.0	0.0	0.0	0.0	0.0	0.0	0.0	0.0	0.0	0.0	0.0	0.0	0.0	0.0	0.0	0.0	0.0	0.0	0.0	0.0	0.0	0.0	0.0	0.0	0.0	0.0	0.0	0.0	0.0	0.0	0.0
0.17139	0.355	0.415	0.611	0.386	0.594	0.631	0.76	0.793	0.651	0.648	0.7	0.563	0.791	0.863	0.59	0.809	0.796	0.606	0.747	0.702	0.716	0.775	0.48	0.749	0.805	0.848	0.726	0.697	0.791	0.709	0.859	0.703	2.875	0.705	0.707	0.71	0.798	0.698	0.614	0.787	0.823	0.852
0.338	0.519	0.635	0.581	0.47	0.675	0.658	0.931	0.754	0.731	0.742	0.872	0.678	0.876	0.894	0.847	0.953	0.809	0.708	0.944	0.874	0.913	1.062	0.794	0.747	0.849	0.814	0.666	0.785	0.876	0.708	0.852	0.813	3.279	0.876	0.793	0.966	0.877	0.78	0.81	0.896	0.959	0.931
0.50478	0.491	0.749	0.581	0.583	0.675	0.686	0.903	0.783	0.788	0.742	0.872	0.735	0.734	1.064	0.847	1.123	0.809	0.68	1.086	0.874	0.8	0.92	0.737	0.917	0.934	0.842	0.723	0.813	0.876	0.822	0.965	0.955	3.364	0.962	0.935	0.994	0.934	0.865	1.123	1.038	0.902	1.073
0.67157	0.491	0.635	0.893	0.583	0.732	0.829	1.159	0.925	0.902	0.913	0.957	0.763	0.876	1.064	0.847	1.266	0.809	0.68	1.029	0.902	0.885	1.062	0.907	0.917	1.048	0.899	0.808	0.87	1.047	0.907	1.051	0.898	3.393	1.018	1.02	1.079	1.019	0.808	1.095	1.038	1.129	1.158
0.83815	0.616	0.875	0.763	0.68	0.658	0.84	1.113	1.051	0.914	0.87	0.94	0.831	0.802	0.99	0.858	1.134	0.765	0.721	1.126	0.913	0.925	1.016	0.919	0.985	1.032	0.911	0.905	0.881	1.058	1.004	1.006	1.08	3.3	1.143	1.032	1.005	0.946	0.877	0.964	1.135	1.141	1.256
1.00478	0.632	0.833	0.748	0.609	0.787	0.797	1.213	0.868	1.071	0.887	0.982	0.845	0.816	1.117	1.043	1.063	0.724	0.708	1.14	0.927	0.854	1.258	1.018	0.857	1.134	0.954	0.748	0.837	1.072	0.933	1.021	0.924	3.413	1.215	1.216	1.105	1.075	0.92	1.121	0.922	1.185	1.185
1.17145	0.518	0.691	0.606	0.58	0.758	0.968	1.099	0.868	1.014	0.773	1.125	0.759	0.759	1.117	0.958	1.291	0.781	0.708	1.112	0.984	0.939	1.087	1.104	1.028	1.048	0.926	0.777	0.837	1.015	0.847	0.992	1.01	3.441	1.129	0.989	1.077	1.047	0.92	1.121	1.008	1.157	1.214
1.33813	0.452	0.881	0.768	0.6	0.778	0.931	1.176	0.801	0.92	0.82	1.116	0.836	0.665	1.109	0.949	1.14	0.771	0.812	1.046	0.89	0.987	1.079	1.123	0.906	1.039	0.86	0.854	0.886	1.007	0.981	1.268	1.143	3.397	1.121	1.037	1.153	1.066	0.883	1.141	0.999	1.176	1.176
1.50491	0.793	0.653	0.768	0.657	0.778	1.045	1.176	0.944	0.977	0.876	1.031	0.865	0.751	1.194	1.12	1.083	0.771	0.699	1.132	1.004	0.817	1.193	0.924	0.934	0.982	1.031	0.911	0.915	0.978	0.839	1.24	0.887	3.482	1.064	0.98	1.267	1.066	0.911	1.226	1.056	1.176	1.119
1.67165	0.635	0.836	0.694	0.526	0.704	0.885	1.13	0.814	0.932	0.748	0.985	0.791	0.676	1.006	0.932	1.066	0.756	0.626	1.115	1.015	0.856	1.204	0.821	0.86	0.966	1.043	0.865	0.926	0.989	0.935	1.252	0.984	3.447	1.046	1.134	1.079	0.907	0.894	1.124	1.096	1.16	1.132
1.83831	0.56	0.733	0.677	0.566	0.772	0.954	1.113	1.137	0.828	0.927	1.025	0.859	0.717	1.075	1.171	1.078	0.765	0.692	1.126	1.056	0.726	1.102	0.976	0.929	1.032	0.939	0.848	0.909	1.001	0.976	1.006	1.137	3.471	1.286	1.06	1.176	0.946	0.962	1.106	1.135	1.255	1.341
2.00491	0.432	0.776	0.748	0.58	0.701	0.883	1.184	0.982	0.986	0.887	1.125	0.788	0.588	1.174	1.1	1.348	0.924	0.794	1.197	0.842	0.768	1.03	1.217	1.171	1.134	0.926	0.834	0.894	1.015	0.99	1.078	1.095	3.441	1.3	1.16	1.247	0.99	0.92	1.007	0.979	1.242	1.271
2.17148	0.822	0.853	0.74	0.515	0.92	0.931	1.119	0.944	1.005	0.848	0.974	1.036	0.722	0.995	1.035	1.282	0.828	0.699	1.103	0.919	0.987	1.193	0.896	0.849	0.982	0.86	0.854	0.915	0.921	1.01	1.069	1.086	3.51	1.206	1.066	1.267	1.237	1.053	1.283	1.084	1.233	1.176
2.33824	0.622	0.653	0.683	0.6	0.749	1.102	1.204	1.115	0.92	0.876	1.202	0.836	0.665	1.194	0.949	1.168	0.771	0.784	1.217	0.976	0.731	1.335	0.981	1.02	0.953	1.002	0.825	0.972	1.178	1.01	0.926	1.058	3.567	1.149	1.066	1.182	0.981	0.997	1.226	1.084	1.233	1.262
2.50497	0.73	0.875	0.649	0.396	0.829	0.925	1.113	0.966	0.971	1.012	1.111	0.774	0.717	1.331	0.858	1.248	0.85	0.607	1.211	0.8	0.754	1.159	1.288	1.014	1.118	0.996	0.848	0.966	1.087	0.919	1.063	1.052	3.556	1.115	1.06	1.176	1.031	1.048	1.22	0.993	1.227	1.199
2.67154	0.65	0.709	0.794	0.455	0.776	0.985	1.201	0.886	0.946	0.907	1.17	0.719	0.604	1.105	1.06	1.165	0.858	0.67	1.243	0.83	0.928	1.189	0.921	0.932	0.925	0.858	0.88	0.996	1.089	1.035	1.125	1.084	3.531	1.146	1.091	1.35	1.15	1.108	1.167	1.111	1.203	1.46
2.83822	0.642	1.128	0.674	0.506	0.57	0.922	1.395	1.048	0.911	0.866	1.193	0.828	0.486	1.101	1.112	1.16	0.762	0.775	1.265	0.797	0.893	1.156	0.916	0.983	0.944	0.823	0.76	0.878	0.97	1.086	1.145	1.305	3.409	1.283	1.142	1.259	1.114	1.045	1.047	1.075	1.224	1.196
3.00493	0.755	0.786	0.615	0.418	0.853	0.948	1.307	0.991	0.852	0.783	1.162	0.568	0.511	1.012	1.109	1.071	0.763	0.746	1.121	0.736	0.663	1.181	1.112	0.923	0.887	0.878	0.928	0.931	0.938	1.027	1.002	1.104	3.372	1.252	0.969	1.285	1.084	0.986	1.073	1.017	1.28	1.309
3.17169	0.748	0.865	0.751	0.526	0.761	1.056	1.386	1.042	1.017	0.862	1.156	0.677	0.648	1.063	1.245	1.094	0.784	0.711	1.115	0.759	0.828	1.175	1.021	1.003	0.995	0.929	0.78	0.926	1.018	1.021	1.109	1.098	3.589	1.046	0.991	1.193	1.078	1.151	1.238	1.068	1.273	1.302
3.33836	0.824	0.855	0.597	0.429	0.636	0.959	1.289	1.061	1.092	0.968	1.144	0.693	0.692	1.022	1.12	1.31	0.776	0.759	1.218	0.747	0.788	1.106	1.123	0.963	0.985	1.06	0.883	0.942	1.12	1.009	1.213	1.087	3.479	1.063	1.008	1.268	1.096	1.026	1.142	1.0	1.178	1.378
3.50499	0.671	0.816	0.7	0.475	0.711	0.977	1.307	1.194	1.024	0.903	1.104	0.652	0.509	1.124	1.222	1.127	0.71	0.692	1.235	0.678	0.776	0.98	0.969	0.952	0.948	0.907	0.9	0.93	1.023	0.969	1.032	0.963	3.655	1.252	1.025	1.371	1.286	1.129	1.331	1.103	1.31	1.339
3.67168	0.69	0.779	0.634	0.523	0.788	1.054	1.298	1.099	1.101	0.921	1.181	0.587	0.587	1.031	1.328	1.233	0.814	0.911	1.141	0.698	0.768	1.057	1.018	0.972	1.024	1.041	0.863	0.922	1.186	1.046	0.966	0.954	3.638	1.072	1.074	1.362	1.162	1.177	1.265	1.094	1.215	1.301
3.83837	0.94	1.172	0.797	0.572	0.837	1.103	1.261	1.235	0.951	1.088	1.115	0.606	0.72	1.05	1.177	1.424	0.78	0.848	1.076	0.717	0.788	1.162	1.266	1.078	1.018	0.976	0.883	0.884	1.063	1.038	1.13	1.203	3.677	1.263	1.179	1.497	1.212	1.141	1.257	1.144	1.294	1.494
4.00503	0.785	0.816	0.614	0.446	0.739	1.062	1.335	1.194	1.11	1.017	1.275	0.624	0.623	1.096	1.28	1.213	0.824	0.749	1.178	0.678	0.805	1.208	1.083	0.952	1.09	0.964	0.9	0.958	1.023	1.026	1.06	1.134	3.655	1.252	1.025	1.285	1.0	1.272	1.188	1.046	1.224	1.339
4.17171	0.794	0.883	0.623	0.626	0.72	1.242	1.429	1.175	1.062	0.999	1.198	0.603	0.603	1.104	1.374	1.25	0.805	0.702	1.073	0.714	0.785	1.131	1.178	1.046	0.871	0.887	0.88	0.881	0.974	1.121	1.07	1.114	3.671	1.032	1.091	1.465	1.181	1.195	1.197	1.055	1.205	1.406
4.33827	0.712	0.914	0.654	0.572	0.723	1.074	1.432	1.235	1.151	0.945	1.087	0.721	0.72	1.107	1.148	1.396	0.809	0.762	1.19	0.717	0.902	1.219	1.038	1.049	1.018	0.919	0.969	0.941	0.977	1.066	1.216	1.06	3.705	1.12	1.094	1.325	1.298	1.112	1.257	0.972	1.294	1.409
4.50501	1.042	0.988	0.614	0.703	0.711	0.977	1.421	1.165	0.939	0.989	0.933	0.652	0.709	1.124	1.337	1.299	0.824	0.692	1.092	0.706	0.976	1.151	1.169	1.209	1.005	0.993	0.871	0.787	1.023	1.026	1.146	1.134	3.598	1.08	1.025	1.456	1.114	1.101	1.245	0.932	1.281	1.225
4.67168	1.007	0.867	0.637	0.612	0.819	1.057	1.358	1.102	1.133	1.01	1.098	0.647	0.675	1.148	1.217	1.293	0.789	0.857	1.058	0.701	0.885	1.117	1.306	1.117	0.998	0.815	0.866	0.867	1.046	1.192	1.14	1.014	3.501	1.16	1.02	1.222	1.194	1.18	1.154	1.04	1.104	1.304
4.83836	0.842	0.788	0.643	0.646	0.711	1.005	1.364	1.023	0.939	1.074	1.018	0.652	0.709	1.124	1.451	1.241	0.824	0.835	1.064	0.849	1.119	1.065	1.312	1.066	1.033	0.878	0.9	0.844	0.88	1.055	1.146	1.134	3.655	1.28	1.025	1.399	1.171	1.043	1.245	0.875	1.224	1.253
5.00515	0.766	0.883	0.537	0.798	1.005	0.985	1.429	1.118	1.062	1.085	1.027	0.803	0.86	1.161	1.374	1.25	0.834	0.787	1.015	0.857	1.042	1.159	1.149	1.075	1.043	0.887	0.88	0.852	0.946	1.063	1.213	1.143	3.614	1.117	0.948	1.322	1.181	1.224	1.254	1.055	1.233	1.491
5.17187	0.931	0.876	0.532	0.706	0.971	1.094	1.338	1.226	1.285	1.021	0.935	0.827	0.797	1.127	1.34	1.33	0.827	0.781	1.181	0.966	1.036	1.125	1.315	1.04	1.122	0.824	0.903	0.847	1.112	1.029	1.206	1.137	3.603	1.112	0.942	1.316	1.089	1.018	1.506	1.02	1.285	1.428
5.3385	0.916	0.918	0.517	0.863	0.984	0.994	1.581	1.153	1.184	0.889	1.178	0.784	0.784	1.114	1.268	1.23	0.811	0.851	1.081	0.867	1.022	1.111	1.243	1.14	1.163	0.895	0.86	0.862	1.097	1.129	1.22	1.093	3.661	1.155	1.014	1.388	1.273	1.117	1.348	1.12	1.184	1.384
5.50505	0.916	1.004	0.517	1.006	0.956	1.165	1.495	0.896	1.012	1.146	1.007	0.87	1.04	1.142	1.325	1.287	0.811	0.765	1.081	1.009	0.965	1.026	1.3	1.283	1.192	0.867	0.974	0.833	1.097	1.101	1.191	1.179	3.661	1.155	1.1	1.302	1.245	1.117	1.262	0.949	1.127	1.47
5.67177	0.897	0.957	0.472	0.789	0.881	0.977	1.677	0.991	1.109	1.211	1.048	0.882	0.995	1.126	1.394	1.47	0.962	0.889	1.035	1.021	1.176	1.124	1.397	1.037	1.087	0.849	0.871	0.846	0.995	1.027	1.173	1.076	3.629	1.138	1.083	1.256	1.17	1.185	1.244	1.017	1.28	1.366
5.83849	1.166	0.884	0.6	0.973	0.952	1.019	1.463	0.947	0.98	1.108	1.062	1.01	1.01	1.169	1.408	1.342	0.832	0.873	0.964	1.178	1.19	1.338	1.297	1.023	1.127	0.777	0.914	0.889	0.924	1.012	1.186	1.089	3.687	1.066	1.068	1.441	1.297	1.17	1.144	0.973	1.065	1.464
6.00512	0.745	0.89	0.549	0.894	1.129	1.196	1.64	1.067	1.157	1.115	1.21	1.016	0.987	1.003	1.413	1.291	0.724	0.879	1.055	1.098	1.195	1.115	1.189	1.028	1.048	0.783	1.005	0.837	1.072	1.018	1.192	0.924	3.669	1.072	1.046	1.361	1.331	0.977	1.15	0.922	1.242	1.527
6.17176	1.005	0.95	0.609	1.239	1.16	1.199	1.5	1.184	0.989	1.147	0.957	0.961	1.16	0.978	1.416	1.35	0.841	0.968	1.058	1.243	1.426	1.033	1.363	1.031	1.08	0.786	0.865	0.84	1.075	1.021	1.081	0.984	3.675	1.132	1.077	1.25	1.42	1.065	1.295	0.897	1.188	1.388
6.33839	0.929	0.96	0.475	1.248	1.255	1.122	1.737	1.051	1.083	0.986	1.079	1.198	1.283	0.986	1.51	1.216	0.794	1.006	0.981	1.366	1.349	1.126	1.485	1.04	1.261	0.852	0.845	0.848	1.169	1.029	1.119	1.079	4.033	1.169	1.171	1.373	1.23	1.017	1.247	0.934	1.197	1.625
6.50516	0.906	0.88	0.766	1.311	1.175	0.985	1.771	1.286	1.089	1.078	1.17	1.118	1.203	1.077	1.602	1.279	0.886	0.813	1.158	1.343	1.384	1.132	1.406	1.103	1.353	0.801	0.766	0.825	1.032	1.092	1.125	1.113	3.731	1.089	1.091	1.35	1.407	1.108	1.31	0.997	1.26	1.403
6.67173	1.059	0.948	0.723	1.351	1.3	1.084	1.614	1.039	1.044	1.083	1.213	1.189	1.132	1.064	1.473	1.351	0.809	0.879	1.001	1.585	1.51	1.176	1.59	1.23	1.275	0.899	0.836	0.898	1.075	1.135	1.164	1.068	3.734	1.274	1.049	1.25	1.361	1.206	1.208	0.981	1.243	1.414
6.83851	0.831	0.947	0.549	1.406	1.328	1.11	1.811	1.153	1.157	1.314	1.267	1.357	1.442	1.003	1.641	1.376	0.838	0.964	1.14	1.525	1.594	1.115	1.36	1.171	1.305	0.869	0.862	0.923	1.186	1.018	1.249	1.152	3.698	1.215	1.046	1.361	1.417	1.091	1.15	1.008	1.327	1.356
7.00524	1.059	0.833	0.606	1.663	1.328	0.939	1.725	1.067	1.014	1.2	1.438	1.357	1.385	1.089	1.67	1.205	0.753	0.907	1.197	1.696	1.537	1.115	1.645	1.114	1.333	0.954	0.862	0.894	1.072	1.018	1.42	1.095	3.669	1.129	1.16	1.418	1.417	1.062	1.207	1.008	1.356	1.356
7.1718	0.964	1.137	0.654	1.739	1.376	0.959	1.716	1.029	1.062	1.275	1.344	1.548	1.348	0.967	1.462	1.14	0.771	0.812	1.302	1.83	1.528	1.193	1.351	1.333	1.409	0.945	0.854	0.829	1.149	1.095	1.496	1.172	3.567	1.121	1.123	1.495	1.578	1.167	1.198	0.97	1.261	1.461
7.33863	0.949	1.178	0.555	1.837	1.303	0.945	1.787	1.099	1.047	1.172	1.216	1.733	1.533	1.152	1.533	1.24	0.727	0.939	1.202	2.014	1.599	1.179	1.593	1.147	1.478	0.845	0.839	0.873	1.05	1.052	1.338	0.986	3.625	1.135	1.108	1.509	1.563	1.039	1.183	0.899	1.388	1.503
7.50514	0.898	1.042	0.674	1.986	1.48	1.122	1.708	1.219	0.911	1.179	1.478	1.653	1.681	1.044	1.794	1.274	0.762	0.86	1.208	2.276	1.775	1.241	1.599	1.153	1.484	0.766	0.845	0.878	1.169	1.058	1.316	1.049	3.722	1.141	1.114	1.344	1.626	1.073	1.132	0.962	1.394	1.423
7.67203	0.958	1.017	0.763	2.188	1.654	1.124	1.711	1.25	1.141	1.183	1.31	1.912	1.627	1.075	1.655	1.248	0.765	0.891	1.353	2.365	2.006	1.329	1.459	1.014	1.488	0.826	0.819	0.909	1.229	1.061	1.49	1.223	3.585	1.286	1.117	1.347	1.714	1.304	1.22	0.908	1.341	1.426
7.83863	1.031	1.005	0.637	2.346	1.556	1.028	1.784	1.01	1.044	1.254	1.327	2.128	1.786	1.178	1.53	1.266	0.837	0.936	1.37	2.466	2.022	1.233	1.504	1.088	1.56	1.013	0.751	0.87	1.161	1.135	1.477	1.154	3.563	1.104	1.049	1.25	1.787	1.235	1.208	1.038	1.414	1.272
8.00531	0.958	1.017	0.848	2.558	1.768	1.181	1.995	1.165	0.999	1.382	1.481	2.14	2.025	1.075	1.627	1.362	0.822	0.948	1.439	2.791	2.006	1.358	1.459	1.327	1.658	0.996	0.763	0.909	1.143	1.004	1.518	1.251	3.727	1.2	1.06	1.318	1.714	1.076	1.22	0.965	1.483	1.37
8.17184	0.974	1.204	0.836	2.886	1.67	1.17	1.869	1.152	0.987	1.197	1.554	2.156	1.957	1.178	1.615	1.237	0.752	0.964	1.541	3.12	2.193	1.233	1.504	1.002	1.645	0.928	0.836	0.955	1.161	1.05	1.591	1.125	3.705	1.217	1.106	1.307	1.958	1.121	1.35	1.038	1.414	1.357
8.33857	0.901	1.131	0.905	2.899	1.91	1.124	1.796	1.137	1.085	1.382	1.85	2.481	2.082	1.075	1.57	1.334	0.85	1.148	1.78	3.332	2.234	1.244	1.601	1.014	1.715	0.854	0.933	0.909	1.172	1.089	1.603	1.166	3.727	1.143	1.231	1.489	1.97	1.076	1.192	0.993	1.483	1.711
8.50528	1.059	1.09	1.092	3.312	2.267	1.17	1.869	1.039	1.073	1.197	2.009	2.696	2.212	1.235	1.814	1.266	0.752	1.021	1.768	3.489	2.648	1.574	1.675	1.002	1.872	1.013	0.808	0.898	1.217	1.078	1.733	1.154	3.819	1.303	1.191	1.335	2.043	1.064	1.123	1.038	1.499	1.443
8.6719	0.965	1.28	1.055	3.643	2.058	1.161	2.088	1.2	1.064	1.272	2.0	2.999	2.459	1.255	1.635	1.229	0.799	1.096	2.015	3.906	2.894	1.338	1.837	1.249	1.862	0.976	0.913	1.032	1.152	1.212	1.837	1.116	3.604	1.18	1.182	1.298	2.005	1.198	1.285	0.972	1.575	1.433
8.83864	1.098	1.156	1.16	3.633	2.304	1.181	1.852	1.19	1.055	1.403	2.247	2.99	2.393	1.076	1.711	1.22	0.789	1.172	2.119	4.236	2.799	1.245	1.657	1.156	1.852	0.995	0.791	1.024	1.286	0.976	1.714	1.221	3.871	1.286	1.344	1.403	1.995	1.274	1.361	1.106	1.623	1.68
9.0053	0.903	1.472	1.335	4.257	2.477	1.158	1.856	0.966	1.002	1.659	2.478	3.247	2.709	1.196	1.773	1.198	0.848	1.259	2.321	4.492	3.028	1.365	1.719	1.104	2.023	0.972	0.938	1.002	1.291	1.294	1.802	1.282	3.629	1.234	1.265	1.522	2.168	1.193	1.138	0.997	1.626	1.371
9.17197	0.805	1.374	1.493	4.526	2.492	1.231	1.873	1.266	1.019	1.701	2.891	3.376	2.753	1.214	1.931	1.272	0.863	1.331	2.507	4.648	3.185	1.552	1.792	1.036	2.095	0.96	0.785	0.934	1.336	1.084	1.931	1.327	3.55	1.251	1.395	1.34	2.127	1.352	1.212	1.07	1.585	1.274
9.33858	1.098	1.412	1.559	4.877	2.644	1.325	1.882	1.275	1.028	1.57	3.183	3.669	2.96	1.364	1.855	1.196	0.788	1.398	2.772	5.226	3.28	1.447	1.801	0.959	2.105	1.054	0.878	0.943	1.345	1.121	1.884	1.421	3.652	1.43	1.318	1.462	2.25	1.276	1.249	1.249	1.708	1.312
9.50527	1.079	1.336	1.823	5.342	2.909	1.277	2.118	1.086	1.093	1.893	3.562	3.878	3.169	1.287	1.864	1.317	0.854	1.691	3.065	5.293	3.715	1.455	1.583	1.223	2.172	1.119	0.887	1.121	1.354	1.101	1.95	1.26	3.668	1.325	1.525	1.272	2.401	1.284	1.144	1.088	1.632	1.491
9.67198	1.268	1.752	1.814	5.585	3.267	1.325	1.967	1.105	0.914	2.193	3.949	3.953	3.329	1.307	1.912	1.281	0.93	1.766	3.452	5.679	4.159	1.532	1.716	1.299	2.417	1.054	0.878	0.999	1.345	1.121	2.054	1.279	3.793	1.43	1.318	1.434	2.562	1.276	1.221	1.193	1.765	1.368
9.83873	0.837	1.83	2.091	6.116	3.459	1.347	2.046	1.099	1.022	1.988	4.14	4.201	3.719	1.358	2.019	1.275	0.951	1.986	3.785	5.842	4.237	1.555	1.965	1.322	2.438	1.048	0.844	1.107	1.424	1.115	2.217	1.443	3.782	1.481	1.341	1.371	2.328	1.581	1.3	1.158	1.702	1.617
10.00543	0.897	1.833	2.264	6.565	3.516	1.494	2.107	1.13	0.998	2.411	4.452	4.513	3.89	1.279	1.797	1.281	0.812	2.185	4.04	6.603	4.548	1.532	1.856	1.298	2.552	1.194	0.935	1.057	1.486	1.177	2.078	1.306	3.654	1.373	1.375	1.49	2.444	1.416	1.219	1.135	1.762	1.423
10.17199	0.954	2.087	2.575	6.621	3.798	1.38	2.107	1.243	1.055	2.468	4.962	4.88	4.06	1.336	1.882	1.196	0.812	2.44	4.465	6.858	4.887	1.589	1.856	1.101	2.467	1.251	0.821	1.142	1.486	1.234	2.333	1.56	3.597	1.486	1.403	1.49	2.642	1.331	1.304	1.304	1.762	1.338
10.33865	0.985	2.26	2.861	7.022	3.972	1.581	2.11	1.303	1.001	2.726	5.701	4.799	4.488	1.452	1.913	1.284	0.759	2.868	4.723	6.862	5.145	1.535	1.859	1.103	2.725	1.282	0.853	1.144	1.433	1.095	2.336	1.422	3.688	1.461	1.406	1.521	2.73	1.475	1.194	1.251	1.765	1.454
10.50535	0.909	2.414	3.269	7.696	4.327	1.419	2.118	1.086	1.008	2.942	6.341	5.239	4.813	1.457	2.005	1.232	0.883	3.053	5.277	7.59	5.814	1.654	1.98	1.28	2.796	1.29	0.887	1.206	1.552	1.044	2.574	1.458	3.753	1.58	1.525	1.386	3.224	1.625	1.314	1.428	1.802	1.491
10.67206	0.919	2.903	3.589	8.01	4.758	1.486	2.043	1.181	0.991	3.23	6.913	5.5	5.16	1.695	2.186	1.301	0.778	3.456	5.538	7.651	5.791	1.693	1.792	1.121	2.916	1.385	0.841	1.274	1.506	1.084	2.469	1.497	3.777	1.506	1.565	1.453	3.062	1.522	1.155	1.269	1.84	1.472
10.8388	1.177	3.049	4.102	8.156	4.932	1.517	2.216	1.099	1.164	3.489	7.455	5.561	5.645	1.613	2.132	1.303	0.866	3.403	6.278	7.938	6.276	1.64	2.078	1.18	3.203	1.303	0.958	1.249	1.538	1.03	2.727	1.5	3.782	1.566	1.653	1.513	3.292	1.525	1.3	1.357	1.928	1.475
11.00543	0.963	3.427	4.169	8.53	5.139	1.559	2.116	1.168	1.149	4.12	7.944	6.08	5.712	1.514	2.202	1.205	0.822	4.12	6.626	8.483	6.624	1.682	1.893	1.364	3.27	1.458	0.773	1.32	1.523	1.073	2.626	1.513	3.529	1.636	1.581	1.357	3.359	1.736	1.2	1.398	1.941	1.29
11.17211	0.972	3.948	4.831	9.11	5.632	1.596	2.266	1.092	1.073	4.699	8.721	6.346	6.289	1.522	2.041	1.298	0.916	4.415	7.091	8.977	7.231	1.776	1.874	1.174	3.337	1.438	0.924	1.328	1.702	1.166	2.947	1.522	3.63	1.645	1.93	1.45	3.398	1.603	1.322	1.52	2.035	1.526
11.33879	1.048	4.135	5.103	9.86	5.932	1.672	2.286	1.055	0.979	4.743	9.359	6.702	6.589	1.599	2.202	1.261	0.907	4.912	7.645	9.615	7.389	1.795	2.063	1.109	3.496	1.514	1.0	1.32	1.665	1.016	2.795	1.654	3.614	1.551	1.751	1.357	3.784	1.708	1.2	1.511	1.998	1.46
11.50542	1.007	4.493	5.774	9.884	6.49	1.659	2.216	1.184	1.079	5.274	9.636	7.175	6.892	1.641	2.047	1.303	0.838	5.216	8.119	9.496	7.834	1.725	2.05	1.124	3.77	1.388	1.014	1.419	1.623	1.2	3.266	1.613	3.641	1.679	1.653	1.286	3.801	1.751	1.215	1.668	2.127	1.475
11.67206	1.146	4.879	6.046	10.486	6.534	1.77	2.186	1.067	0.907	5.796	10.693	7.389	7.643	1.67	2.244	1.332	0.918	5.656	8.839	10.412	8.696	1.866	1.935	1.066	3.93	1.669	0.816	1.419	1.65	1.172	3.259	1.752	3.587	1.707	1.821	1.512	4.049	1.862	1.128	1.638	2.18	1.332
11.83882	0.948	5.388	6.668	10.458	6.788	1.657	2.355	1.067	1.134	6.305	11.937	7.842	7.813	1.698	2.328	1.332	0.918	6.419	9.377	10.327	9.205	1.838	2.02	1.095	4.354	1.584	0.844	1.419	1.735	1.002	3.344	1.724	3.643	1.735	1.736	1.427	4.133	1.805	1.213	1.581	2.18	1.36
12.0056	1.051	6.148	7.173	11.62	7.86	1.93	2.459	1.171	1.01	6.729	11.769	7.839	8.631	1.687	2.262	1.349	0.853	6.926	9.97	10.95	9.204	1.968	1.953	1.112	4.462	1.546	0.918	1.436	1.753	0.99	3.337	1.771	3.704	1.753	1.839	1.445	4.382	1.909	1.146	1.599	2.114	1.463
12.17218	0.948	6.378	7.714	11.363	7.919	1.77	2.242	1.039	0.964	7.521	12.701	8.181	8.803	1.754	2.272	1.247	0.834	7.578	10.592	11.43	10.138	1.951	2.218	1.151	4.665	1.867	0.844	1.588	1.933	1.172	3.683	1.894	3.587	1.735	1.963	1.427	4.699	1.975	1.213	1.779	2.264	1.501
12.33883	0.973	7.165	8.331	12.149	8.875	1.767	2.409	1.121	0.989	8.392	13.402	8.318	9.137	1.752	2.354	1.273	0.887	8.224	11.153	11.764	10.84	2.004	2.017	1.148	4.661	2.005	0.841	1.557	1.93	1.14	3.68	1.834	3.638	1.986	2.044	1.396	4.949	2.028	1.126	1.663	2.318	1.442
12.50554	0.966	7.394	9.211	12.469	9.361	1.93	2.374	1.228	1.01	8.767	14.685	8.716	9.933	1.8	2.347	1.349	0.853	8.54	11.697	11.771	11.327	2.138	2.264	1.112	5.113	1.8	1.003	1.606	2.036	1.075	3.959	1.941	3.534	1.922	2.179	1.331	5.118	1.994	1.146	1.967	2.34	1.463
12.6722	0.963	8.493	9.235	12.973	9.554	2.097	2.342	1.253	1.007	9.865	14.934	9.306	10.466	1.91	2.344	1.261	0.935	9.497	13.022	12.813	11.662	2.135	2.148	1.251	5.534	1.939	0.858	1.659	1.948	1.157	4.352	1.994	3.699	2.061	2.091	1.357	5.538	2.075	1.115	1.964	2.422	1.517
12.83887	0.963	8.351	9.943	13.312	10.601	2.04	2.371	1.055	1.064	9.695	16.377	9.391	10.89	1.854	2.287	1.289	0.935	10.176	13.192	13.237	13.275	2.135	2.12	1.392	5.392	2.052	0.915	1.772	2.033	1.186	4.437	2.079	3.614	2.174	2.147	1.442	5.453	2.245	1.2	1.964	2.535	1.46
13.00565	0.978	9.479	10.646	13.538	10.739	1.971	2.556	1.155	0.994	10.94	17.37	9.98	11.113	1.811	2.387	1.53	0.866	10.513	14.068	12.952	12.877	2.433	2.22	1.322	5.668	2.124	0.929	1.872	2.019	1.257	4.37	2.038	3.697	2.104	2.248	1.513	5.728	2.403	1.243	1.895	2.552	1.645
13.17226	1.016	10.032	11.455	14.093	11.633	2.065	2.593	1.108	1.201	10.985	17.133	10.051	12.006	1.905	2.396	1.283	0.961	11.351	15.021	13.733	13.828	2.328	1.974	1.274	6.105	2.077	0.853	1.966	2.142	1.038	4.807	2.218	3.657	2.283	2.257	1.607	6.052	2.412	1.223	2.159	2.562	1.456
13.33888	0.956	10.612	11.779	14.763	12.043	2.061	2.42	1.02	0.969	12.818	18.346	10.599	12.53	1.928	2.648	1.334	0.959	12.217	15.493	14.032	14.44	2.381	2.197	1.326	6.565	2.33	1.046	1.961	2.223	1.317	4.78	2.414	3.758	2.365	2.31	1.801	6.453	2.523	1.19	2.185	2.673	1.566
13.50561	0.785	11.776	12.574	15.075	12.81	2.061	2.618	1.19	0.941	12.392	18.659	10.883	13.523	2.098	2.421	1.334	0.903	12.899	16.714	14.203	15.803	2.267	2.282	1.241	6.736	2.358	0.961	2.216	2.166	1.203	5.036	2.499	3.587	2.535	2.366	1.545	6.822	2.608	1.162	2.355	2.815	1.566
13.67223	0.931	13.292	13.467	15.057	13.107	2.32	2.452	1.25	0.946	13.649	19.94	11.043	13.991	2.188	2.538	1.397	1.018	13.279	17.09	14.527	15.302	2.584	2.286	1.302	7.041	2.417	1.023	2.221	2.283	1.209	5.43	2.7	3.714	2.538	2.427	1.465	7.129	2.696	1.223	2.329	2.873	1.57
13.83902	0.968	13.729	14.187	15.582	14.167	2.329	2.546	1.203	1.067	14.347	20.816	11.329	14.88	2.025	2.604	1.402	1.001	14.683	17.761	14.992	16.708	2.393	2.408	1.252	7.322	2.627	0.916	2.399	2.405	1.214	5.62	2.682	3.637	2.576	2.464	1.557	7.379	2.735	1.288	2.396	2.999	1.579
14.00561	1.003	14.683	14.403	15.455	15.376	2.222	2.666	1.124	1.017	15.723	21.959	11.663	15.153	2.26	2.468	1.411	1.035	15.464	17.972	15.662	17.516	2.769	2.301	1.402	7.716	2.916	0.952	2.378	2.497	1.194	5.904	2.886	3.855	2.696	2.612	1.451	7.746	3.053	1.409	2.516	3.032	1.727
14.17232	1.126	15.382	15.414	16.126	15.763	2.402	2.675	1.275	0.969	16.253	21.299	12.132	16.505	2.439	2.506	1.391	0.988	15.142	19.383	15.963	18.302	2.778	2.452	1.297	8.155	3.011	0.904	2.586	2.507	1.203	6.2	2.896	3.786	2.876	2.735	1.545	8.242	3.034	1.332	2.781	3.071	1.566
14.3389	0.912	15.011	16.973	16.238	16.499	2.528	2.518	1.373	0.926	16.901	22.229	12.759	17.297	2.282	2.718	1.49	0.971	16.274	19.945	16.019	19.092	2.763	2.635	1.34	8.558	3.193	0.947	2.655	2.718	1.217	6.435	3.021	3.645	2.803	2.776	1.559	8.39	3.273	1.317	2.935	3.309	1.664
14.50574	0.93	16.467	17.01	16.842	16.735	2.518	2.621	1.222	1.114	17.566	24.004	13.699	17.902	2.442	2.594	1.564	1.048	17.846	20.61	16.537	19.387	2.952	2.484	1.442	8.615	3.441	0.992	2.958	2.68	1.376	6.801	3.127	3.678	3.049	2.966	1.633	8.786	3.435	1.279	2.898	3.216	1.654
14.67234	0.965	16.707	17.818	16.883	17.628	2.695	2.684	1.37	0.865	18.631	24.019	13.881	18.909	2.363	2.828	1.484	1.14	18.74	21.335	16.805	20.622	2.873	2.462	1.505	9.192	3.448	0.97	2.964	2.772	1.325	7.406	3.389	3.689	3.169	3.143	1.582	9.022	3.385	1.37	3.217	3.337	1.661
14.83892	1.138	18.873	18.535	17.259	18.771	2.642	2.801	1.317	1.067	19.775	25.078	14.313	19.001	2.48	2.689	1.43	1.001	19.429	21.825	17.379	21.539	3.075	2.38	1.508	9.623	3.565	0.916	3.109	2.945	1.214	7.467	3.563	3.808	3.258	3.231	1.642	9.624	3.644	1.288	3.22	3.567	1.834
15.00568	0.903	17.856	19.222	17.807	18.918	2.83	2.905	1.25	1.002	21.048	25.07	14.983	20.028	2.585	2.651	1.709	1.018	19.6	22.476	17.73	21.794	3.122	2.626	1.501	9.564	3.778	0.938	3.27	2.992	1.265	7.67	3.55	3.714	3.474	3.419	1.72	10.332	3.773	1.252	3.293	3.695	1.655
15.17244	0.903	19.84	19.59	18.232	19.4	3.0	2.82	1.363	0.946	21.275	25.807	14.586	21.389	2.784	2.737	1.538	1.188	20.564	23.638	17.815	22.531	3.264	2.598	1.558	10.159	4.26	1.023	3.525	3.049	1.435	8.067	3.72	3.884	3.389	3.532	1.72	10.474	4.113	1.394	3.52	3.78	1.938
15.33897	1.117	21.01	20.05	18.463	21.136	3.102	2.949	1.351	1.188	21.199	25.932	15.522	21.85	2.714	2.554	1.638	1.063	21.082	24.669	18.357	23.56	3.45	2.727	1.487	10.752	4.306	0.952	3.513	3.263	1.393	8.344	3.794	3.684	3.746	3.464	1.735	10.725	4.443	1.409	3.622	3.883	1.727
15.50577	1.044	20.67	19.992	19.256	20.54	3.257	2.877	1.534	1.114	23.644	25.14	15.915	22.901	2.925	2.651	1.592	1.247	22.475	24.615	18.979	23.818	3.491	2.484	1.613	11.227	4.548	1.049	3.81	3.447	1.291	8.732	4.092	3.791	3.901	3.903	1.747	11.257	4.401	1.421	4.034	4.153	1.995
15.6724	1.003	21.464	21.582	19.655	22.3	3.244	2.609	1.379	1.102	23.015	26.273	16.828	22.985	2.969	2.922	1.723	1.12	23.012	25.066	19.407	24.951	3.649	2.556	1.572	11.717	4.732	1.123	4.024	3.434	1.45	9.025	4.333	3.684	4.058	3.804	1.792	11.917	4.67	1.409	4.048	4.167	1.841
15.83903	1.205	22.494	21.844	19.775	22.733	3.332	2.782	1.439	1.049	23.676	24.464	17.203	25.263	3.171	2.755	1.726	1.038	22.282	25.67	19.329	25.526	3.851	2.985	1.746	12.12	5.048	1.069	4.226	3.607	1.396	9.74	4.394	3.775	4.317	4.148	1.795	12.093	5.014	1.355	4.392	4.426	1.815
16.00571	1.006	24.026	22.781	20.201	23.698	3.644	3.009	1.524	1.219	24.528	25.457	17.941	24.894	3.143	2.642	1.754	1.123	24.552	25.5	20.776	27.002	3.907	2.616	1.604	12.29	5.218	1.239	4.367	3.692	1.481	9.91	4.848	3.747	4.601	4.375	1.965	13.058	5.298	1.412	4.449	4.568	1.986
16.17247	0.974	25.113	23.125	20.342	24.84	3.615	2.694	1.408	1.073	25.902	26.43	18.958	26.235	3.196	2.695	1.777	1.178	24.589	25.393	20.86	27.068	4.047	2.841	1.798	13.102	5.448	1.064	4.651	4.032	1.419	10.205	5.02	3.819	4.799	4.517	1.932	13.386	5.499	1.436	4.649	4.768	1.869
16.33909	1.126	24.383	23.335	21.095	25.758	4.049	2.959	1.474	1.055	26.305	27.347	18.322	26.954	3.575	2.818	1.902	1.215	26.442	25.459	20.62	26.99	4.425	2.708	1.837	13.323	5.879	1.131	5.056	4.21	1.572	11.141	5.111	3.786	4.977	4.666	1.886	13.835	5.561	1.531	4.996	4.888	1.992
16.5058	1.12	24.196	23.633	20.655	26.054	4.127	2.782	1.354	1.105	27.564	26.281	19.558	27.931	3.682	2.727	1.754	1.151	26.851	25.698	21.543	24.278	4.333	2.815	1.746	13.822	6.013	1.126	5.077	4.033	1.481	11.074	5.586	3.832	4.884	4.716	1.993	14.42	5.923	1.412	4.988	5.079	1.901
16.67238	1.157	26.852	23.582	20.597	26.692	4.254	2.792	1.563	1.17	27.757	25.865	19.041	27.804	3.92	2.708	1.96	1.192	25.873	25.624	21.229	23.004	4.658	2.683	1.697	14.86	6.402	1.246	5.376	4.7	1.772	11.704	5.775	4.012	5.468	5.299	2.03	15.059	6.311	1.476	5.346	5.21	1.995
16.83926	1.154	26.474	23.603	20.732	26.912	4.478	2.902	1.589	1.224	28.659	26.113	20.172	28.165	4.088	2.875	1.871	1.33	26.291	25.872	21.279	23.509	4.797	2.594	1.864	15.366	6.825	1.186	5.714	4.753	1.684	12.382	5.942	3.892	5.721	5.267	1.941	15.423	6.649	1.53	5.769	5.633	1.992
17.00575	1.306	26.755	23.625	21.095	26.396	4.603	2.883	1.712	1.233	29.113	26.45	18.769	25.315	4.012	2.913	2.079	1.17	26.488	26.323	22.637	25.552	4.978	2.86	1.817	15.442	7.208	1.281	5.867	4.764	1.693	12.739	6.494	3.937	5.789	5.62	2.036	15.896	6.832	1.568	6.094	5.73	2.087
17.1725	1.129	27.279	24.208	21.081	23.904	4.795	2.906	1.592	1.17	29.436	26.178	20.236	23.621	4.262	3.049	1.96	1.163	27.751	26.05	21.798	24.37	5.284	2.939	1.868	16.454	7.171	1.246	6.287	5.041	1.744	13.07	6.742	3.813	6.151	5.783	2.001	16.567	7.393	1.619	6.2	5.808	2.024
17.33915	1.059	27.578	24.816	21.43	23.117	5.126	2.893	1.608	1.185	29.654	27.186	20.013	24.2	4.45	2.98	2.003	1.436	27.197	25.322	21.776	25.32	5.445	2.784	1.883	16.486	8.132	1.176	6.505	5.202	1.616	13.582	7.019	3.954	6.313	5.973	2.045	17.253	7.528	1.548	6.533	6.34	2.211
17.50588	1.224	29.444	24.531	21.862	24.653	5.228	2.972	1.743	1.209	30.005	26.925	19.683	25.48	4.497	2.973	2.027	1.257	27.016	26.286	21.528	25.375	5.774	2.834	1.878	17.126	8.254	1.086	6.889	5.446	1.811	13.605	7.314	4.064	6.441	6.442	2.097	17.183	7.736	1.458	6.659	6.381	2.147
17.67255	1.11	28.762	24.417	21.237	25.023	5.711	2.972	1.572	1.209	29.721	25.533	19.399	27.526	4.867	2.831	2.141	1.484	28.807	25.832	22.75	25.744	5.774	2.834	1.934	18.376	8.509	1.172	7.4	5.957	1.726	14.315	7.627	3.95	6.952	6.727	2.068	18.178	8.248	1.543	7.256	6.921	2.005
17.83911	1.129	28.338	24.252	21.982	25.539	5.614	3.047	1.932	1.2	29.693	26.447	20.714	27.814	4.913	3.049	2.047	1.332	27.502	26.092	22.785	25.721	6.104	2.796	1.954	17.958	8.837	1.22	7.644	6.088	1.887	14.554	7.614	3.962	7.139	7.141	2.144	18.868	8.718	1.591	7.555	6.908	2.222
18.00589	1.154	29.148	24.769	21.642	26.57	6.043	2.817	1.958	1.167	30.65	26.369	20.599	27.795	5.197	2.904	2.213	1.33	28.51	26.554	23.697	26.638	6.589	2.822	1.893	18.951	9.414	1.158	7.762	6.403	1.826	15.738	8.274	4.006	7.826	7.088	2.254	19.718	8.725	1.644	8.016	7.226	2.277
18.17265	1.239	28.864	24.684	22.069	25.034	6.356	3.244	1.958	1.366	30.565	26.113	20.912	27.312	5.681	3.046	2.07	1.359	29.022	26.498	22.473	26.723	6.731	2.992	2.064	19.264	9.556	1.243	8.53	6.574	1.684	15.681	8.644	4.006	7.854	7.742	2.169	20.088	9.522	1.644	7.931	7.738	2.277
18.33924	1.205	29.67	24.44	21.969	26.724	6.49	3.18	1.866	1.246	30.631	25.926	20.727	27.551	5.73	3.125	2.32	1.409	29.289	26.197	22.772	26.877	6.837	2.986	2.114	19.534	10.172	1.323	8.635	6.651	1.849	16.437	8.749	3.91	8.187	8.018	2.163	20.216	9.598	1.723	8.349	7.729	2.27
18.50593	1.211	29.38	24.216	22.032	25.587	6.888	2.874	2.156	1.31	31.103	26.751	21.048	27.379	5.96	2.96	2.271	1.328	30.276	26.935	23.118	26.195	7.151	3.049	2.121	20.223	10.876	1.33	9.088	7.05	1.97	16.905	9.484	4.013	8.242	8.301	2.17	19.514	10.218	1.616	9.056	8.267	2.333
18.6725	1.145	30.287	24.973	23.128	26.034	7.339	3.12	2.005	1.158	31.304	26.6	20.806	27.77	6.324	2.894	2.289	1.434	29.734	25.904	22.935	27.466	7.26	3.068	2.196	20.01	11.276	1.348	9.484	7.387	1.846	17.34	10.024	4.046	9.206	8.838	2.33	18.816	10.503	1.606	9.197	8.692	2.438
18.83926	1.22	29.265	24.864	23.02	24.589	7.497	3.025	1.91	1.319	31.445	25.61	21.495	27.83	6.341	2.97	2.308	1.481	27.974	26.505	23.566	27.043	7.56	3.001	2.102	18.739	11.403	1.254	10.067	7.8	2.064	18.344	10.236	4.03	9.164	8.91	2.406	17.631	10.886	1.768	9.752	8.706	2.343
19.00594	1.242	29.925	24.521	22.276	25.981	7.982	2.962	2.047	1.341	32.424	25.381	21.886	26.922	6.908	2.964	2.329	1.448	29.031	25.709	23.789	27.414	8.044	2.91	2.294	17.592	12.064	1.332	10.156	8.2	2.085	18.39	10.811	3.983	9.651	9.397	2.371	18.331	11.774	1.732	10.126	9.165	2.422
19.17269	1.214	30.75	24.947	22.759	25.128	8.067	3.133	2.104	1.454	31.172	25.466	22.0	26.409	7.164	2.992	2.415	1.533	29.458	26.762	23.107	27.414	8.329	2.996	2.465	18.616	12.463	1.246	11.038	8.57	2.171	18.903	11.238	4.012	10.22	9.795	2.457	19.07	11.689	1.818	10.382	9.734	2.422
19.33934	1.375	29.585	24.725	22.737	25.843	8.395	3.124	2.208	1.502	29.721	24.846	21.893	27.693	7.607	3.125	2.633	1.608	29.289	25.827	23.113	26.792	8.799	3.1	2.399	19.022	12.816	1.351	11.251	8.613	2.161	19.224	12.047	4.052	10.973	10.065	2.419	19.136	11.929	1.78	10.936	10.004	2.441
19.50592	1.382	30.087	24.058	23.463	26.144	9.058	2.874	2.271	1.366	30.906	25.999	22.448	26.003	7.957	3.16	2.725	1.615	29.819	26.042	23.867	26.979	9.064	2.936	2.377	19.463	13.254	1.442	11.688	9.163	2.196	20.318	11.716	4.262	10.699	10.729	2.596	19.291	13.163	1.729	11.146	10.185	2.504
19.67259	1.328	29.698	23.411	22.19	25.867	9.347	3.19	2.189	1.369	30.489	26.092	21.232	26.95	8.046	3.163	2.5	1.704	30.283	25.709	23.562	28.126	9.552	3.166	2.693	18.958	13.914	1.275	12.233	9.765	2.171	20.581	12.632	4.097	11.301	11.075	2.542	19.81	13.083	1.875	11.805	10.189	2.678
19.8393	1.315	30.258	24.177	22.587	26.091	9.414	2.864	2.29	1.442	30.763	25.833	22.398	27.429	8.797	3.036	2.545	1.661	30.303	25.762	22.935	26.699	10.103	3.068	2.594	19.072	14.318	1.433	12.384	10.173	2.3	18.933	12.724	4.217	11.224	11.539	2.586	19.47	13.971	1.862	12.012	11.421	2.608
20.00608	1.385	29.669	24.037	22.702	26.692	10.03	2.991	2.332	1.454	31.342	26.547	21.459	29.141	9.156	3.163	2.842	1.704	30.454	25.538	23.562	26.532	10.32	3.166	2.607	19.555	14.768	1.502	12.717	10.504	2.398	17.964	13.258	4.154	11.842	11.815	2.684	19.896	14.847	1.818	12.659	10.901	2.593
20.17265	1.296	29.777	24.216	22.458	25.275	10.238	3.129	2.269	1.395	30.62	25.416	21.673	27.834	9.055	3.046	2.839	1.499	31.269	25.885	24.055	26.394	10.444	3.333	2.547	19.91	15.05	1.472	13.631	10.826	2.339	17.7	13.459	4.098	12.728	12.531	2.596	20.167	14.221	1.844	13.088	11.873	2.815
20.33932	1.41	30.314	24.484	22.752	25.063	10.594	3.13	2.328	1.508	29.74	25.032	22.618	27.653	9.265	3.217	2.867	1.7	30.672	25.502	23.526	27.235	10.998	3.248	2.775	20.145	15.786	1.613	14.049	11.381	2.452	18.213	13.935	4.262	13.6	12.749	2.766	20.401	14.955	1.729	13.62	12.517	2.703
20.506	1.4	31.509	24.12	23.44	25.892	10.807	3.177	2.375	1.442	32.725	25.35	21.857	27.429	9.678	3.065	2.829	1.605	31.099	25.592	24.129	27.807	11.268	3.182	2.765	19.754	17.075	1.49	14.203	11.622	2.556	18.933	14.288	4.132	13.584	13.444	2.7	19.697	15.592	1.891	14.457	12.899	2.693
20.6727	1.413	30.582	24.451	23.317	24.658	11.436	3.104	2.358	1.484	31.936	25.85	22.134	27.729	10.281	2.964	2.927	1.758	30.597	25.438	24.063	26.743	11.415	3.052	2.891	20.571	16.788	1.56	14.573	11.91	2.455	19.098	14.884	4.104	13.756	13.587	2.854	20.117	16.045	1.761	14.172	12.787	2.762
20.8394	1.486	29.803	24.461	23.895	25.806	11.688	3.035	2.574	1.442	31.048	25.634	22.142	26.747	10.588	3.15	3.028	1.775	31.44	25.421	23.276	27.125	11.951	3.068	3.106	20.209	17.758	1.604	15.966	12.561	2.642	18.933	15.596	4.16	14.608	14.268	3.098	20.124	15.762	1.862	14.741	13.752	2.779
21.00613	1.429	30.457	23.921	22.417	26.29	11.916	3.035	2.574	1.613	31.758	25.719	22.682	26.946	11.185	2.98	3.028	1.661	29.82	25.933	24.101	27.409	12.462	2.983	3.106	20.294	17.502	1.604	16.421	12.475	2.727	19.046	15.823	4.245	15.034	14.609	3.013	20.437	16.501	1.862	15.224	13.951	2.864
21.17276	1.495	30.8	24.443	22.742	25.9	12.368	3.158	2.78	1.566	31.188	25.53	22.894	28.629	11.667	3.131	3.265	1.669	30.105	25.856	23.629	27.672	13.028	3.247	3.001	20.081	18.287	1.586	16.782	13.211	2.85	19.488	15.986	4.212	15.823	15.513	2.993	20.764	17.032	1.787	15.53	14.627	2.901
21.3395	1.545	29.844	24.143	22.443	26.394	13.209	3.123	2.603	1.474	31.311	26.621	21.971	28.697	11.884	3.124	3.344	1.719	30.002	25.755	23.359	26.122	13.33	3.212	3.165	19.811	18.984	1.665	17.225	13.882	2.787	19.673	16.712	4.343	16.095	15.501	3.072	20.324	17.957	1.922	15.745	14.473	3.064
21.50608	1.505	30.598	24.081	23.401	25.969	13.825	3.054	2.908	1.518	32.614	26.279	22.185	27.678	12.353	2.999	3.559	1.711	29.875	25.554	25.199	27.118	13.489	3.287	3.468	20.309	20.102	1.594	17.31	14.243	2.917	19.998	17.482	4.25	16.178	16.465	3.288	20.365	19.072	2.08	16.284	15.294	2.97
21.67277	1.552	30.402	24.755	22.969	27.461	14.072	3.016	2.894	1.509	31.529	25.757	22.638	27.209	12.689	3.017	3.435	1.811	29.821	25.97	24.424	27.445	14.363	3.219	3.313	20.478	20.246	1.557	17.549	15.113	2.963	19.687	17.718	4.382	16.249	16.705	3.277	20.423	19.219	2.014	17.177	15.592	2.901
21.83953	1.495	30.798	23.489	22.496	26.542	14.577	3.5	2.897	1.679	30.053	25.771	23.13	26.913	13.333	3.075	3.663	1.843	30.331	25.758	24.778	27.093	15.123	3.163	3.429	20.145	20.65	1.613	18.145	15.392	3.049	20.062	18.373	4.348	17.441	17.869	3.307	20.827	19.051	1.985	17.688	15.988	2.959
22.00612	1.555	30.553	24.167	23.062	26.163	14.957	3.303	2.983	1.569	30.403	25.083	23.441	27.331	13.575	3.106	3.722	2.013	31.534	25.808	24.205	26.686	15.135	3.165	3.572	20.997	20.764	1.674	18.35	15.886	3.222	20.688	18.349	4.303	17.306	17.592	3.28	20.401	19.737	2.045	17.95	16.734	3.16
22.17277	1.495	29.863	24.216	23.224	27.376	15.605	3.158	3.178	1.651	31.671	24.905	23.263	26.67	14.308	3.046	3.804	1.925	30.503	25.686	24.51	27.416	16.265	3.162	3.597	21.103	21.183	1.671	19.451	16.136	3.276	20.397	17.917	4.467	17.442	18.125	3.589	20.082	19.701	2.099	18.539	16.387	3.327
22.33957	1.593	29.785	24.019	23.709	25.364	15.458	3.029	3.249	1.521	32.364	26.471	23.69	26.816	14.557	3.229	3.988	1.939	30.568	25.917	24.569	27.478	16.289	3.403	3.98	20.45	22.064	1.74	19.762	16.955	3.374	20.113	19.278	4.376	18.148	18.662	3.717	20.849	21.093	2.055	18.708	16.923	3.113
22.50616	1.571	32.191	23.58	23.27	25.721	16.436	3.262	3.341	1.67	31.133	25.804	23.734	27.372	14.796	2.951	4.165	2.003	30.843	26.359	24.101	27.296	16.897	3.182	3.902	20.181	21.482	1.831	19.946	16.797	3.494	20.212	20.4	4.331	18.445	19.016	3.695	20.067	21.192	2.203	18.096	17.618	3.461
22.67285	1.694	29.205	24.371	23.662	25.518	16.625	3.13	3.551	1.679	30.451	25.857	23.586	26.828	15.324	3.217	4.289	1.843	31.526	25.929	24.322	27.008	17.285	3.248	4.083	20.8	22.129	1.67	20.905	17.64	3.647	19.749	20.734	4.348	20.058	19.917	3.733	20.23	21.1	2.241	18.94	17.723	3.528
22.83956	1.622	31.974	24.487	23.494	25.465	17.276	3.257	3.566	1.72	31.229	26.202	23.502	27.772	15.746	3.087	4.303	1.885	30.112	26.246	25.036	27.297	17.765	3.29	4.24	20.316	22.842	1.882	20.477	18.263	3.689	20.745	20.164	4.541	19.088	20.343	4.174	20.514	22.21	2.311	19.109	18.261	3.571
23.00609	1.619	32.107	24.337	23.401	26.339	18.01	3.14	3.989	1.688	30.508	26.023	24.035	27.052	16.366	3.141	4.556	1.967	30.814	25.81	25.37	27.459	18.072	3.258	4.236	20.138	22.835	1.793	21.238	19.025	3.998	19.855	21.467	4.364	19.736	20.194	3.914	21.447	21.833	2.308	20.383	18.938	3.539
23.17279	1.773	30.239	24.753	23.306	25.416	18.404	3.493	3.999	1.616	32.109	26.068	23.713	27.295	16.735	2.954	4.51	1.921	30.767	26.055	23.682	27.73	18.581	3.185	4.304	20.131	23.309	1.863	21.204	19.248	3.811	20.389	21.658	4.478	20.613	21.752	4.153	20.472	22.792	2.206	20.576	18.535	3.607
23.33952	1.685	29.287	24.503	23.509	26.079	18.826	3.292	3.944	1.726	31.078	26.132	23.801	27.988	17.039	3.065	4.737	1.977	31.184	26.29	24.653	28.339	18.803	3.297	4.418	20.274	23.541	1.945	21.629	20.041	4.123	20.275	21.916	4.467	20.326	21.325	4.267	20.13	22.68	2.147	20.746	19.898	3.749
23.50632	1.694	31.367	25.167	22.809	26.457	19.868	3.272	4.291	1.707	31.589	25.145	23.813	27.938	17.572	3.16	4.801	2.127	29.819	25.786	24.322	27.093	19.959	3.334	4.652	20.97	22.784	1.784	21.161	20.399	3.846	20.489	21.929	4.518	21.167	21.937	4.302	20.543	23.233	2.071	21.273	19.743	3.813
23.67288	1.704	30.285	24.337	23.714	26.481	19.774	3.14	4.132	1.688	29.882	25.624	24.007	28.19	18.188	3.227	4.783	2.138	29.562	25.725	23.748	27.118	19.666	3.258	4.578	20.252	23.432	1.935	22.035	20.704	4.368	20.937	22.549	4.621	21.957	22.3	4.313	20.507	23.085	2.251	21.579	20.446	3.824
23.83959	1.85	30.778	24.345	23.693	26.148	20.521	3.143	4.193	1.805	30.831	26.486	24.014	27.573	19.532	3.087	5.271	2.027	31.165	26.445	24.438	26.955	20.271	3.29	4.866	20.231	24.266	2.024	22.954	20.882	4.372	20.09	23.04	4.626	21.935	23.247	4.601	21.454	22.979	2.339	21.814	20.624	4.055
24.00632	1.878	31.49	24.8	23.864	26.233	20.322	3.001	4.62	1.777	31.628	25.718	23.957	27.943	19.248	3.23	5.1	1.942	31.222	26.445	24.467	27.639	20.271	3.119	4.952	20.26	25.291	1.938	22.441	21.394	4.714	20.062	23.41	4.512	22.277	23.076	4.601	20.998	24.146	2.311	21.074	20.34	4.083
24.173	1.875	29.516	24.679	24.055	25.855	20.657	3.14	4.815	2.03	31.362	25.34	24.007	28.646	20.038	3.141	5.353	2.195	30.7	26.437	25.028	27.63	21.402	3.287	5.403	20.935	24.286	2.22	22.69	22.384	4.795	20.823	23.459	4.677	22.042	23.268	4.768	21.105	23.142	2.336	21.75	20.532	4.279
24.33971	2.011	30.124	24.777	24.125	26.379	21.127	3.19	4.807	1.881	31.428	25.324	24.703	26.979	20.195	3.163	5.488	2.102	31.364	26.563	24.956	27.926	21.474	3.195	5.367	20.921	24.783	2.128	21.907	21.857	4.788	20.809	23.786	4.609	23.564	24.249	4.932	20.408	22.558	2.387	22.361	20.859	4.442
24.50635	1.906	31.547	24.531	23.993	27.239	21.937	3.228	4.812	1.919	33.046	26.073	24.685	27.157	20.894	3.058	5.636	2.28	32.444	26.428	26.103	27.109	21.546	3.175	5.202	20.621	25.162	2.081	23.087	22.184	4.767	20.965	24.336	4.66	22.127	23.464	5.081	20.451	23.11	2.311	22.26	21.3	4.42
24.67292	1.981	29.786	25.501	23.459	26.959	21.575	3.218	4.971	1.853	32.022	26.816	24.463	26.962	21.016	3.276	5.852	2.326	31.478	26.148	25.909	27.112	22.093	3.222	5.504	20.571	25.365	2.242	22.724	22.247	4.813	20.518	24.143	4.643	23.241	24.209	5.07	20.6	24.593	2.471	22.238	21.562	4.324
24.83961	1.971	29.192	24.91	23.295	26.11	22.149	3.407	5.186	1.843	32.02	26.337	23.39	27.704	21.421	3.181	5.898	2.23	30.427	26.834	25.204	27.343	22.498	3.298	5.691	20.577	25.71	2.176	22.929	24.099	5.142	20.071	24.119	4.768	23.446	24.782	5.314	20.834	24.541	2.462	22.954	22.108	4.398
25.00627	1.986	31.226	24.566	24.172	27.07	22.404	3.138	5.113	2.001	32.265	26.05	24.863	27.812	21.79	3.168	6.337	2.329	30.305	26.716	25.853	27.31	22.866	3.483	5.846	20.945	24.912	2.22	23.921	22.963	5.355	20.638	25.024	4.746	24.04	25.744	5.441	20.863	23.432	2.591	22.754	21.483	4.554
25.17293	1.968	30.942	25.271	24.081	26.443	22.993	3.148	5.494	2.01	32.181	25.733	23.978	28.178	21.726	3.121	6.178	2.255	29.964	26.485	25.451	27.561	23.455	3.493	5.857	20.4	26.099	2.144	23.461	23.609	5.678	20.035	24.963	4.791	23.978	25.994	5.367	20.969	25.895	2.43	23.684	22.072	4.763
25.3397	2.213	30.943	24.169	23.349	25.794	24.985	3.082	5.652	2.001	31.612	25.908	23.559	27.33	22.215	3.197	6.337	2.329	30.73	26.602	24.804	27.451	23.008	3.398	5.931	20.889	26.188	2.333	24.035	24.239	5.44	20.553	25.053	5.029	23.36	24.836	5.469	20.948	24.992	2.562	23.208	21.568	4.979
25.50635	2.132	31.065	25.17	23.726	25.916	23.744	3.198	5.855	2.089	32.019	25.718	24.19	28.246	22.761	3.2	6.482	2.304	30.399	27.121	25.833	28.538	24.065	3.515	6.19	21.236	26.111	2.393	24.241	24.587	5.528	20.702	25.883	4.865	23.594	24.39	5.785	20.813	25.511	2.679	23.3	22.086	4.983
25.67306	2.17	31.093	25.307	24.657	25.656	23.966	3.208	5.867	2.07	31.822	25.656	24.695	28.073	23.351	3.039	6.409	2.4	31.534	26.38	25.857	27.059	23.576	3.411	6.457	20.918	26.647	2.403	24.831	24.979	5.682	20.723	24.829	5.024	24.865	26.513	5.626	20.891	24.882	2.831	22.954	22.761	5.448
25.83974	2.232	30.32	24.855	24.574	25.685	24.678	3.299	5.895	1.963	33.51	27.245	23.961	27.589	23.526	3.187	6.75	2.488	30.929	26.833	26.255	27.937	24.148	3.19	6.372	20.583	26.816	2.324	24.636	24.386	5.769	20.249	26.333	4.927	24.896	26.032	5.968	21.663	25.139	2.638	23.497	22.624	5.223
26.00638	2.31	30.868	24.358	24.813	26.49	24.067	3.179	6.255	1.985	30.77	26.039	24.796	28.734	23.03	3.095	6.743	2.453	30.655	27.1	26.267	28.288	24.36	3.466	6.365	20.512	27.847	2.317	24.762	24.711	6.016	21.198	25.353	4.887	24.541	27.489	5.932	21.111	24.33	2.659	23.425	23.119	5.215
26.17319	2.25	31.255	25.539	24.494	25.661	24.428	3.346	6.166	2.124	33.31	26.909	24.024	27.762	24.071	3.092	7.192	2.449	30.816	26.723	27.024	27.401	24.296	3.208	6.842	20.817	26.649	2.626	26.454	24.986	5.757	20.681	25.968	4.967	24.732	26.093	6.382	21.472	24.492	2.713	23.814	22.12	5.381
26.33963	2.263	31.037	25.146	24.185	26.628	24.714	3.359	6.182	2.136	33.35	26.573	24.989	28.136	24.186	3.36	6.924	2.407	31.279	27.181	26.348	26.953	24.666	3.391	6.858	20.364	27.193	2.639	25.664	25.273	6.424	21.106	26.086	5.018	25.783	26.975	6.312	22.294	24.239	2.754	23.504	24.247	5.51
26.50631	2.222	31.0	25.539	24.295	26.51	24.881	3.091	6.392	2.152	31.469	26.711	24.222	27.139	24.637	3.234	7.192	2.647	31.071	26.497	26.571	27.486	24.947	3.548	6.672	20.76	28.009	2.626	25.179	24.958	6.239	21.587	26.166	5.137	25.638	27.112	6.382	21.415	26.219	2.883	23.984	23.479	5.749
26.67312	2.463	31.444	25.366	24.293	26.647	25.331	3.333	6.743	2.196	33.184	27.018	24.956	27.786	24.154	3.136	7.431	2.633	29.845	27.398	25.746	28.331	24.916	3.478	6.769	20.787	27.38	2.698	25.601	26.059	6.308	20.709	27.209	5.142	26.144	26.316	6.423	21.471	24.574	2.954	24.265	23.421	5.875
26.83974	2.305	30.973	25.722	24.509	27.567	25.15	3.147	7.174	2.293	31.579	26.977	24.719	27.546	25.247	3.374	7.354	2.671	30.223	27.074	26.074	27.44	24.907	3.235	6.919	21.034	27.395	2.455	24.601	25.991	6.458	20.702	25.895	5.198	25.002	27.576	6.573	21.605	25.072	2.853	23.717	23.892	5.685
27.00637	2.446	31.086	25.468	25.442	26.832	25.433	3.147	6.891	2.264	31.155	26.751	25.256	27.857	25.021	3.29	7.665	2.756	31.439	27.413	26.866	27.977	26.037	3.405	6.805	21.543	26.999	2.597	25.986	26.698	6.882	21.041	25.273	5.368	25.398	27.237	6.573	22.114	24.818	2.938	23.632	24.57	5.855
27.17309	2.464	30.409	25.303	24.372	26.355	25.494	3.307	6.878	2.368	31.211	26.981	24.922	28.595	24.348	3.054	7.737	2.83	30.619	27.247	28.056	27.246	26.07	3.621	7.019	21.69	28.189	2.7	26.132	26.504	7.04	21.02	26.719	5.237	25.572	28.823	6.928	22.092	25.557	3.013	23.609	24.292	5.787
27.33981	2.518	31.134	25.973	24.986	26.884	25.966	3.332	7.156	2.336	31.455	26.86	25.056	29.123	26.516	3.192	7.818	2.77	29.96	27.324	26.24	27.661	25.752	3.42	7.241	20.976	27.22	2.838	26.18	26.581	6.725	21.154	27.643	5.231	25.875	28.39	6.754	21.915	25.832	3.038	23.432	23.381	6.037
27.50646	2.68	30.381	26.324	24.631	26.274	26.402	3.297	7.176	2.415	30.928	27.296	24.899	28.683	26.02	3.355	8.177	2.678	31.297	27.307	27.128	27.051	26.132	3.413	7.431	21.131	27.627	2.69	26.588	26.819	6.802	20.97	26.186	5.333	26.621	28.458	7.085	22.493	26.098	3.116	23.756	24.1	6.17
27.67308	2.626	30.039	25.69	25.154	26.8	25.796	3.326	7.47	2.359	32.033	26.86	25.393	29.014	25.44	3.328	7.96	2.71	30.845	27.976	26.381	28.483	26.825	3.443	7.695	20.971	26.996	3.031	25.472	27.401	7.234	20.978	26.966	5.357	26.1	27.997	7.263	21.315	26.85	3.061	24.956	24.141	6.546
27.8398	2.701	29.842	25.75	24.593	27.624	25.574	3.26	7.711	2.519	32.258	27.769	25.596	28.196	26.067	3.205	8.032	3.095	29.29	27.442	26.781	28.486	26.264	3.348	7.88	21.26	28.017	2.964	27.173	26.839	7.391	21.465	26.828	5.509	25.737	28.057	7.251	22.651	26.147	3.362	24.056	24.542	6.364
28.00644	2.846	32.122	26.118	24.962	26.435	25.886	2.955	7.595	2.694	32.612	26.864	24.863	27.968	26.097	3.295	8.596	3.013	30.582	27.383	26.442	27.551	25.785	3.495	7.934	21.575	27.28	2.998	26.919	28.279	7.362	21.048	27.392	5.581	26.049	27.913	7.42	21.893	26.005	3.253	24.426	24.261	6.42
28.17329	2.905	30.822	25.823	24.666	25.972	25.873	3.238	7.833	2.469	33.861	28.04	24.961	28.75	25.857	3.211	8.55	2.792	30.326	27.882	25.864	28.814	26.76	3.61	7.945	21.444	28.826	3.056	26.426	26.629	7.399	20.971	26.619	5.634	26.177	26.999	7.542	22.128	26.417	3.284	25.26	24.388	6.627
28.33994	2.962	30.483	26.134	24.779	28.008	25.788	3.266	7.918	2.525	30.552	26.937	25.131	28.524	27.271	3.296	8.125	2.933	31.09	27.882	27.108	28.729	27.1	3.355	8.03	21.133	27.497	3.197	26.341	28.015	7.315	21.961	26.194	5.888	26.771	27.847	7.768	21.761	27.549	3.397	25.486	23.709	6.683
28.50652	2.772	29.947	25.125	25.184	26.545	27.04	3.247	7.806	2.534	32.077	27.849	24.632	28.332	27.42	3.361	8.1	2.939	31.683	27.776	26.975	27.379	27.616	3.307	8.06	21.993	27.729	3.347	26.604	27.88	7.629	20.985	27.078	5.57	26.581	27.204	8.167	22.564	25.634	3.264	24.478	24.087	6.687
28.67318	2.945	31.284	26.518	24.909	26.751	25.833	3.222	8.178	2.82	32.765	28.196	25.007	28.68	26.693	3.28	8.557	3.282	30.619	27.643	27.435	29.365	26.946	3.621	8.234	21.266	26.974	3.378	26.443	28.369	7.718	21.274	26.832	5.746	27.352	27.438	7.945	22.741	27.281	3.436	24.881	24.603	7.002
28.83994	2.952	30.512	26.336	25.094	26.824	25.99	3.257	8.272	2.827	32.191	28.524	24.74	28.81	26.54	3.286	8.82	3.176	30.412	28.14	26.999	29.071	26.68	3.543	8.017	21.366	27.415	3.272	26.402	27.453	7.896	22.278	27.018	5.616	26.52	26.889	7.869	22.106	25.856	3.358	25.829	24.788	7.01
29.00653	2.895	31.049	26.279	25.207	26.513	26.527	3.172	8.441	3.053	32.672	28.524	24.796	30.28	26.54	3.286	9.074	3.205	29.959	27.009	26.942	29.128	26.708	3.515	8.497	21.592	27.33	3.639	27.08	27.312	7.896	21.345	27.188	5.786	26.266	28.303	8.095	22.756	26.365	3.556	24.162	23.94	7.095
29.17325	3.164	30.831	25.69	25.579	28.017	25.4	3.326	8.601	2.981	31.778	27.992	25.054	29.098	28.071	3.158	9.346	3.304	31.75	27.976	27.767	28.653	27.702	3.528	8.571	22.216	28.58	3.653	27.254	27.401	8.309	21.713	26.712	5.809	26.27	28.28	8.282	22.447	27.019	3.627	24.673	24.65	7.281
29.33992	3.326	30.485	26.598	25.414	27.734	25.858	3.153	8.385	2.948	31.85	27.909	25.146	29.436	26.407	3.267	8.963	3.634	30.61	28.484	27.43	28.257	27.253	3.608	8.471	22.225	29.143	3.873	26.439	28.109	8.266	21.754	25.952	5.892	26.698	28.788	8.408	22.232	26.993	3.705	25.16	24.6	7.578
29.50655	3.234	29.931	25.933	25.285	27.04	26.491	3.146	8.658	2.969	32.197	27.892	25.356	28.798	27.436	3.289	9.406	3.626	30.676	28.129	27.019	28.297	26.644	3.686	8.631	22.238	28.025	3.866	26.338	28.657	8.68	21.711	26.613	5.908	26.287	28.32	8.315	22.584	26.13	3.698	25.088	24.81	7.343
29.67328	3.319	30.427	27.438	24.557	28.152	26.217	3.342	8.498	2.968	32.333	27.506	25.023	29.121	26.709	3.399	9.272	3.544	29.875	27.716	27.366	29.495	28.206	3.543	8.723	22.609	28.206	3.865	26.657	28.386	8.263	21.43	26.905	6.181	27.453	28.303	8.632	22.587	27.184	3.698	25.405	24.704	7.434
29.8399	3.27	32.582	27.66	23.941	27.779	25.907	3.212	8.996	3.456	31.574	27.814	26.267	28.522	26.006	3.185	8.956	3.772	31.353	28.247	26.717	29.091	26.681	3.356	8.661	21.995	28.341	3.929	27.136	27.197	8.57	21.836	27.212	6.042	26.239	28.382	8.627	23.047	25.828	3.649	24.477	24.707	7.571
30.00661	3.439	31.906	27.04	24.195	27.666	26.893	3.296	9.081	2.949	31.095	29.28	25.506	29.198	27.584	3.241	9.436	3.688	31.663	28.36	27.787	29.091	27.047	3.581	9.028	21.432	28.735	4.07	26.883	27.451	8.401	21.583	27.325	6.211	26.549	27.931	9.05	22.539	26.617	3.734	25.266	24.848	7.712
30.1733	3.545	31.144	26.215	22.83	28.648	26.999	3.287	8.856	2.885	32.028	28.061	25.779	28.742	26.561	3.204	9.632	3.852	30.422	28.213	27.894	28.72	27.321	3.77	8.772	22.238	29.323	4.12	28.032	27.077	8.568	22.191	26.839	6.162	26.766	27.671	8.823	23.6	26.412	3.698	25.088	24.584	7.908
30.34004	3.53	31.473	26.972	23.139	26.753	26.741	3.19	9.373	3.21	33.765	27.831	24.93	30.456	26.924	3.247	9.726	3.836	31.598	28.518	27.55	29.814	27.063	3.475	9.234	22.461	28.837	4.021	27.886	27.721	8.635	22.246	26.665	6.59	27.157	28.484	8.974	22.272	27.198	3.994	24.915	24.018	7.975
30.50659	3.784	32.883	26.239	22.97	27.993	28.122	3.359	9.147	3.21	31.03	28.085	25.86	29.554	26.529	3.36	9.924	4.034	30.949	28.518	27.268	30.067	27.543	3.644	9.206	22.377	29.091	4.416	26.645	27.524	8.747	22.669	27.088	6.336	26.565	29.076	8.805	22.977	26.211	3.966	25.141	24.384	8.144
30.67328	3.805	31.708	26.392	22.73	26.99	26.696	3.212	9.532	3.372	31.884	28.773	25.732	29.734	27.387	3.156	9.464	4.251	31.663	28.67	28.126	30.219	27.808	3.722	9.168	22.531	29.102	4.352	26.46	28.099	8.57	22.344	27.381	6.437	27.169	28.044	8.909	23.949	25.744	4.128	24.449	25.27	8.22
30.83993	3.912	30.692	27.174	22.746	28.648	26.322	3.372	9.477	3.392	32.282	28.146	25.384	30.209	26.646	3.119	9.857	4.36	30.056	28.213	28.43	29.764	27.829	3.658	9.309	22.069	29.747	4.599	27.524	28.149	9.104	21.88	27.206	6.557	27.867	28.348	9.359	23.374	27.287	4.262	25.229	25.403	8.5
31.00673	4.059	31.906	27.181	22.73	27.497	26.499	3.043	9.504	3.541	30.56	28.603	26.436	29.959	27.049	3.326	9.83	4.28	31.748	28.247	27.928	29.571	27.386	3.891	9.45	22.869	28.82	4.831	27.136	27.169	8.88	22.4	27.409	6.775	26.972	28.354	9.219	23.131	27.435	4.241	24.731	25.017	8.699
31.17328	4.217	29.821	27.438	22.538	28.345	27.122	3.258	9.658	3.615	31.376	27.959	25.539	30.412	26.687	3.4	9.732	4.437	30.255	28.926	28.073	29.15	27.502	3.712	9.437	22.592	28.231	4.736	27.873	27.257	9.035	22.491	28.117	6.897	27.567	27.906	9.29	23.362	27.635	4.371	24.989	24.655	8.798
31.34016	4.128	30.713	27.091	22.39	27.942	26.044	3.283	9.907	3.865	32.014	27.978	25.194	30.91	27.467	3.228	10.206	4.404	30.33	29.396	28.233	29.958	27.015	3.568	9.094	22.219	29.039	4.901	27.104	27.756	9.115	22.99	26.925	6.751	27.531	28.236	9.736	23.439	27.965	4.396	25.15	25.408	8.709
31.50664	4.278	32.386	27.287	22.322	27.914	26.773	3.316	9.646	3.703	31.915	27.695	25.864	29.673	26.335	3.204	10.196	4.473	31.89	29.004	28.43	29.228	28.224	3.573	9.055	22.125	29.041	4.938	27.862	28.77	9.442	22.953	28.334	6.98	27.02	29.082	9.669	23.205	26.977	4.601	25.765	26.249	8.895
31.67343	4.489	31.107	26.408	23.167	28.162	26.994	3.049	9.542	3.802	32.75	28.818	26.227	30.371	27.629	3.247	10.065	4.541	31.654	28.941	27.268	30.688	27.825	3.672	9.713	22.461	29.937	5.008	26.955	28.144	9.65	22.697	27.934	7.012	27.157	28.653	9.51	23.513	26.183	4.502	25.648	24.525	8.821
31.84002	4.41	31.755	27.289	22.052	29.181	26.579	3.368	10.217	3.893	30.691	29.274	24.433	30.91	27.467	3.341	10.741	4.433	30.302	28.242	27.107	29.874	27.578	3.455	10.136	22.895	29.799	5.267	27.104	27.643	9.65	22.483	29.037	7.06	26.939	28.518	9.792	24.115	27.57	4.649	25.516	24.563	9.131
32.00683	4.532	30.752	27.894	23.001	29.025	26.539	3.155	10.192	4.1	31.937	29.203	25.07	30.415	26.104	3.409	10.549	4.919	31.297	27.834	26.335	29.914	28.157	3.72	9.437	23.194	28.095	5.586	26.979	28.277	9.628	22.418	26.969	7.058	27.518	29.038	9.938	23.964	26.685	4.94	26.067	25.79	9.361
32.17333	4.551	32.093	27.964	22.672	28.393	26.241	3.34	9.766	3.865	31.986	28.823	26.883	30.741	26.256	3.397	10.234	4.489	30.978	27.003	26.29	29.677	28.451	3.793	9.854	23.064	29.546	5.605	27.442	28.77	9.707	23.075	27.967	7.314	27.221	28.996	10.159	23.861	27.063	4.987	25.601	24.647	9.469
32.34021	4.992	30.231	27.445	22.337	29.428	26.592	3.322	10.248	4.162	34.08	28.869	25.992	29.86	26.266	3.295	10.798	4.791	30.921	26.508	26.64	28.765	27.676	3.749	9.939	22.479	29.087	5.821	27.681	27.997	9.536	22.742	28.69	7.501	27.404	28.337	10.441	23.925	27.756	5.117	25.781	24.769	9.074
32.50679	4.651	32.075	26.504	21.856	30.259	26.95	3.465	10.377	4.161	32.533	29.477	25.957	29.255	26.26	3.185	10.704	5.04	31.1	26.218	26.632	30.754	28.316	3.75	9.648	22.7	29.327	5.508	28.236	27.874	9.922	23.189	27.55	7.536	27.507	28.636	10.234	23.216	26.956	4.889	25.012	25.327	9.46
32.67352	4.944	30.411	27.149	21.765	28.594	27.256	3.391	10.336	4.341	31.039	28.995	25.896	30.888	26.763	3.448	10.464	5.025	30.959	26.327	26.402	29.907	27.325	3.845	10.056	22.892	28.197	5.942	27.668	28.801	9.936	22.958	27.914	7.47	27.927	29.93	10.079	24.0	27.46	5.07	25.882	25.52	9.417
32.84012	4.791	30.045	26.702	21.856	29.554	26.583	3.212	10.377	4.415	31.433	28.688	26.098	30.297	27.584	3.495	10.704	4.956	30.79	25.485	26.378	29.74	26.85	3.891	10.155	22.925	30.173	5.761	28.405	28.099	9.922	22.936	28.058	7.677	27.169	29.03	10.346	23.667	27.604	5.397	25.52	24.622	9.375
33.00678	5.299	32.046	27.124	21.856	29.526	27.119	3.522	10.321	4.471	34.195	29.054	25.309	29.875	27.246	3.41	10.535	4.956	31.579	25.429	26.153	28.951	27.386	3.553	9.817	22.954	28.933	6.297	27.531	29.311	10.317	23.274	27.832	7.958	27.394	29.651	10.403	23.892	27.914	5.312	25.097	25.186	9.911
33.17342	5.54	31.539	28.593	21.637	29.669	27.629	3.456	10.644	4.657	33.742	28.297	25.849	30.637	27.672	3.316	10.436	5.253	30.931	25.152	25.228	29.629	28.403	3.909	9.887	22.423	28.709	6.031	26.69	28.412	10.078	23.42	27.638	7.855	27.314	28.78	10.586	23.559	26.903	5.61	25.44	25.838	9.812
33.34013	5.52	31.192	27.454	22.187	28.841	27.308	3.434	10.823	4.665	32.128	27.468	27.076	30.852	26.505	3.322	10.502	5.431	31.738	24.998	25.525	30.914	28.166	3.747	10.404	22.861	29.065	6.349	28.396	29.612	10.65	22.815	28.697	8.009	27.837	29.05	10.821	24.307	27.567	5.618	25.681	25.911	10.047
33.50687	5.665	31.793	27.716	22.081	29.47	28.218	3.381	10.659	4.978	33.66	26.461	25.563	31.199	27.302	3.354	11.098	5.435	31.72	25.091	25.533	30.247	27.808	3.807	9.958	22.869	28.848	6.184	28.32	27.592	9.753	23.274	28.001	8.128	28.325	28.72	10.572	23.808	27.096	5.537	25.632	25.665	9.826
33.67358	5.746	30.636	26.751	21.956	29.692	27.563	3.57	10.69	4.747	31.068	26.481	26.259	29.955	27.041	3.26	10.111	5.376	31.438	25.138	25.946	30.046	26.813	3.996	10.381	23.169	29.972	6.575	27.524	29.532	10.176	23.404	27.939	8.222	27.133	29.279	10.685	24.079	27.569	5.758	25.652	25.657	9.742
33.84026	5.794	31.173	26.677	21.722	28.908	27.883	3.258	10.588	4.967	31.771	26.522	25.99	30.722	27.898	3.344	10.746	5.676	32.226	25.067	25.594	29.854	27.868	3.628	10.113	22.677	28.118	6.538	28.464	28.694	10.218	23.73	28.201	7.996	26.976	28.864	10.67	24.01	27.044	5.61	25.271	25.641	9.699
34.00676	5.927	30.24	25.279	21.977	28.815	26.515	3.297	10.818	5.182	32.622	25.376	25.831	30.32	27.234	3.524	10.746	5.727	32.653	25.133	25.518	31.372	27.797	3.696	10.254	23.277	30.281	6.841	27.52	29.106	10.134	23.822	28.897	8.439	27.835	28.515	10.728	24.696	27.99	6.109	26.1	25.483	9.756
34.17356	6.278	30.796	25.558	22.569	30.501	27.95	3.397	10.769	4.997	32.018	25.599	25.969	30.962	27.033	3.257	10.643	6.077	31.062	25.468	25.656	31.504	27.765	3.936	10.263	24.431	30.161	6.74	28.023	29.41	10.594	23.199	27.536	8.47	27.943	29.835	10.596	24.523	27.222	5.98	26.406	25.395	10.188
34.34018	6.216	31.708	25.663	20.933	29.979	26.869	3.371	10.813	5.08	31.911	24.832	25.99	30.975	27.503	3.344	10.831	5.986	30.818	25.293	25.312	31.065	28.741	3.712	10.141	23.578	29.554	6.848	27.281	28.666	10.247	24.49	28.342	8.756	28.074	28.667	10.98	23.756	27.213	6.146	25.186	25.838	10.037
34.50694	6.322	31.896	25.28	21.335	29.91	27.135	3.19	10.951	5.465	31.678	24.955	26.058	31.668	27.629	3.276	10.854	5.951	30.611	24.655	24.872	30.885	28.078	4.152	9.911	22.772	29.373	7.066	27.745	29.074	10.157	23.43	28.244	8.563	28.285	28.625	10.863	23.795	26.972	6.137	25.113	25.371	9.977
34.67366	6.35	31.53	24.829	22.096	30.164	27.953	3.387	11.121	5.55	30.663	25.209	26.368	31.415	28.052	3.332	11.108	6.261	31.316	25.501	25.351	31.308	28.107	4.067	10.531	24.491	30.021	7.348	27.914	29.413	10.778	23.966	27.595	9.071	28.962	29.33	11.286	23.682	28.015	6.306	25.564	25.935	10.174
34.84031	6.832	31.051	24.923	21.912	30.111	28.269	3.424	11.118	5.498	32.099	24.824	26.179	31.22	27.749	3.256	10.685	6.038	31.147	25.116	24.375	31.141	27.832	3.962	10.84	23.176	28.954	7.633	27.864	27.671	10.383	23.666	28.193	9.257	27.7	29.081	11.595	24.425	28.387	6.564	26.502	25.182	10.455
35.00696	6.992	31.033	25.133	21.165	30.346	28.477	3.277	10.741	5.575	31.741	24.331	25.628	32.102	27.366	3.503	11.295	6.367	30.143	25.438	24.979	31.123	28.294	3.702	10.324	23.893	28.121	7.624	28.101	27.965	10.542	23.651	27.782	8.99	28.443	29.345	11.388	24.184	27.694	6.781	26.908	24.632	10.192
35.17365	6.849	30.637	24.757	21.49	30.513	28.274	3.296	10.857	5.542	31.49	24.094	26.436	31.453	28.007	3.326	10.619	6.393	32.819	25.514	25.956	31.036	27.104	3.835	10.042	23.686	28.989	7.678	27.897	28.522	10.261	23.838	28.001	9.227	28.184	29.566	11.248	24.484	27.745	6.975	25.294	25.214	10.08
35.34029	6.946	31.68	24.978	21.567	30.427	28.61	3.391	10.675	5.695	32.732	24.737	26.63	30.521	26.734	3.533	11.649	6.576	31.41	25.706	24.964	30.866	27.72	3.563	10.508	23.625	29.015	7.944	27.753	29.309	10.275	23.466	28.732	9.585	27.927	30.861	11.432	24.902	28.503	6.903	26.39	25.689	10.235
35.50689	7.139	30.261	25.478	21.222	29.403	28.122	3.472	11.121	6.142	31.453	24.814	26.199	30.766	28.023	3.332	11.108	6.656	30.357	25.586	25.266	31.026	26.979	3.729	10.503	23.956	28.612	7.574	27.575	28.144	10.947	24.022	29.259	9.494	27.495	29.471	11.596	25.148	28.1	7.039	25.987	26.189	10.428
35.67361	7.187	30.835	24.644	21.49	30.935	28.19	3.183	11.082	6.19	30.842	24.799	25.957	31.566	27.612	3.438	11.183	6.816	30.705	25.429	24.772	30.67	28.231	3.976	10.296	22.925	29.75	7.932	27.728	28.606	10.852	23.753	27.973	9.537	28.437	27.847	11.84	24.061	27.857	7.285	26.563	26.285	10.559
35.84027	7.161	30.864	25.696	21.728	29.867	27.858	3.418	10.798	6.166	30.052	24.753	25.628	31.596	27.479	3.306	11.098	6.705	30.987	25.466	24.726	31.461	28.378	3.702	10.633	23.977	29.866	8.3	27.679	27.655	10.542	24.242	28.176	9.807	27.936	30.077	11.219	24.831	26.287	7.203	26.176	25.729	10.473
36.00702	7.723	30.863	24.644	21.208	30.315	27.57	3.296	11.026	6.19	28.221	24.545	25.845	31.566	27.753	3.326	11.014	6.816	30.17	25.711	25.195	31.459	28.513	3.666	10.296	23.799	30.088	8.101	27.954	28.437	10.317	23.866	28.734	9.875	28.353	29.397	11.361	24.822	27.604	7.059	26.281	26.003	10.559
36.17364	7.553	30.694	25.123	21.377	29.893	27.119	3.183	11.364	6.218	28.502	24.46	27.226	31.199	28.261	3.269	11.578	6.844	30.367	25.063	25.336	31.769	27.865	3.722	10.239	24.306	30.088	8.608	27.108	29.226	10.683	22.851	27.748	9.847	28.353	29.397	11.276	25.048	27.519	7.059	26.055	26.37	10.39
36.34027	7.733	29.812	24.444	21.264	31.096	28.776	3.452	11.512	6.625	28.551	24.487	26.095	31.36	27.89	3.256	11.389	6.798	29.457	25.764	24.206	31.732	28.311	3.737	10.727	23.937	30.334	8.309	29.047	28.404	10.805	24.257	29.46	10.017	27.981	29.25	11.426	24.368	26.895	7.437	25.263	26.252	10.398
36.50696	8.197	30.375	25.257	21.229	31.124	28.35	3.349	11.471	6.552	28.916	24.932	26.344	31.726	28.337	3.351	11.657	6.84	29.118	25.168	25.328	30.802	29.35	3.747	10.319	23.622	29.347	8.519	28.114	29.359	10.96	23.576	28.556	10.46	27.555	28.684	11.581	23.941	26.919	7.562	26.554	25.741	10.385
36.67367	8.24	28.883	24.782	21.517	29.604	28.55	3.171	11.287	6.822	27.565	24.993	26.264	30.544	29.466	3.313	11.474	7.052	27.739	25.313	24.544	31.901	28.142	3.906	10.727	23.486	29.968	8.928	28.005	30.009	10.664	23.581	28.362	10.411	28.826	29.278	11.229	24.932	28.134	7.719	26.192	26.083	10.398
36.84033	8.409	28.01	24.726	21.377	30.026	28.55	3.452	11.202	6.737	26.889	24.599	25.278	31.332	28.425	3.51	11.22	7.249	27.486	25.454	24.629	29.311	28.705	3.793	10.502	23.937	29.574	8.393	28.878	28.573	10.89	23.75	28.052	10.355	27.897	29.616	11.679	24.199	29.119	7.775	25.516	25.717	10.145
37.00697	8.273	27.061	24.818	22.144	30.317	28.7	3.371	11.742	6.741	26.87	24.043	26.074	31.369	28.799	3.4	11.563	7.338	27.861	25.997	24.495	27.094	28.741	4.05	10.479	23.86	29.667	8.735	27.619	29.708	10.754	24.49	28.539	10.503	28.074	29.427	11.741	24.038	27.466	8.033	26.341	26.486	10.629
37.17371	8.437	27.052	25.148	21.968	30.899	28.325	3.509	11.287	7.047	26.467	24.993	26.01	31.36	29.044	3.566	11.614	7.643	26.641	25.454	24.882	25.03	27.832	3.962	10.108	23.683	29.489	9.097	28.456	29.333	10.833	22.877	28.587	10.609	29.108	30.095	11.398	24.425	28.218	7.888	25.91	25.886	10.933
37.34037	8.55	26.552	24.82	22.122	30.76	28.471	3.573	11.48	7.05	27.287	24.638	25.85	32.938	28.206	3.293	11.669	7.615	26.844	25.519	24.752	23.184	28.514	4.139	10.726	24.03	29.746	9.239	28.49	29.056	11.058	23.536	28.817	10.568	27.256	29.395	11.312	24.294	27.83	8.002	26.284	25.697	10.988
37.50713	9.174	26.898	24.969	21.257	30.797	28.283	3.577	11.879	6.97	27.296	24.871	26.224	29.543	29.058	3.55	12.209	7.985	27.274	25.977	24.422	22.6	27.819	3.72	10.647	24.488	29.248	9.159	27.373	28.643	10.359	23.965	28.291	11.053	27.602	30.726	11.401	25.483	27.669	8.344	27.783	25.874	10.937
37.67381	8.761	26.408	25.294	21.074	30.731	29.369	3.583	11.665	7.288	26.694	24.633	25.874	26.352	28.653	3.387	11.937	7.91	27.066	25.796	25.309	21.996	28.032	4.29	10.488	24.588	30.476	9.083	28.008	29.307	11.185	23.53	28.843	10.898	27.844	29.899	11.495	24.401	27.686	8.269	25.83	25.947	10.947
37.84039	8.995	26.825	24.419	21.327	29.739	28.491	3.429	11.841	7.187	26.856	25.137	25.871	24.661	28.254	3.402	11.608	8.145	25.823	25.146	24.576	21.208	28.225	4.051	10.525	24.134	29.062	9.121	28.144	28.964	10.912	24.119	28.555	11.236	27.726	29.612	11.223	24.483	27.428	8.673	26.22	26.505	10.983
38.00705	8.92	26.195	24.856	22.579	32.26	28.508	3.408	11.936	7.758	25.889	24.561	26.393	23.439	28.58	3.493	11.759	7.901	26.261	25.78	24.591	20.884	28.522	3.776	10.816	24.319	29.53	9.215	28.301	29.487	11.091	24.359	28.375	10.996	28.109	29.46	11.711	24.048	27.247	8.485	26.039	25.677	11.19
38.17371	9.539	26.56	24.49	21.313	28.322	28.649	3.352	11.654	7.195	25.72	24.702	26.027	21.976	30.015	3.409	11.674	8.126	26.149	26.484	24.759	20.434	27.65	3.945	10.45	24.15	28.939	9.131	28.386	29.825	10.809	23.768	27.925	10.912	29.262	31.007	11.711	24.301	27.416	8.682	26.067	25.621	10.852
38.34036	9.15	27.109	25.182	21.671	26.509	29.252	3.673	11.684	7.595	25.79	24.833	25.763	21.772	28.454	3.533	12.296	7.934	25.686	25.853	24.637	20.063	28.902	3.872	10.763	24.279	30.16	9.557	28.794	29.163	10.532	23.646	28.614	11.271	27.954	29.108	11.714	25.106	28.218	8.659	25.577	25.469	10.799
38.50718	9.53	26.431	25.347	21.327	24.199	27.929	3.514	11.841	7.805	25.788	24.799	26.545	21.512	28.394	3.543	11.861	8.117	25.317	25.54	23.985	20.927	29.181	3.882	10.722	24.219	29.484	9.403	28.144	29.189	10.8	23.359	28.892	11.376	27.811	30.736	12.038	24.82	29.227	8.392	25.714	26.449	11.152
38.67383	9.3	25.544	24.373	21.334	22.605	29.659	3.502	12.121	8.193	25.155	25.344	25.375	20.899	28.915	3.475	11.633	8.253	25.78	25.832	25.064	20.877	28.604	4.152	10.887	23.724	29.697	9.651	28.495	29.428	10.739	24.383	28.513	11.524	27.796	29.43	11.669	24.775	28.229	8.695	26.57	25.955	11.458
38.84054	9.597	25.419	25.373	21.652	22.08	29.202	3.362	11.746	8.148	26.95	25.414	25.191	20.961	29.188	3.364	11.761	8.522	25.826	25.819	24.71	20.008	28.764	4.099	11.1	23.569	30.143	9.608	28.486	27.475	10.839	24.284	28.196	11.672	29.111	29.818	12.306	24.225	28.616	8.99	27.123	26.225	11.42
39.00712	9.511	26.11	24.856	21.594	21.458	28.395	3.577	11.429	8.236	24.792	25.349	25.971	20.091	29.283	3.325	11.618	8.323	26.261	25.949	24.45	20.462	28.747	3.636	10.394	24.291	29.586	10.003	28.555	29.403	11.062	24.5	27.672	11.475	28.418	30.726	11.626	25.82	27.922	9.104	27.277	26.043	11.021
39.17377	9.732	25.363	24.895	21.433	21.747	30.015	3.452	11.456	8.342	25.735	26.148	25.926	20.125	28.847	3.341	11.53	8.657	26.557	26.017	24.234	19.426	28.705	3.962	10.924	23.599	30.052	9.857	28.287	29.277	11.03	24.173	28.615	11.425	27.559	29.503	11.51	24.622	28.218	8.958	26.53	26.224	11.609
39.34041	10.048	24.658	25.373	21.765	20.303	28.046	3.221	12.113	8.628	25.54	25.216	25.981	19.861	29.188	3.279	11.564	8.719	26.108	25.96	24.259	20.601	28.792	4.071	10.959	24.725	29.72	9.975	28.345	30.352	11.121	24.143	28.563	12.095	28.688	29.395	11.714	24.479	29.011	9.046	25.628	26.902	11.73
39.50708	10.001	25.387	25.707	21.37	20.444	28.463	3.434	12.26	8.525	25.366	24.791	26.344	20.06	28.562	3.407	11.798	8.418	26.075	25.506	24.482	20.122	28.335	3.916	10.996	23.594	29.685	9.618	28.537	29.866	11.186	23.943	28.894	11.615	28.175	29.106	12.004	25.012	28.723	9.366	26.301	26.953	11.146
39.67394	9.808	26.015	25.011	21.151	20.648	29.063	3.437	11.984	8.022	25.289	25.729	26.352	19.954	28.796	3.495	11.916	8.873	25.717	26.134	24.659	20.27	28.823	4.004	11.282	24.137	29.073	9.933	28.151	30.156	10.74	23.668	28.734	11.904	28.184	30.13	12.037	24.738	28.928	9.06	25.802	26.37	11.63
39.84061	10.118	25.057	24.25	21.63	20.282	28.556	3.522	12.463	8.727	24.782	24.517	25.591	20.912	28.712	3.495	11.747	8.704	25.491	25.964	24.575	19.904	28.936	4.06	11.0	24.222	28.933	9.679	28.376	29.706	11.022	24.204	29.213	11.904	28.24	30.468	11.699	24.738	28.28	9.737	25.689	26.37	11.376
40.00726	9.999	24.325	25.153	21.524	20.093	29.088	3.527	11.44	8.582	24.808	26.181	25.592	20.414	29.722	3.331	11.515	8.698	26.419	25.74	24.043	20.223	28.455	3.811	10.713	24.673	30.56	10.181	28.008	29.054	10.931	24.065	28.927	11.995	27.787	31.025	12.143	24.317	28.052	9.62	26.702	26.481	11.706
40.17391	9.83	24.128	25.491	21.665	19.558	29.116	3.527	11.778	8.695	25.231	25.28	26.212	20.78	28.146	3.387	11.628	8.952	25.237	25.655	24.437	19.829	29.017	3.867	11.163	24.335	30.898	9.506	28.74	29.983	11.1	24.431	29.237	11.657	28.097	30.012	11.721	24.767	28.587	9.338	26.562	26.706	11.284
40.34063	9.788	24.724	25.129	21.756	18.975	29.146	3.517	12.549	9.047	24.924	25.144	26.807	20.225	28.797	3.462	11.866	8.937	24.987	25.772	24.246	20.005	29.273	3.942	11.036	24.536	31.04	10.223	27.871	29.197	10.804	24.014	28.985	11.749	28.663	30.633	11.396	24.631	28.027	9.437	26.706	26.288	11.607
40.50724	9.976	24.671	26.005	21.7	19.03	29.462	3.586	11.783	9.15	24.648	25.71	26.867	19.492	29.027	3.419	11.717	8.703	25.245	26.001	24.529	19.779	29.336	4.152	11.224	24.512	30.738	10.439	28.411	30.16	11.584	23.876	28.682	12.199	28.105	31.034	11.557	24.156	28.342	9.455	27.133	25.983	11.515
40.67396	10.089	24.333	25.386	21.7	19.368	30.082	3.615	12.346	8.784	24.254	25.541	25.46	20.618	29.309	3.616	11.689	9.097	25.189	26.48	23.572	19.582	28.435	4.04	10.915	24.174	29.697	9.679	28.861	29.4	11.077	24.242	29.442	12.002	29.119	30.077	11.81	24.859	29.609	9.371	27.217	25.87	11.374
40.84064	10.254	25.472	25.369	21.764	19.373	29.844	3.659	12.542	8.891	25.506	25.101	25.837	19.327	29.746	3.407	12.108	8.728	24.694	26.295	24.342	19.981	28.758	3.888	10.686	24.355	29.995	10.435	28.903	29.218	10.932	24.083	29.233	12.122	27.893	30.628	11.61	24.11	28.976	9.45	26.104	26.84	11.399
41.00722	10.238	25.511	25.523	21.559	20.129	28.556	3.883	11.649	8.906	24.474	24.807	26.103	19.719	29.753	3.378	11.613	9.19	25.465	25.857	24.442	19.977	29.273	4.279	10.811	24.058	29.746	9.885	27.984	29.31	11.17	23.958	28.142	12.311	28.072	30.155	11.959	24.069	28.73	9.352	26.031	25.838	11.86
41.17391	9.887	24.804	25.857	21.946	19.024	29.538	3.414	12.031	9.286	24.64	25.505	25.818	19.626	28.737	3.584	11.937	9.092	25.434	26.246	24.944	20.279	29.214	3.98	11.079	23.66	32.249	10.012	28.008	29.476	11.494	24.375	28.336	12.53	29.363	31.025	11.918	24.092	28.361	9.423	27.209	25.89	11.706
41.34064	10.239	25.109	25.317	22.165	18.677	29.761	3.537	12.413	9.075	25.96	24.993	25.813	19.392	28.396	3.679	11.558	9.276	25.261	26.158	24.206	19.285	28.958	3.878	12.051	23.092	30.644	10.252	28.512	29.924	11.03	23.891	28.953	12.185	29.051	28.996	11.426	22.594	28.725	9.69	25.91	26.562	11.271
41.50737	10.153	24.724	25.101	20.997	19.425	29.821	3.264	11.593	9.047	24.502	25.679	25.738	19.775	28.656	3.321	11.838	8.993	24.734	26.054	24.33	19.668	29.105	3.773	11.205	21.695	30.618	10.167	29.081	29.113	11.339	23.676	28.564	12.227	28.438	30.633	11.621	23.59	28.111	9.831	27.465	26.71	11.494
41.67405	10.373	24.603	25.825	21.917	18.716	29.953	3.345	11.672	9.211	25.028	25.39	26.039	19.712	29.266	3.459	11.918	8.988	25.373	26.214	23.929	19.296	29.687	4.051	11.143	22.082	30.946	10.246	27.975	29.948	11.25	23.444	28.611	12.417	27.895	29.977	11.701	22.655	28.384	9.91	26.838	26.617	11.686
41.84074	10.478	25.029	26.391	21.946	18.827	29.622	3.527	11.862	9.455	25.062	26.04	26.071	19.71	30.032	3.556	11.628	9.205	25.265	26.303	24.606	19.829	29.327	4.036	10.572	22.646	30.645	10.068	29.05	29.842	11.579	23.052	28.252	12.164	29.42	31.25	11.918	22.347	28.502	9.817	27.631	26.706	11.509
42.00727	10.302	23.877	25.098	21.39	18.584	28.775	3.223	12.302	9.001	24.75	25.282	24.891	19.327	29.578	3.393	11.959	9.395	25.348	26.359	25.059	20.344	29.661	4.265	11.269	21.891	31.65	10.063	28.681	29.613	11.46	22.634	29.26	12.226	28.151	29.108	11.714	22.633	28.976	9.559	26.645	27.914	11.417
42.17404	10.668	24.664	25.885	21.559	18.584	29.786	3.335	12.162	9.422	25.003	26.21	25.285	19.524	28.847	3.365	11.678	9.339	25.433	26.415	23.878	19.276	28.79	3.76	11.129	21.75	29.458	10.288	28.681	28.685	11.544	22.55	28.023	12.479	28.966	29.501	11.854	22.717	28.218	9.503	26.111	27.38	11.811
42.34076	10.401	25.391	25.206	20.905	18.547	29.447	3.514	12.122	9.295	24.578	25.418	24.802	19.684	29.266	3.571	11.749	9.663	24.867	26.271	24.266	18.958	29.434	4.023	10.862	21.829	30.44	10.049	28.482	29.357	11.728	22.347	28.78	12.557	29.329	30.708	11.616	22.655	28.243	9.741	26.22	26.955	11.939
42.50732	10.58	24.816	25.756	21.651	18.673	29.071	3.436	11.486	9.108	25.129	24.73	25.661	19.894	29.227	3.381	11.618	9.364	25.333	26.287	24.703	19.224	29.001	4.03	10.872	21.253	30.599	10.481	28.667	29.543	11.597	21.771	29.5	12.262	28.868	29.826	11.795	21.516	28.738	9.891	26.602	26.521	11.527
42.67402	11.02	24.856	25.712	21.636	19.531	28.8	3.401	11.756	9.633	25.506	25.39	24.83	18.953	29.491	3.487	11.749	9.579	24.445	25.764	24.238	19.886	29.096	4.107	11.031	20.901	30.609	10.724	28.875	29.779	11.418	21.616	28.555	12.473	29.385	31.046	11.56	21.558	28.018	9.798	26.923	26.111	11.573
42.84071	10.468	25.154	25.728	21.763	18.645	29.267	3.605	12.47	9.389	24.089	25.574	24.452	19.557	28.833	3.493	11.843	9.448	25.136	26.23	24.759	20.153	29.648	4.48	11.209	21.365	29.755	10.65	28.836	29.318	11.428	21.884	29.388	12.234	29.656	30.135	11.626	21.741	27.951	9.61	26.039	27.056	11.78
43.0074	10.478	25.198	25.857	21.665	18.686	30.27	3.583	12.143	9.793	25.118	25.196	25.086	18.922	29.863	3.472	11.712	9.599	24.674	26.303	24.212	19.322	28.961	3.952	11.135	21.099	30.307	10.491	29.697	29.392	12.001	21.729	29.349	12.671	29.363	29.252	11.805	21.024	27.77	9.704	27.293	25.89	11.932
43.17405	10.69	24.602	26.725	22.052	19.128	29.649	3.452	12.047	9.497	24.439	25.219	25.278	18.885	29.326	3.482	12.065	9.473	25.092	26.073	23.953	19.764	28.902	3.737	11.347	21.064	31.573	11.012	28.794	29.502	11.171	21.638	28.784	12.636	29.474	31.193	11.736	21.975	28.64	9.549	26.896	26.309	11.609
43.34075	10.577	24.856	25.233	21.517	18.875	29.226	3.452	11.906	9.582	24.974	25.641	24.968	18.998	29.213	3.51	11.361	9.473	25.008	26.327	24.488	19.257	28.789	3.709	11.009	21.149	30.306	10.421	29.132	30.206	11.678	20.991	29.122	12.552	29.22	30.433	11.933	21.693	28.894	10.253	25.601	26.759	12.201
43.50751	11.435	25.198	26.448	21.693	18.77	29.369	3.499	11.778	9.652	24.977	25.421	25.03	18.669	29.188	3.303	11.853	9.374	25.012	26.415	24.521	19.435	29.186	3.811	11.445	20.958	30.786	10.265	27.924	29.729	11.325	21.786	28.111	12.783	29.786	30.096	11.889	22.009	28.868	9.704	27.209	26.144	11.622
43.67411	10.787	25.282	26.251	21.806	18.489	30.185	3.527	12.397	9.567	25.146	25.787	24.636	19.57	30.341	3.303	11.797	9.712	25.518	26.078	24.212	19.603	29.102	3.98	10.882	20.592	30.617	10.237	28.402	29.729	11.325	21.054	29.405	12.417	29.082	29.843	11.58	21.531	27.545	9.845	26.702	26.228	12.213
43.8407	11.563	24.265	26.585	21.968	19.494	30.465	3.537	11.906	9.638	24.101	26.064	25.362	19.589	29.889	3.707	12.093	9.445	24.388	25.848	23.868	18.779	29.493	4.075	11.431	20.895	30.165	10.533	28.512	29.333	11.115	21.469	28.756	12.861	28.629	30.376	12.102	21.862	28.95	10.028	26.023	26.647	12.144
44.00744	11.13	24.643	26.202	22.207	18.58	30.701	3.643	11.895	9.572	24.817	25.879	24.953	18.366	30.322	3.588	11.717	9.688	24.907	26.508	23.825	20.117	29.054	4.124	11.168	21.19	30.119	10.411	28.833	30.076	11.443	21.399	29.076	12.875	28.978	31.597	12.401	22.016	28.792	10.103	25.894	26.658	12.19
44.17415	11.297	25.415	26.215	21.99	18.359	29.703	3.378	11.894	9.849	25.506	26.313	24.822	19.694	29.774	3.435	11.742	9.235	24.891	26.097	24.088	18.601	29.801	3.916	10.826	21.171	30.276	10.548	29.354	29.64	11.355	21.914	28.951	13.052	29.415	30.628	11.779	21.715	28.074	9.873	26.188	26.7	12.075
44.34096	11.146	24.948	26.114	21.834	18.487	30.277	3.371	11.968	9.981	25.095	26.353	24.807	18.441	29.503	3.569	11.732	9.732	25.776	26.335	24.073	19.546	29.699	4.247	11.352	21.043	30.315	10.679	28.351	30.102	11.599	22.462	29.187	12.897	28.637	30.103	11.938	21.475	27.494	9.948	27.411	25.838	11.445
44.50742	11.266	24.804	26.616	21.974	18.855	29.622	3.161	12.481	10.355	25.118	25.758	24.636	19.119	29.159	3.5	11.431	9.852	25.265	26.162	24.296	19.266	29.468	3.98	11.388	22.112	29.688	11.025	28.177	28.913	11.354	21.054	28.111	13.121	28.969	30.068	11.749	21.587	27.686	10.014	27.293	26.566	11.96
44.67414	11.283	24.985	26.263	21.791	18.813	29.83	3.436	12.217	9.53	24.679	25.827	25.014	19.275	30.915	3.465	12.04	9.533	25.249	25.555	24.253	18.999	29.535	3.945	10.956	21.337	30.768	10.762	28.667	29.712	11.512	21.715	28.91	13.162	28.502	30.304	11.654	21.601	28.513	10.595	27.277	26.803	11.527
44.8409	11.447	24.921	26.958	21.756	18.104	30.243	3.264	12.324	10.031	25.684	25.932	25.4	19.184	29.528	3.49	12.035	9.443	25.465	26.391	23.739	19.133	29.273	4.139	11.233	20.824	31.096	10.504	28.659	30.125	11.058	21.539	28.479	13.155	29.253	30.633	11.706	21.847	28.758	10.309	26.594	26.26	12.169
45.00758	11.02	24.716	26.865	21.861	18.66	30.459	3.486	12.122	9.802	25.085	25.896	25.392	19.093	30.728	3.571	11.946	9.663	24.417	26.102	23.788	19.577	29.715	4.051	11.2	21.519	29.512	10.556	29.269	29.948	11.671	21.335	28.696	13.373	28.739	29.977	11.56	21.924	27.315	10.135	26.782	25.605	11.939
45.17413	11.209	25.113	26.532	22.565	18.742	30.523	3.949	11.806	10.13	25.315	25.252	25.677	18.922	29.525	3.556	11.543	9.346	25.406	25.993	24.184	19.35	29.186	3.952	11.219	21.296	30.56	10.941	27.671	29.645	11.607	21.307	28.505	13.205	29.532	30.181	11.636	21.249	29.121	10.239	26.393	26.369	12.1
45.34096	11.468	25.206	25.949	21.869	18.045	30.082	3.586	12.064	9.91	25.126	25.879	24.953	18.873	30.519	3.503	11.858	9.688	26.455	26.001	24.304	19.272	28.97	4.068	11.393	21.218	29.528	11.34	28.411	29.569	11.668	22.356	29.442	12.959	29.259	30.668	11.838	22.045	28.708	10.412	26.429	25.645	12.106
45.50762	11.535	24.969	26.134	22.7	18.762	30.831	3.537	12.357	10.229	24.355	25.613	25.194	18.801	29.804	3.594	12.149	10.121	25.43	26.271	24.572	19.173	28.986	3.652	11.15	21.571	29.996	10.956	29.3	29.248	11.509	21.469	28.756	13.847	29.305	30.545	11.426	22.031	27.993	10.675	26.924	26.421	11.778
45.67422	11.544	24.588	26.202	22.184	18.112	29.683	3.507	12.448	10.186	24.815	25.318	25.911	19.165	29.98	3.396	11.43	9.99	24.794	26.255	24.392	19.535	29.36	4.213	11.415	21.308	30.9	11.136	28.634	30.183	11.071	21.967	29.212	13.723	28.806	30.213	11.522	21.403	28.282	10.716	25.698	26.432	11.647
45.84098	11.215	24.812	26.625	21.897	18.692	30.813	3.333	11.952	10.22	25.155	25.879	25.769	19.323	29.562	3.559	11.717	9.52	25.357	26.761	24.867	19.103	30.18	4.04	11.309	21.725	29.978	11.255	28.608	30.104	11.246	21.793	29.02	14.029	28.809	30.499	11.641	21.425	28.201	10.609	26.232	26.884	11.796
46.00754	11.649	25.097	26.881	21.707	18.813	29.971	3.633	11.57	10.599	24.707	26.784	25.943	19.275	30.24	3.662	11.674	9.617	25.249	26.315	24.253	19.478	29.648	3.776	11.435	22.434	30.768	10.903	28.555	30.331	11.428	22.249	28.994	13.838	28.671	31.176	11.57	21.938	27.754	10.764	26.292	26.549	12.287
46.17425	11.363	25.596	26.058	22.487	18.132	30.609	3.405	12.127	10.228	25.121	26.354	25.794	18.762	29.5	3.574	11.979	10.006	26.0	26.138	24.021	18.824	30.061	4.111	11.373	22.258	29.155	11.179	27.899	29.703	11.311	21.708	28.789	13.633	28.353	30.07	11.481	21.819	27.07	10.562	25.806	26.682	11.86
46.34093	11.209	24.832	26.813	22.734	18.827	31.649	3.414	12.312	10.44	25.484	26.096	25.508	19.457	29.807	3.415	11.515	9.965	25.406	26.049	23.508	18.9	30.171	4.036	11.248	21.69	28.619	10.744	28.853	29.673	11.832	21.786	28.392	13.599	29.082	29.984	11.749	21.362	27.123	10.83	26.252	26.2	12.044
46.50767	10.862	25.491	26.685	22.635	18.026	29.999	3.436	11.936	10.908	25.354	25.996	26.027	19.191	29.705	3.465	11.59	9.87	25.474	26.23	24.619	18.718	29.31	4.03	11.041	21.506	29.361	11.184	28.048	29.909	11.991	22.109	28.15	13.641	28.671	31.232	11.485	21.685	27.951	10.679	26.208	25.79	11.696
46.67432	11.435	24.466	26.476	21.609	18.573	30.692	3.611	11.721	10.834	25.231	26.265	25.677	19.542	30.679	3.5	11.628	9.852	26.531	26.387	24.184	18.647	29.383	3.783	11.388	21.099	28.168	11.335	27.389	29.645	11.748	21.814	28.758	13.74	29.335	30.237	11.411	21.953	28.108	10.773	26.393	26.622	12.016
46.84106	11.537	25.801	27.107	22.269	18.026	29.886	3.52	12.555	10.683	26.086	26.559	26.393	19.135	30.155	3.662	11.365	9.701	26.177	25.949	24.422	18.887	28.691	3.72	10.9	22.04	29.192	11.325	28.076	29.403	11.484	22.334	28.825	13.416	29.149	31.232	11.373	21.348	27.922	10.82	25.786	26.465	11.921
47.00755	11.596	25.286	26.762	22.229	17.98	31.15	3.596	12.052	10.544	25.49	26.325	25.849	19.934	30.264	3.344	12.014	10.042	25.636	26.588	24.298	19.179	29.924	3.797	11.549	22.48	29.667	11.27	28.098	29.877	11.768	22.237	29.046	13.798	29.398	30.216	11.825	21.081	27.889	11.103	26.031	26.739	12.121
47.1743	11.097	25.507	26.279	21.806	18.686	29.228	3.358	12.425	10.581	24.274	25.787	26.465	19.936	30.426	3.415	12.078	10.049	26.025	26.387	24.606	18.844	29.805	4.036	11.248	21.943	30.054	11.419	28.177	29.898	11.776	22.292	29.068	13.768	28.519	30.519	11.721	22.037	27.714	10.52	25.999	25.947	11.932
47.34097	11.653	25.146	26.48	22.313	18.797	30.221	3.625	12.249	10.938	24.447	26.945	25.708	19.258	29.757	3.598	11.816	10.323	25.636	26.194	24.242	18.87	29.755	4.078	10.901	22.733	29.92	11.101	28.605	29.623	11.373	22.547	28.877	13.685	28.75	30.047	12.022	22.376	26.818	10.934	27.073	26.599	11.361
47.50768	11.161	25.057	26.223	22.11	18.619	30.078	3.268	12.266	10.812	25.12	26.377	26.38	19.503	30.093	3.692	11.718	10.142	25.717	26.444	23.729	18.354	29.612	3.722	11.198	21.995	29.665	11.116	27.869	30.636	11.444	22.654	28.086	13.567	28.832	30.158	12.094	22.342	28.111	11.033	26.478	25.665	11.489
47.67437	11.212	25.951	26.581	21.821	18.359	30.041	3.434	12.429	11.117	25.027	26.933	25.837	19.694	29.943	3.435	12.108	10.587	25.737	26.436	23.778	19.023	30.308	4.085	10.77	22.241	29.487	11.393	27.523	29.612	11.214	22.055	28.387	13.982	28.682	30.234	11.694	22.25	27.652	10.775	26.442	25.77	11.963
47.84096	11.452	24.816	26.347	22.213	18.054	30.533	3.52	12.301	10.824	25.045	26.643	26.224	19.979	30.493	3.55	12.406	10.517	26.008	26.062	24.675	18.634	30.154	3.636	11.519	22.631	27.842	11.156	27.964	30.162	11.344	22.615	28.797	13.5	28.615	30.304	11.626	22.248	27.782	10.82	25.476	26.015	12.09
48.00778	11.54	25.906	26.818	22.792	18.402	29.855	3.54	12.08	10.966	25.264	26.522	25.793	19.343	31.052	3.485	11.957	10.492	25.438	26.504	24.467	18.729	30.009	4.05	11.155	22.311	29.582	11.017	27.704	29.37	11.796	22.631	28.032	13.207	29.201	29.456	11.91	21.954	26.677	10.54	26.369	26.063	11.643
48.17437	11.499	26.833	26.082	22.73	18.591	30.557	3.437	12.35	11.122	24.331	26.687	25.732	19.785	30.459	3.438	12.113	9.973	25.548	26.218	24.095	18.776	30.824	3.891	11.17	22.362	29.412	10.947	27.559	29.79	11.529	22.823	28.142	13.962	29.395	29.961	11.53	22.004	27.829	10.554	26.534	26.088	11.883
48.34104	11.43	25.419	27.206	22.667	18.47	30.584	3.616	12.705	10.573	25.653	26.796	26.489	19.184	30.316	3.617	12.128	10.073	25.939	26.214	24.428	18.683	29.807	4.409	11.551	22.272	28.705	11.329	27.725	29.478	11.375	22.761	28.591	13.928	28.35	30.241	11.517	22.336	26.642	11.048	26.39	25.802	12.012
48.50785	11.565	25.711	26.765	22.382	18.201	31.086	3.524	12.562	11.128	24.847	26.294	26.185	19.565	30.249	3.412	11.666	9.839	26.404	26.42	24.118	18.441	29.314	4.15	11.457	22.894	29.598	11.376	27.424	29.551	11.307	22.788	28.522	14.041	27.967	30.316	11.591	22.758	27.019	10.868	26.088	26.263	11.921
48.67445	11.518	25.468	26.38	23.191	18.481	30.384	3.551	12.286	10.942	26.212	26.844	26.847	19.478	30.284	3.44	11.593	10.442	25.565	26.686	23.881	18.75	29.52	3.865	11.299	22.91	28.644	11.443	27.774	30.631	11.348	21.733	27.485	13.86	28.993	30.152	11.716	22.973	27.397	10.739	26.269	25.398	11.62
48.84112	11.439	25.566	26.053	22.942	18.475	30.745	3.619	12.125	10.917	25.297	26.715	26.719	19.5	30.728	3.507	11.935	10.109	26.316	26.472	24.254	18.828	29.255	4.047	10.849	22.323	28.521	11.391	28.156	29.209	11.832	23.009	28.576	14.234	28.756	29.89	11.974	21.988	27.752	10.968	26.565	26.344	12.021
49.00771	11.295	26.506	26.825	22.53	18.125	30.211	3.571	12.545	10.944	25.218	26.384	26.387	19.545	30.845	3.685	11.481	10.587	26.039	26.424	24.265	19.072	29.769	4.055	11.272	22.476	29.374	11.106	27.937	29.327	11.717	23.444	28.581	14.273	27.546	29.329	11.774	22.368	27.617	11.051	25.555	25.701	12.329
49.17447	11.433	26.456	26.465	23.022	18.029	31.259	3.241	12.145	10.914	25.252	26.336	27.243	19.506	30.397	3.44	11.96	10.555	26.328	26.516	24.502	18.807	29.322	4.006	11.242	23.079	28.587	10.766	27.548	29.36	11.517	23.088	28.699	13.945	28.344	29.192	11.97	22.07	26.86	11.163	25.704	26.161	11.846
49.3411	11.578	25.545	26.627	22.812	18.464	31.37	3.599	11.839	10.689	25.303	26.271	26.981	19.065	31.128	3.544	12.047	10.248	26.887	25.971	24.717	18.365	29.373	4.14	11.329	22.56	27.649	11.389	27.145	29.412	11.434	22.964	27.79	14.075	28.309	30.12	11.916	22.905	27.447	11.108	26.064	26.549	11.82
49.50788	11.701	26.608	26.813	23.025	18.138	30.483	3.408	12.783	10.812	25.942	26.4	27.308	19.304	30.806	3.579	12.085	10.428	26.056	26.157	24.874	18.434	30.098	4.147	11.339	22.151	28.628	11.144	26.907	28.666	11.642	23.545	28.033	13.92	27.817	29.855	11.275	21.845	27.209	10.948	25.995	25.18	11.887
49.67458	11.876	25.994	26.849	21.986	18.455	30.662	3.581	12.081	11.072	25.611	25.785	27.571	19.905	30.079	3.497	11.751	10.348	26.998	26.363	24.486	18.809	30.134	3.981	11.259	22.838	27.533	11.234	27.085	29.353	11.816	22.958	27.391	13.928	28.222	29.355	11.931	22.362	26.991	10.529	25.098	25.159	11.666
49.84114	11.427	26.412	26.417	22.596	18.268	31.169	3.516	12.227	10.762	25.832	26.427	27.253	19.35	30.245	3.715	11.497	10.465	26.851	25.789	24.673	18.508	29.847	4.001	11.402	22.884	28.179	11.264	26.397	29.773	11.903	23.088	27.271	13.888	28.442	29.69	11.82	22.831	26.956	11.068	26.052	25.632	11.924
50.00776	11.705	26.375	26.523	23.24	19.026	30.622	3.343	12.504	10.644	25.654	25.598	26.961	19.06	30.038	3.429	12.03	10.459	27.324	26.036	24.694	17.992	29.725	3.969	11.737	22.622	28.34	11.344	26.984	29.679	11.643	23.874	27.489	13.569	28.943	29.936	11.985	22.257	26.126	11.063	25.987	25.058	11.947
50.17456	11.337	26.29	26.579	23.297	18.686	30.197	3.541	12.051	10.446	25.399	26.249	27.244	19.174	30.321	3.485	11.775	10.629	25.993	26.63	24.92	18.473	29.753	4.083	11.199	22.508	27.887	11.231	26.559	29.736	11.417	23.76	27.489	14.051	28.858	29.483	11.9	22.739	26.636	11.46	25.732	26.728	11.834
50.34112	11.549	26.252	26.429	22.812	18.068	30.267	3.712	11.895	10.633	26.519	26.129	27.292	19.121	30.251	3.403	11.905	10.502	26.548	25.745	24.632	18.167	29.034	3.942	11.498	22.9	27.819	11.276	26.467	29.497	11.858	23.614	27.196	14.188	28.366	30.007	12.17	22.453	26.74	10.967	24.82	24.824	11.622
50.50787	11.434	26.775	26.328	22.765	17.421	29.718	3.361	12.375	10.799	24.949	26.622	27.729	18.701	30.889	3.589	12.072	10.104	26.477	26.606	24.048	18.058	30.407	4.214	11.212	22.74	28.145	11.301	27.299	29.314	11.911	23.143	26.898	14.113	29.087	29.825	11.941	22.801	26.612	11.076	24.859	25.175	11.931
50.67451	11.733	26.743	26.891	22.192	17.78	30.084	3.512	11.853	10.587	25.456	26.08	27.273	18.437	30.208	3.599	12.03	10.601	26.502	26.205	24.58	18.388	29.045	3.828	11.284	23.103	27.83	11.259	26.559	30.954	11.502	23.024	27.008	13.909	27.272	29.568	11.616	23.333	27.344	11.006	25.732	25.114	11.692
50.84129	11.339	25.909	26.227	22.863	17.861	30.407	3.411	11.798	10.817	25.668	25.955	27.571	19.141	30.108	3.469	11.637	10.433	26.404	25.911	24.74	18.271	30.191	3.811	11.513	22.498	28.721	11.291	26.943	29.268	11.732	23.92	27.136	13.843	27.656	29.807	12.129	22.701	26.652	11.547	25.946	24.424	11.638
51.00795	11.816	25.945	26.179	22.818	17.992	31.06	3.759	11.794	11.013	25.73	26.19	27.578	18.791	30.14	3.28	12.06	10.289	26.607	26.286	24.016	17.979	29.715	4.017	11.681	22.707	27.483	11.374	27.403	28.878	11.334	23.506	27.312	14.08	27.578	28.992	11.731	22.628	26.546	11.291	25.813	25.196	11.466
51.17461	11.387	26.558	26.481	23.037	17.986	30.486	3.304	12.043	11.263	25.693	25.985	27.739	18.615	30.555	3.559	11.377	10.566	26.571	26.448	24.093	17.887	29.537	3.957	11.676	22.615	28.096	11.341	26.632	28.728	11.697	23.951	27.163	13.96	28.417	29.661	11.896	23.214	26.538	11.173	25.72	25.951	11.799
51.34136	11.726	26.643	26.142	22.811	17.901	30.882	3.388	11.958	10.698	25.636	25.985	28.022	18.869	30.414	3.813	12.309	10.622	27.361	26.646	24.997	18.594	29.452	3.872	11.168	23.18	28.068	11.595	27.282	28.53	11.838	23.612	27.756	13.903	28.841	29.577	11.839	22.96	26.368	11.286	24.986	24.765	11.884
