	MG1655-1	PUTR3-1_1	ygaC-1	ygaC_ybeX-1	ygaC_mpl-1	ygaC_ybeX_mpl-1	PUTR8-10_1	rpsG1_mreB-1	MG1655-2	PUTR3-1_2	ygaC-2	ygaC_ybeX-2	ygaC_mpl-2	ygaC_ybeX_mpl-2	PUTR8-10_2	rpsG1_mreB-2	MG1655-3	PUTR3-1_3	ygaC-3	ygaC_ybeX-3	ygaC_mpl-3	ygaC_ybeX_mpl-3	PUTR8-10_3	rpsG1_mreB-3	rpsG1_mreB_ybeX-1	rpsG1_mreB_mpl-1	rpsG1_mreB_ybeX_mpl-1	proV_cspC-1	proV_cspC_ybeX-1	proV_cspC_mpl-1	proV_cspC_ybeX_mpl-1	rpsG1_mreB_ybeX-2	rpsG1_mreB_mpl-2	rpsG1_mreB_ybeX_mpl-2	proV_cspC-2	proV_cspC_ybeX-2	proV_cspC_mpl-2	proV_cspC_ybeX_mpl-2	rpsG1_mreB_ybeX-3	rpsG1_mreB_mpl-3	rpsG1_mreB_ybeX_mpl-3	proV_cspC-3	proV_cspC_ybeX-3	proV_cspC_mpl-3	proV_cspC_ybeX_mpl-3
0.00511	0.0	0.0	0.0	0.0	0.0	0.0	0.0	0.0	0.0	0.0	0.0	0.053	0.022	0.0	0.0	0.0	0.0	0.0	0.0	0.0	0.0	0.0	0.0	0.0	0.0	0.0	0.0	0.0	-0.231	0.0	0.05	0.0	0.0	0.0	0.0	0.0	-0.084	0.049	0.0	0.0	0.0	0.08	0.0	0.0	0.015
0.17167	0.174	0.141	0.14	0.012	0.139	0.04	0.468	0.333	0.178	0.142	0.108	0.0	0.0	0.076	0.242	0.212	0.045	0.042	0.01	0.085	0.111	0.046	0.208	0.246	0.109	0.076	0.11	0.016	-0.217	0.211	0.0	0.142	0.078	0.08	0.083	0.079	0.065	0.033	0.108	0.174	0.045	0.0	0.055	0.013	0.0
0.33846	0.435	0.336	0.466	0.24	0.465	0.333	0.468	0.692	0.439	0.272	0.402	0.131	0.294	0.304	0.339	0.505	0.306	0.14	0.239	0.117	0.306	0.176	0.436	0.637	0.239	0.272	0.306	0.114	-0.217	0.146	0.0	0.371	0.535	0.341	0.148	0.046	0.0	0.0	0.401	0.338	0.241	0.229	0.218	0.144	0.065
0.50509	0.65	0.257	0.844	0.489	0.746	0.482	0.585	0.906	0.591	0.389	0.65	0.412	0.64	0.487	0.556	0.887	0.424	0.322	0.617	0.401	0.523	0.457	0.522	0.954	0.454	0.552	0.522	0.527	0.0	0.363	0.02	0.587	0.85	0.591	0.399	0.197	0.186	0.151	0.551	0.488	0.489	0.447	0.536	0.229	0.25
0.67174	0.669	0.538	0.766	0.573	0.831	0.568	0.768	0.894	0.642	0.507	0.735	0.529	0.79	0.572	0.673	1.035	0.606	0.44	0.702	0.484	0.737	0.574	0.508	1.036	0.441	0.572	0.639	0.513	0.214	0.479	0.137	0.671	0.836	0.74	0.547	0.477	0.301	0.235	0.766	0.605	0.671	0.628	0.716	0.346	0.17
0.83839	0.744	0.547	0.938	0.647	0.937	0.674	0.777	1.098	0.651	0.483	0.94	0.701	0.701	0.679	0.584	1.045	0.517	0.612	0.939	0.723	0.91	0.583	0.746	1.112	0.646	0.646	0.844	0.751	0.387	0.554	0.146	1.039	0.976	0.782	0.982	0.65	0.409	0.343	0.971	0.614	0.779	0.736	0.76	0.42	0.474
1.00524	0.721	0.623	0.916	0.755	0.915	0.784	0.82	1.24	0.823	0.689	0.852	0.711	0.907	0.754	0.561	1.182	0.528	0.688	0.884	0.696	1.017	0.658	0.625	1.151	0.689	0.754	0.886	0.693	0.363	0.726	0.221	0.755	1.017	0.856	0.956	0.659	0.579	0.482	0.884	0.69	0.788	0.808	0.732	0.528	0.514
1.17174	0.761	0.532	1.02	0.762	0.857	0.888	0.631	1.409	0.83	0.696	1.022	0.783	0.783	0.793	0.633	1.223	0.599	0.629	0.923	0.9	0.926	0.665	0.73	1.191	0.728	0.728	0.893	0.799	0.37	0.635	0.228	0.827	1.057	0.863	0.964	0.633	0.587	0.522	0.955	0.892	0.762	0.816	0.903	0.535	0.554
1.33856	0.763	0.697	0.86	0.732	0.957	0.89	0.731	1.411	0.963	0.698	0.959	0.883	1.014	0.959	0.798	1.388	0.634	0.729	0.991	0.87	0.994	0.831	0.797	1.259	0.698	0.731	0.993	0.899	0.405	0.573	0.23	0.829	0.929	0.768	1.129	0.668	0.59	0.687	1.056	0.796	0.797	0.884	0.841	0.505	0.622
1.50517	0.744	0.743	0.971	0.876	1.003	0.968	0.581	1.294	0.88	0.81	0.972	0.93	1.028	0.973	0.78	1.241	0.713	0.71	1.103	0.919	1.041	0.877	0.909	1.406	0.744	0.777	1.04	0.914	0.42	0.652	0.473	0.876	1.074	0.88	1.08	0.781	0.605	0.702	0.971	0.843	0.811	0.899	0.76	0.518	0.572
1.67183	0.781	0.813	1.106	0.946	1.105	0.809	0.684	1.429	0.885	0.716	1.042	0.837	1.032	0.977	0.785	1.312	0.555	0.747	1.107	0.793	1.013	0.947	0.816	1.673	0.912	0.847	0.947	1.018	0.49	0.592	0.379	0.881	1.275	1.049	1.085	0.687	0.611	0.707	1.009	0.815	0.718	0.937	0.929	0.523	0.544
1.83855	0.692	0.756	1.082	0.89	1.081	0.981	0.496	1.34	0.895	0.791	0.986	0.944	1.009	0.921	0.663	1.322	0.662	0.854	1.018	0.935	1.153	0.99	0.76	1.291	0.823	0.856	1.022	0.93	0.532	0.667	0.389	0.955	1.088	1.059	1.063	0.795	0.785	0.521	0.92	0.856	0.793	0.948	0.94	0.532	0.685
2.00516	0.888	0.724	1.049	0.89	1.081	0.916	0.496	1.275	0.797	0.725	0.953	0.846	0.944	1.019	0.663	1.322	0.662	0.756	1.117	1.0	1.121	0.957	0.629	1.39	0.856	0.888	1.12	0.864	0.532	0.602	0.389	0.857	1.252	1.092	0.998	0.762	0.621	0.553	0.92	0.955	0.924	0.915	1.005	0.565	0.685
2.17201	0.762	0.761	0.956	0.895	0.988	0.92	0.599	1.344	0.965	0.697	1.056	1.015	1.145	1.024	0.799	1.327	0.634	0.826	1.056	1.104	1.158	1.027	0.863	1.231	0.926	0.795	1.06	0.837	0.439	0.672	0.393	0.862	1.159	0.998	1.003	0.669	0.79	0.525	1.088	0.828	0.928	0.92	0.88	0.471	0.592
2.3386	0.906	0.741	1.067	0.876	1.001	0.834	0.579	1.358	0.882	0.743	1.169	0.963	1.028	1.104	0.748	1.376	0.778	0.971	1.07	1.022	1.206	0.911	0.844	1.51	0.972	0.874	1.14	0.688	0.617	0.588	0.408	0.974	1.272	1.112	1.019	0.782	0.839	0.638	1.003	1.039	0.943	1.035	0.963	0.583	0.575
2.50535	0.895	0.828	0.991	0.864	1.023	0.922	0.601	1.445	0.902	0.797	0.993	0.919	1.049	0.994	0.703	1.33	0.669	0.926	0.96	0.91	1.128	0.866	0.669	1.43	0.863	0.961	1.16	0.839	0.507	0.576	0.396	1.093	1.456	1.001	1.071	0.77	0.694	0.528	1.123	1.027	0.898	0.923	0.949	0.637	0.595
2.67194	0.881	0.717	0.945	0.883	1.075	0.876	0.653	1.333	0.855	0.817	1.045	0.937	1.035	0.98	0.722	1.51	0.622	0.913	0.914	0.796	1.113	0.95	0.851	1.512	0.914	0.947	1.048	0.824	0.492	0.594	0.349	1.046	1.277	0.986	0.99	0.755	0.515	0.546	0.978	1.013	1.015	0.711	0.932	0.46	0.482
2.83861	0.867	0.636	0.962	0.902	0.994	0.926	0.507	1.416	0.875	0.802	0.998	1.054	1.053	0.9	0.708	1.335	0.64	0.833	1.063	0.85	1.067	1.002	0.673	1.436	0.867	0.9	0.969	0.877	0.511	0.614	0.4	1.098	1.363	1.203	1.011	0.676	0.798	0.664	1.193	0.933	1.099	0.863	0.954	0.544	0.666
3.00539	0.69	0.623	1.047	0.855	1.079	0.913	0.658	1.403	0.958	0.821	0.984	0.909	1.039	0.919	0.792	1.319	0.627	0.917	1.016	0.899	1.118	0.889	0.725	1.42	0.952	0.886	1.118	0.764	0.53	0.599	0.452	1.051	1.446	1.089	0.962	0.597	0.684	0.551	1.081	0.952	0.987	1.011	0.872	0.464	0.552
3.17196	0.698	0.665	0.991	0.799	1.088	0.889	0.47	1.314	0.902	0.699	0.993	0.951	1.212	0.928	0.703	1.461	0.636	0.926	1.058	0.91	1.193	0.768	0.931	1.496	0.961	0.994	1.062	0.937	0.507	0.609	0.396	1.061	1.259	1.165	1.071	0.868	0.727	0.757	1.221	1.06	1.029	0.956	0.949	0.637	0.562
3.33873	0.776	0.645	1.036	0.941	1.003	0.87	0.646	1.425	0.88	0.679	1.038	0.93	1.028	1.005	0.78	1.6	0.713	0.743	1.135	0.919	1.041	0.877	0.909	1.504	1.038	0.94	1.106	0.751	0.387	0.554	0.342	1.268	1.433	1.076	0.949	0.683	0.671	0.637	1.2	1.039	0.909	0.932	0.825	0.453	0.637
3.50537	0.788	0.721	1.178	0.855	1.014	0.979	0.559	1.534	0.86	0.723	1.049	0.909	0.909	0.984	0.727	1.418	0.659	0.754	1.049	0.899	1.151	0.955	0.758	1.583	1.017	0.886	1.216	0.862	0.497	0.566	0.386	1.28	1.282	1.154	0.962	0.662	0.618	0.551	1.212	1.116	1.085	1.011	0.872	0.464	0.487
3.67201	0.664	0.663	1.185	0.96	1.021	0.985	0.697	1.508	0.769	0.697	1.056	0.916	1.046	1.024	0.799	1.36	0.568	0.63	1.219	0.907	1.158	0.864	0.83	1.526	1.057	0.991	1.223	0.935	0.537	0.508	0.328	1.157	1.486	1.26	0.97	0.669	0.528	0.525	1.186	1.156	1.092	0.855	0.88	0.635	0.658
3.83871	0.774	0.61	1.034	0.939	1.066	0.901	0.644	1.39	0.845	0.807	1.068	0.928	0.993	1.003	0.778	1.402	0.646	0.741	1.035	0.818	1.136	0.777	0.744	1.599	1.134	1.068	1.299	0.912	0.515	0.65	0.47	1.168	1.463	1.172	0.947	0.746	0.701	0.504	1.198	1.102	1.103	0.831	0.92	0.647	0.635
4.00542	0.744	0.612	0.971	0.876	1.101	0.87	0.646	1.49	0.945	0.679	1.168	1.093	1.126	1.005	0.911	1.502	0.746	0.841	1.135	0.984	1.139	0.877	0.909	1.7	1.201	1.136	1.302	0.914	0.518	0.456	0.342	1.268	1.531	1.24	0.884	0.781	0.703	0.539	1.265	1.202	1.269	0.932	0.923	0.714	0.67
4.17218	0.735	0.538	1.092	0.932	1.157	0.894	0.67	1.514	0.87	0.67	1.159	0.921	1.182	1.061	0.705	1.492	0.737	0.636	1.093	1.006	1.031	0.835	0.933	1.754	1.127	1.127	1.324	0.806	0.41	0.479	0.333	1.226	1.456	1.229	0.971	0.673	0.758	0.627	1.289	1.029	1.357	0.921	0.846	0.607	0.627
4.33886	0.776	0.612	1.199	0.941	1.101	0.87	0.744	1.523	0.945	0.712	1.234	0.93	1.093	1.103	0.78	1.502	0.713	0.71	1.201	0.984	1.106	0.845	0.909	1.602	1.136	0.973	1.4	0.751	0.485	0.489	0.309	1.268	1.629	1.37	0.949	0.683	0.605	0.604	1.363	1.235	1.367	0.899	0.858	0.453	0.67
4.50546	0.77	0.508	1.029	0.967	1.159	0.864	0.77	1.581	0.84	0.509	1.129	1.021	1.217	1.096	0.806	1.69	0.706	0.736	1.096	0.911	1.229	0.838	0.837	1.659	1.031	1.162	1.294	0.743	0.51	0.58	0.433	1.326	1.654	1.265	0.941	0.741	0.695	0.499	1.454	1.293	1.359	0.924	0.817	0.544	0.564
4.67222	0.744	0.645	1.069	1.072	1.068	1.066	0.679	1.817	0.945	0.712	1.168	0.93	1.191	1.169	0.813	1.698	0.713	0.71	1.201	0.984	1.139	0.877	0.942	1.765	1.234	1.234	1.4	0.947	0.583	0.652	0.473	1.268	1.727	1.436	0.884	0.683	0.965	0.604	1.657	1.235	1.465	0.899	0.988	0.518	0.572
4.83886	0.737	0.639	1.258	0.934	1.061	0.994	0.542	1.777	0.84	0.705	1.129	0.923	1.119	0.998	0.871	1.625	0.706	0.801	1.128	0.911	1.262	0.936	0.935	1.888	1.292	1.325	1.425	0.841	0.674	0.743	0.368	1.555	1.458	1.363	0.876	0.676	0.598	0.597	1.585	1.293	1.392	0.924	0.98	0.609	0.532
5.0055	0.672	0.541	1.16	0.967	1.192	1.06	0.77	2.006	0.873	0.672	1.161	1.086	1.119	0.998	0.871	1.886	0.706	0.703	1.226	1.106	1.229	0.936	1.131	1.79	1.39	1.26	1.523	0.907	0.38	0.58	0.433	1.555	1.948	1.526	0.941	0.643	0.565	0.531	1.487	1.423	1.392	0.989	0.849	0.544	0.63
5.17218	0.672	0.541	1.16	0.771	1.061	0.962	0.77	1.712	0.971	0.509	1.227	1.021	1.282	0.966	0.969	1.788	0.641	0.703	1.292	0.911	1.164	0.968	1.066	1.888	1.129	1.26	1.621	0.907	0.608	0.743	0.368	1.457	1.654	1.428	0.876	0.578	0.565	0.629	1.585	1.423	1.457	0.989	0.817	0.511	0.63
5.3389	0.665	0.436	1.088	1.025	1.25	1.151	0.927	1.77	0.93	0.666	1.154	1.079	1.209	1.187	0.994	1.943	0.7	0.599	1.024	1.066	1.092	0.765	1.058	1.879	1.318	1.318	1.483	0.932	0.471	0.54	0.426	1.417	1.744	1.453	0.868	0.668	0.655	0.524	1.545	1.416	1.384	0.884	0.743	0.7	0.459
5.50553	0.821	0.593	1.146	1.051	1.276	0.949	0.724	1.763	1.021	0.496	1.115	1.006	1.202	1.05	0.889	1.674	0.725	0.723	1.278	1.155	1.149	0.758	1.051	1.871	1.376	1.343	1.508	0.794	0.496	0.728	0.419	1.409	1.802	1.608	0.828	0.726	0.549	0.68	1.766	1.409	1.475	0.778	1.06	0.693	0.647
5.6722	0.749	0.619	1.172	1.011	1.237	0.877	1.043	1.756	0.916	0.587	1.303	1.064	1.163	1.075	1.045	1.894	0.621	0.684	1.205	0.854	1.305	0.849	1.012	1.927	1.368	1.336	1.5	0.916	0.456	0.525	0.412	1.597	1.826	1.632	0.82	0.719	0.639	0.672	1.628	1.662	1.532	0.803	0.889	0.621	0.607
5.83889	0.735	0.506	1.158	0.932	1.157	1.09	0.866	1.905	0.772	0.572	1.224	1.182	1.182	1.159	1.162	1.785	0.606	0.701	1.289	1.104	1.26	0.966	1.226	1.95	1.42	1.42	1.683	0.904	0.508	0.773	0.3	1.519	1.717	1.621	0.971	0.641	0.595	0.627	1.68	1.486	1.553	0.889	0.814	0.64	0.562
6.0056	0.728	0.532	1.151	1.055	1.248	0.986	0.924	1.703	0.83	0.598	1.315	1.076	1.272	1.087	1.155	1.94	0.73	0.629	1.184	0.867	1.22	0.861	1.219	2.137	1.413	1.413	1.676	0.897	0.468	0.57	0.456	1.61	1.807	1.711	0.931	0.829	0.652	0.587	1.673	1.414	1.578	0.979	0.805	0.6	0.652
6.17236	0.741	0.545	1.262	0.972	1.196	0.966	0.938	1.945	0.943	0.448	1.329	0.993	1.221	1.101	1.104	1.892	0.613	0.61	1.329	1.079	1.234	0.973	1.168	1.958	1.591	1.526	1.887	0.814	0.483	0.683	0.47	1.625	1.822	1.662	0.881	0.68	0.766	0.536	1.753	1.494	1.56	0.929	1.018	0.647	0.667
6.33901	0.819	0.525	1.177	1.048	1.339	1.207	0.95	1.989	0.921	0.494	1.243	1.167	1.298	1.08	1.082	1.899	0.69	0.688	1.177	1.055	1.343	0.952	1.342	2.031	1.406	1.504	1.701	0.824	0.591	0.53	0.449	1.602	1.636	1.735	1.021	0.854	0.775	0.58	1.731	1.569	1.57	0.873	0.732	0.593	0.644
6.5057	0.77	0.541	1.29	1.032	1.257	1.158	0.966	1.875	0.938	0.607	1.129	1.086	1.282	1.096	1.099	2.049	0.706	0.703	1.324	1.204	1.458	0.87	1.229	1.953	1.488	1.455	1.621	0.809	0.51	0.776	0.466	1.718	1.85	1.82	0.844	0.643	0.695	0.629	1.65	1.489	1.751	1.087	0.849	0.642	0.662
6.67239	0.715	0.486	1.235	1.009	1.234	0.973	0.813	1.982	0.946	0.585	1.333	1.062	1.16	1.236	1.27	2.086	0.684	0.616	1.398	1.144	1.075	0.847	1.237	2.12	1.399	1.496	1.758	0.914	0.552	0.751	0.344	1.627	1.824	1.825	0.818	0.815	0.572	0.67	1.756	1.562	1.628	0.8	0.821	0.521	0.507
6.83897	0.708	0.382	1.131	1.132	1.163	0.966	1.229	1.975	0.938	0.448	1.424	1.153	1.316	1.164	1.165	1.785	0.612	0.61	1.261	1.169	1.23	1.035	1.393	2.111	1.489	1.391	1.685	0.906	0.544	0.614	0.403	1.62	1.783	1.882	0.81	0.742	0.564	0.695	1.749	1.555	1.718	0.858	0.878	0.612	0.532
7.00573	0.743	0.515	1.23	1.037	1.132	1.131	1.166	1.912	0.908	0.548	1.231	1.09	1.156	1.133	1.233	1.886	0.679	0.677	1.491	1.041	1.233	0.842	1.297	2.244	1.459	1.589	1.851	0.876	0.482	0.616	0.405	1.72	1.884	1.722	0.91	0.712	0.664	0.6	1.653	1.557	1.72	0.958	0.946	0.582	0.632
7.17243	0.871	0.48	1.228	1.034	1.163	0.966	1.327	2.105	0.841	0.546	1.229	1.087	1.316	1.261	1.458	2.013	0.612	0.772	1.261	1.071	1.393	0.97	1.588	2.111	1.587	1.522	1.848	0.906	0.544	0.646	0.403	1.587	1.881	1.817	0.94	0.807	0.727	0.695	1.716	1.555	1.718	0.955	0.943	0.71	0.727
7.33895	0.857	0.467	1.215	1.118	1.117	0.921	1.15	1.864	0.826	0.468	1.28	1.138	1.237	1.15	1.54	1.899	0.598	0.662	1.345	1.055	1.216	0.956	1.573	2.192	1.637	1.41	1.832	0.956	0.563	0.794	0.421	1.507	1.865	1.703	0.827	0.891	0.711	0.745	1.702	1.54	1.702	0.777	0.958	0.761	0.614
7.50578	0.727	0.402	1.052	1.02	1.052	0.954	1.215	1.961	0.826	0.533	1.28	1.041	1.269	1.117	1.41	1.996	0.598	0.694	1.345	1.152	1.378	1.021	1.605	1.997	1.669	1.604	1.767	0.891	0.368	0.697	0.519	1.67	1.995	1.866	0.827	0.728	0.906	0.648	1.831	1.572	1.702	0.972	1.023	0.663	0.679
7.67253	0.738	0.413	1.258	1.129	1.128	1.062	1.357	2.07	0.806	0.544	1.291	1.15	1.183	1.259	1.456	2.173	0.609	0.51	1.356	1.133	1.098	0.935	1.683	2.239	1.552	1.682	1.878	0.904	0.542	0.741	0.595	1.682	2.171	1.717	0.84	0.838	0.626	0.595	1.746	1.65	1.65	0.855	0.94	0.512	0.594
7.8391	0.725	0.4	1.212	1.083	1.147	1.049	1.343	2.186	0.889	0.465	1.407	1.168	1.137	1.115	1.635	2.058	0.758	0.659	1.342	1.02	1.213	1.116	1.668	2.416	1.635	1.667	1.927	0.888	0.625	0.597	0.386	1.667	2.155	1.798	0.792	0.823	0.806	0.678	1.829	1.635	1.635	0.839	0.923	0.563	0.709
8.00576	0.84	0.482	1.263	1.102	1.23	1.196	1.459	1.782	0.843	0.483	1.329	0.992	1.188	1.068	1.526	2.081	0.679	0.579	1.198	0.976	1.233	0.94	1.818	2.44	1.752	1.882	2.144	1.006	0.644	0.909	0.535	1.785	2.014	1.982	1.008	0.907	0.632	0.6	1.914	1.655	1.818	0.893	0.946	0.679	0.729
8.17239	0.855	0.368	1.245	1.083	1.212	0.952	1.538	1.991	0.824	0.465	1.407	1.071	1.072	1.277	1.635	2.156	0.693	0.757	1.277	1.052	1.311	0.953	1.863	2.286	1.764	1.667	2.025	0.888	0.56	0.824	0.516	1.797	1.993	1.961	0.889	0.791	0.903	0.743	1.991	1.635	1.797	0.839	0.955	0.693	0.676
8.3391	0.829	0.406	1.219	1.09	1.316	1.055	1.61	2.193	0.928	0.537	1.317	1.175	1.176	1.252	1.741	2.262	0.7	0.699	1.252	0.963	1.188	0.83	2.098	2.328	1.674	1.707	2.033	1.189	0.632	0.734	0.588	1.87	2.098	1.969	0.8	0.83	1.009	0.653	1.901	1.675	1.838	0.945	0.801	0.603	0.717
8.50583	0.808	0.482	1.133	1.037	1.132	1.164	1.557	2.075	0.843	0.483	1.329	1.155	1.253	1.296	1.884	2.276	0.614	0.514	1.166	1.269	1.298	1.07	1.981	2.57	1.752	1.784	1.981	1.006	0.644	0.844	0.6	1.818	2.079	1.917	0.812	0.81	0.729	0.795	1.914	1.785	1.85	0.99	0.978	0.679	0.827
8.67249	0.864	0.474	1.254	1.092	1.123	1.058	1.612	2.098	0.898	0.539	1.319	0.983	1.146	1.059	1.873	2.362	0.702	0.571	1.189	1.161	1.223	0.963	2.003	2.656	1.677	1.774	2.165	0.899	0.472	0.801	0.591	1.808	2.101	2.004	0.932	0.833	0.751	0.785	2.099	1.742	1.84	1.175	0.869	0.768	0.719
8.83919	0.927	0.504	1.122	1.025	1.316	1.153	1.74	2.356	0.928	0.472	1.284	1.143	1.176	1.284	2.033	2.294	0.7	0.699	1.284	1.125	1.22	0.96	2.196	2.62	1.674	1.804	2.065	0.994	0.632	0.896	0.523	1.87	1.968	2.164	0.93	0.83	0.749	0.75	1.999	1.772	1.935	0.977	1.126	0.7	0.879
9.00589	0.857	0.565	1.15	1.118	1.214	1.116	1.897	2.189	1.086	0.533	1.312	1.041	1.237	1.247	2.06	2.289	0.761	0.662	1.247	1.152	1.118	0.923	2.093	2.809	1.832	1.702	2.32	0.956	0.66	0.891	0.519	1.962	2.19	2.061	0.729	0.826	0.841	0.648	1.994	1.93	1.897	0.939	0.958	0.826	0.809
9.17251	0.816	0.459	1.303	1.205	1.335	0.913	1.92	2.439	0.979	0.556	1.27	1.193	1.162	1.238	2.115	2.537	0.849	0.75	1.238	1.141	1.173	0.946	2.31	2.992	1.725	1.757	2.147	0.978	0.748	0.914	0.607	1.887	2.18	2.18	0.817	0.881	0.733	0.833	2.146	1.855	1.984	0.864	1.044	0.751	0.669
9.33931	0.79	0.4	1.245	1.18	1.212	1.146	1.96	2.381	0.986	0.53	1.375	0.941	1.364	1.212	2.35	2.383	0.661	0.692	1.18	1.117	1.278	0.921	2.415	2.936	1.862	1.764	2.155	1.083	0.658	0.824	0.484	2.057	2.285	1.993	0.922	0.888	0.806	0.743	2.089	1.96	1.895	1.034	0.955	0.758	0.904
9.50595	0.829	0.374	1.122	1.187	1.154	1.121	1.935	2.551	1.123	0.635	1.284	1.045	1.241	1.284	2.423	2.652	0.765	0.764	1.187	1.158	1.318	0.96	2.488	3.14	1.869	1.902	2.325	1.091	0.73	0.929	0.588	2.0	2.293	2.261	1.027	0.928	0.846	0.783	2.292	1.772	1.935	0.88	1.061	0.7	0.717
9.6727	0.72	0.461	1.208	1.11	1.045	1.012	2.312	2.474	0.981	0.526	1.272	1.066	1.229	1.207	2.507	2.637	0.689	0.655	1.24	1.112	1.273	0.819	2.507	2.995	2.019	1.954	2.247	1.078	0.75	0.884	0.609	2.052	2.345	2.15	0.884	0.981	0.833	0.738	2.084	2.02	1.922	1.061	0.917	0.656	0.866
9.83931	0.818	0.396	1.24	1.078	1.11	1.012	2.215	2.571	0.981	0.461	1.305	1.293	1.229	1.143	2.637	2.767	0.754	0.753	1.175	1.047	1.208	0.948	2.702	3.222	2.052	2.084	2.344	1.078	0.62	0.981	0.609	2.15	2.345	2.345	0.884	0.818	0.898	0.836	2.181	2.02	2.084	0.932	1.21	0.689	0.769
10.00585	0.816	0.589	1.4	1.108	1.205	1.043	2.309	2.763	1.108	0.621	1.27	1.161	1.292	1.238	2.667	2.797	0.849	0.685	1.368	1.141	1.303	0.914	2.764	3.219	1.919	2.082	2.406	1.173	0.748	0.979	0.671	2.342	2.277	2.537	1.076	0.978	0.895	0.833	2.374	2.082	2.147	1.026	1.142	0.816	0.799
10.17268	0.816	0.653	1.141	1.173	1.14	1.108	2.439	2.601	0.979	0.459	1.205	1.063	1.13	1.27	2.764	2.992	0.751	0.685	1.27	1.206	1.173	0.914	2.764	3.187	2.114	2.147	2.504	1.141	0.748	0.882	0.574	2.147	2.472	2.342	0.979	1.011	0.895	0.768	2.438	2.309	2.049	0.961	1.044	0.914	0.799
10.33934	0.822	0.498	1.212	1.115	1.244	1.049	2.447	2.673	1.018	0.563	1.407	1.136	1.137	1.277	2.74	2.903	0.693	0.659	1.277	1.052	1.311	0.888	3.065	3.521	2.122	2.154	2.545	1.051	0.658	0.921	0.516	2.35	2.545	2.285	0.922	0.986	0.708	0.776	2.446	2.187	1.992	1.034	1.02	0.856	0.806
10.50606	0.945	0.556	1.335	1.173	1.238	1.108	2.504	2.861	1.108	0.556	1.205	1.161	1.227	1.238	2.667	2.959	0.751	0.75	1.368	1.141	1.206	0.881	3.089	3.901	2.114	2.082	2.504	1.173	0.748	1.011	0.671	2.439	2.472	2.472	0.882	0.913	0.83	0.736	2.276	2.309	2.147	0.929	1.012	0.816	0.864
10.67272	0.913	0.459	1.206	0.978	1.238	1.108	2.602	2.893	1.011	0.621	1.205	1.031	1.227	1.238	2.861	3.251	0.849	0.685	1.335	1.206	1.108	1.011	3.154	3.674	2.017	2.341	2.601	1.076	0.65	1.076	0.574	2.244	2.926	2.342	0.817	0.913	0.895	0.833	2.536	2.277	2.179	1.026	1.044	0.914	0.864
10.83927	1.017	0.465	1.245	1.083	1.244	1.049	2.837	2.966	0.986	0.66	1.31	1.266	1.299	1.277	3.162	3.585	0.888	1.082	1.342	1.15	1.311	0.888	3.357	3.813	2.317	2.187	2.61	1.148	0.56	1.084	0.711	2.35	2.578	2.545	0.987	0.986	0.903	0.873	2.641	2.382	2.35	1.067	1.215	0.953	0.774
11.00604	1.013	0.558	1.208	1.013	1.305	1.142	2.929	3.156	0.981	0.656	1.467	1.131	1.164	1.272	3.027	3.482	0.884	0.753	1.337	1.047	1.371	1.046	3.546	4.196	2.247	2.441	2.701	1.176	0.75	1.111	0.706	2.442	2.702	2.637	0.982	1.078	1.028	0.771	2.733	2.507	2.182	0.964	1.112	0.948	0.866
11.17281	0.913	0.686	1.206	1.205	1.335	1.108	3.024	3.056	1.076	0.556	1.368	1.128	1.292	1.53	3.64	3.543	0.784	0.88	1.335	1.206	1.206	1.011	3.771	3.998	2.309	2.374	2.893	1.173	0.748	1.076	0.704	2.504	3.089	2.829	1.011	0.913	1.187	0.833	2.925	2.407	2.277	1.059	1.044	0.914	0.766
11.33934	1.031	0.545	1.194	1.096	1.324	1.226	3.107	3.237	1.096	0.74	1.291	1.246	1.28	1.42	3.528	3.755	0.772	0.772	1.323	1.128	1.258	0.999	3.788	4.014	2.49	2.523	2.782	1.128	0.703	1.064	0.595	2.523	2.815	2.814	0.869	0.966	0.914	0.821	2.75	2.458	2.328	1.013	0.998	0.934	0.948
11.5061	1.038	0.682	1.201	1.168	1.298	1.233	3.375	3.375	1.006	0.747	1.46	1.156	1.352	1.363	3.764	4.089	0.747	0.843	1.428	1.201	1.201	0.876	3.797	4.316	2.433	2.563	2.92	1.168	0.808	1.104	0.667	2.499	2.888	2.823	1.006	1.071	0.793	0.828	2.952	2.596	2.434	1.021	1.201	1.103	0.858
11.67288	0.895	0.766	1.285	1.089	1.187	1.155	3.52	3.488	1.056	0.733	1.284	1.142	1.338	1.251	3.908	3.778	0.863	0.927	1.414	1.12	1.348	0.927	3.941	4.393	2.515	2.644	2.903	1.023	0.696	1.153	0.75	2.774	3.163	2.741	1.055	0.894	1.004	1.105	2.839	2.677	2.514	1.005	1.119	0.927	0.875
11.8394	0.837	0.675	1.227	1.193	1.194	1.097	3.658	3.561	0.901	0.805	1.356	1.246	1.15	1.323	3.917	4.176	0.837	0.934	1.323	1.193	1.388	0.999	4.145	4.987	2.685	2.815	2.814	1.128	0.833	1.096	0.757	2.912	3.204	2.912	1.16	0.901	0.882	0.95	3.042	2.88	2.328	1.143	1.03	0.934	0.98
12.00617	0.837	0.74	1.227	1.193	1.421	1.162	3.853	3.853	1.161	0.708	1.453	1.051	1.345	1.323	4.047	4.338	0.772	1.031	1.421	1.322	1.55	1.031	4.177	4.987	2.588	2.944	3.268	1.16	0.735	1.193	0.692	2.782	3.269	2.944	1.063	0.966	1.077	0.95	3.236	2.783	2.458	1.013	0.998	0.934	0.948
12.17281	0.925	0.763	1.315	1.184	1.314	1.218	3.906	3.875	0.989	0.796	1.346	1.107	1.433	1.346	4.326	4.682	0.86	1.022	1.346	1.085	1.378	1.022	4.424	4.94	2.771	2.804	3.159	1.15	0.726	1.054	0.747	2.901	3.289	2.932	0.955	0.989	0.969	0.908	3.128	2.966	2.609	1.1	1.019	0.925	0.873
12.33946	0.92	0.824	1.278	1.147	1.375	1.213	4.159	4.063	0.951	0.727	1.374	1.167	1.428	1.406	4.514	4.675	0.759	1.115	1.504	1.273	1.438	1.017	4.45	5.29	2.895	2.928	3.348	1.144	0.624	1.146	0.839	2.992	3.543	3.088	0.95	1.081	1.06	0.935	3.381	3.155	2.701	1.094	1.272	0.985	1.126
12.50629	0.881	0.882	1.206	1.075	1.465	1.207	4.214	4.346	1.073	0.882	1.528	1.321	1.356	1.399	4.633	4.826	0.849	1.108	1.593	1.265	1.463	1.01	4.926	5.635	2.984	3.178	3.436	1.137	0.714	1.235	0.929	3.178	3.437	3.273	0.878	0.879	0.988	1.025	3.308	3.211	2.628	1.087	1.004	0.977	0.957
12.6729	0.983	0.854	1.373	1.08	1.469	1.017	4.415	4.384	0.949	0.886	1.469	1.164	1.458	1.404	4.996	5.157	0.756	1.048	1.534	1.174	1.436	1.177	5.03	5.869	2.99	3.184	3.377	1.142	0.783	1.079	0.837	3.152	3.928	3.247	0.98	0.949	1.058	0.9	3.314	3.217	2.698	1.027	1.107	0.885	0.93
12.83958	0.92	0.856	1.472	1.147	1.569	1.149	4.645	4.678	1.178	0.888	1.633	1.167	1.557	1.438	5.097	5.258	0.823	1.212	1.536	1.176	1.632	1.017	5.098	5.97	3.252	3.414	3.477	1.112	0.786	1.178	0.839	3.349	3.64	3.38	1.047	1.049	1.093	1.097	3.381	3.317	2.798	0.933	0.916	0.887	1.062
13.00625	0.893	0.958	1.38	1.216	1.671	1.088	4.845	5.106	1.053	0.925	1.67	1.236	1.627	1.508	5.103	5.167	0.958	1.249	1.606	1.214	1.735	0.892	5.363	6.56	3.095	3.581	3.548	1.247	0.888	1.378	0.78	3.452	3.937	3.451	0.988	1.054	1.098	0.94	3.581	3.517	2.836	1.003	1.181	1.022	1.067
13.17288	0.997	0.965	1.516	1.191	1.71	1.257	4.985	4.92	1.061	0.9	1.677	1.276	1.732	1.353	5.535	5.988	0.835	1.321	1.613	1.287	1.645	1.224	5.827	6.799	3.363	3.622	3.881	1.222	0.798	1.191	0.884	3.655	4.076	3.589	1.093	0.996	1.171	1.013	3.784	3.72	2.747	1.043	1.092	0.997	0.978
13.33965	0.918	1.145	1.502	1.177	1.599	1.244	5.451	5.096	1.143	1.016	1.533	1.132	1.652	1.533	5.708	5.966	0.951	1.307	1.728	1.303	1.759	1.112	5.742	6.872	3.378	3.605	3.766	1.142	0.718	1.337	1.064	3.572	4.155	3.83	0.98	0.981	1.187	0.933	3.832	3.67	2.989	1.189	1.075	1.209	1.059
13.50631	0.881	1.076	1.465	1.204	1.724	1.11	5.541	5.284	1.138	1.076	1.658	1.224	1.809	1.334	5.992	6.444	1.011	1.528	1.723	1.298	1.722	1.172	5.897	7.058	3.631	3.89	4.18	1.104	0.811	1.332	0.962	3.728	4.148	3.629	0.845	1.074	1.182	1.025	3.858	3.891	2.983	1.022	1.102	1.107	1.054
13.67294	0.906	1.166	1.523	1.198	1.75	1.133	5.903	5.546	1.004	1.036	1.685	1.251	1.836	1.458	6.584	6.519	0.874	1.522	1.847	1.328	1.588	1.134	6.26	7.492	3.858	4.215	4.215	1.068	0.805	1.361	0.989	3.858	4.572	3.988	1.068	1.101	1.212	1.02	4.15	4.021	3.307	1.116	1.133	1.133	1.083
13.83968	1.031	1.259	1.519	1.226	1.81	1.162	5.896	5.799	1.161	1.226	1.712	1.343	1.961	1.55	6.673	6.9	0.967	1.615	1.907	1.29	1.842	1.129	6.35	7.613	3.593	4.371	4.144	1.16	0.833	1.356	0.951	3.885	4.469	4.144	0.901	1.193	1.109	1.145	4.241	4.112	3.301	1.046	1.095	1.031	0.948
14.00632	0.925	1.347	1.606	1.378	1.93	1.25	6.173	5.818	1.151	1.087	1.864	1.236	2.016	1.411	6.82	7.079	0.958	1.702	1.8	1.409	1.864	1.281	6.659	8.05	3.646	4.585	4.293	1.247	0.92	1.54	1.039	4.132	4.812	4.066	1.053	1.151	1.098	1.037	4.359	4.456	3.289	1.1	1.116	1.087	1.035
14.17294	0.895	1.446	1.674	1.316	2.03	1.155	6.566	6.243	1.153	1.284	1.802	1.336	1.953	1.543	7.343	7.374	0.96	1.834	1.932	1.411	2.029	1.284	7.116	8.541	3.779	4.491	4.264	1.217	0.89	1.542	0.944	4.232	4.815	4.231	1.055	1.088	1.198	1.008	4.524	4.459	3.584	1.135	1.022	1.089	1.07
14.33972	1.096	1.583	1.81	1.323	1.94	1.226	6.868	6.447	1.258	1.291	1.972	1.376	2.026	1.647	7.354	7.614	0.87	2.004	2.004	1.42	2.069	1.323	7.225	8.846	4.177	4.663	4.501	1.16	0.8	1.485	0.984	4.469	4.922	4.436	1.096	0.998	1.368	1.048	4.63	4.599	3.333	1.046	1.095	1.129	1.045
14.50647	0.913	1.498	1.725	1.433	2.211	1.432	7.341	6.756	1.076	1.336	1.919	1.388	2.071	1.562	7.861	8.413	0.946	1.854	2.049	1.628	2.05	1.206	7.764	9.322	4.354	4.971	4.809	1.27	0.975	1.661	0.964	4.387	5.231	4.582	1.011	1.108	1.22	1.125	4.808	4.679	3.77	1.059	1.109	1.141	0.993
14.67303	0.886	1.631	1.761	1.403	2.117	1.244	7.555	6.683	1.143	1.372	2.051	1.52	2.235	1.598	8.201	8.459	0.951	1.922	2.019	1.497	2.115	1.371	8.202	9.527	4.317	5.062	4.737	1.207	1.01	1.661	1.031	4.608	5.223	4.542	0.883	1.046	1.187	1.095	4.9	4.771	3.669	1.092	1.172	1.112	1.059
14.83979	1.006	1.752	1.882	1.493	2.434	1.363	7.95	7.399	1.168	1.428	2.077	1.545	2.358	1.72	8.696	8.794	0.974	2.109	2.142	1.525	2.142	1.396	8.47	9.703	4.38	5.094	4.997	1.168	0.84	1.493	1.056	4.867	5.517	4.835	0.909	1.071	1.182	1.217	5.191	4.997	3.861	1.118	1.104	1.039	0.956
15.00644	1.038	1.817	2.012	1.59	2.336	1.33	8.34	7.658	1.071	1.525	2.271	1.448	2.39	1.622	9.183	9.021	0.974	2.206	2.174	1.59	2.272	1.396	8.827	10.06	4.543	5.678	5.062	1.168	0.808	1.558	1.056	4.932	5.841	4.835	1.006	1.071	1.279	1.055	5.419	5.354	3.861	1.118	1.104	1.039	1.15
15.17317	0.945	2.017	1.952	1.498	2.439	1.53	8.543	8.088	1.173	1.595	2.309	1.453	2.461	1.757	9.614	9.03	0.881	2.244	2.179	1.531	2.472	1.336	8.965	10.978	4.841	5.588	5.263	1.238	0.942	1.596	0.964	5.134	5.978	5.069	0.979	1.076	1.317	1.158	5.295	5.426	3.965	0.929	1.207	1.141	1.091
15.33975	0.952	2.089	2.025	1.44	2.544	1.374	9.042	7.871	1.083	1.635	2.284	1.46	2.404	1.732	9.985	9.953	0.986	2.446	2.447	1.637	2.448	1.44	9.79	11.383	5.046	5.955	5.501	1.148	0.95	1.701	1.166	5.306	6.281	5.079	1.182	1.18	1.326	1.23	5.63	5.858	4.007	1.229	1.15	1.246	1.196
15.50648	1.11	2.409	2.052	1.533	2.636	1.467	9.456	8.319	1.338	1.793	2.377	1.553	2.691	1.727	10.885	10.528	1.078	2.571	2.442	1.794	2.637	1.436	10.333	11.99	4.877	6.143	5.689	1.143	0.945	1.761	1.291	5.397	6.469	5.332	1.014	1.078	1.32	1.355	5.786	5.949	4.293	1.126	1.112	1.208	1.093
15.67315	1.101	2.399	2.107	1.62	2.723	1.653	9.99	8.985	1.198	1.847	2.496	1.575	2.777	1.944	11.158	10.963	0.972	2.625	2.528	1.685	2.626	1.523	10.736	12.456	5.513	6.162	5.74	1.23	0.838	1.847	1.151	5.61	6.584	5.513	0.971	1.198	1.374	1.215	5.999	6.422	4.377	1.213	1.198	1.296	1.18
15.83988	1.036	2.593	2.204	1.685	2.82	1.425	10.672	9.114	1.004	1.847	2.399	1.575	2.777	1.847	11.871	11.158	0.972	2.852	2.561	1.62	2.626	1.426	11.028	12.748	5.902	6.81	5.967	1.133	0.935	1.977	1.183	5.773	6.778	5.643	1.068	1.166	1.374	1.312	6.453	6.519	4.442	1.148	1.198	1.231	1.148
16.00648	0.925	2.578	2.384	1.702	2.934	1.347	11.195	9.77	1.151	1.994	2.577	1.528	2.955	1.832	12.295	11.485	1.022	3.031	2.804	1.862	2.868	1.605	12.102	12.942	5.817	6.983	6.399	1.214	0.823	1.864	1.168	5.978	6.95	5.977	0.955	0.989	1.293	1.199	6.432	6.756	4.52	1.003	1.116	1.281	1.132
16.17329	0.939	2.983	2.399	1.685	2.95	1.653	12.099	10.12	1.101	2.139	2.658	1.673	2.874	1.814	13.331	12.131	0.972	3.144	2.755	1.815	2.885	1.685	12.553	13.851	5.805	7.297	6.453	1.165	0.838	2.042	1.248	6.097	7.362	6.032	1.068	1.003	1.406	1.442	7.102	7.038	4.767	1.213	1.101	1.231	1.18
16.33991	0.927	2.969	2.419	1.802	3.034	1.544	12.722	10.423	1.153	2.191	2.871	1.563	3.055	1.834	14.115	12.753	0.928	3.228	2.839	1.703	2.871	1.608	13.176	15.151	6.079	7.31	6.629	1.217	0.89	2.028	1.268	6.63	7.732	5.884	0.99	1.186	1.36	1.396	7.019	7.246	4.815	1.102	1.086	1.316	1.134
16.50667	1.036	3.177	2.626	1.782	3.21	1.653	13.299	10.963	1.166	2.431	2.885	1.673	3.361	1.944	15.018	13.267	1.134	3.436	3.015	1.815	3.08	1.588	13.916	15.7	6.421	7.589	7.232	1.327	0.838	2.139	1.346	6.973	7.946	6.616	1.295	1.166	1.666	1.215	7.491	7.817	5.123	1.116	1.23	1.231	1.245
16.67325	1.191	3.396	2.618	1.807	3.266	1.711	14.159	11.209	1.255	2.423	2.942	1.665	3.352	1.937	16.103	13.315	1.127	3.72	3.136	2.0	3.266	1.71	14.969	15.13	6.767	8.291	7.026	1.319	0.83	2.131	1.338	6.929	8.323	6.669	0.996	1.093	1.463	1.337	7.415	7.902	5.243	1.14	1.027	1.288	1.269
16.83994	0.992	3.65	2.71	1.899	3.358	1.803	15.12	12.01	1.088	2.613	3.001	1.757	3.444	1.996	17.128	14.244	1.057	3.811	3.228	1.962	3.422	1.672	15.865	16.868	6.565	8.671	7.472	1.249	0.955	1.963	1.43	7.213	8.671	6.597	0.99	1.153	1.49	1.396	8.315	8.542	5.463	1.102	1.184	1.575	1.264
17.00661	0.888	3.673	2.605	1.859	3.706	1.731	16.139	11.64	1.146	2.767	3.187	1.75	3.662	2.021	17.66	15.133	1.018	4.061	3.479	1.953	3.608	1.859	16.787	17.918	6.943	8.659	7.752	1.306	0.948	2.052	1.422	7.526	8.982	6.941	1.144	1.146	1.578	1.421	7.914	8.821	5.55	1.094	1.207	1.276	1.256
17.17328	1.022	3.971	2.935	1.994	3.744	1.801	17.253	13.172	1.151	2.999	3.257	1.819	3.538	2.026	18.936	16.214	0.958	4.262	3.387	1.992	3.549	1.799	17.836	18.417	7.436	9.25	8.084	1.214	0.92	2.026	1.33	7.857	8.797	6.982	1.15	1.151	1.584	1.491	8.732	8.959	5.557	1.003	1.181	1.313	1.359
17.33993	1.029	4.271	2.845	2.002	3.915	1.743	18.114	13.544	1.288	3.007	3.46	1.827	3.968	2.131	19.831	16.557	1.127	4.498	3.59	2.13	3.817	1.775	18.86	18.08	7.934	9.425	8.063	1.157	0.928	2.163	1.532	8.161	10.203	7.609	1.158	1.158	1.593	1.596	8.517	9.264	5.989	1.043	1.222	1.386	1.334
17.50674	0.99	4.489	3.097	2.026	4.003	1.704	19.067	13.852	1.248	3.193	3.581	1.852	4.024	2.123	21.042	17.154	1.12	4.78	3.679	2.089	3.808	1.961	20.071	18.838	8.149	10.481	8.569	1.312	0.92	2.414	1.557	8.635	9.833	7.921	0.891	1.151	1.649	1.523	9.283	9.899	6.334	1.132	1.31	1.41	1.359
17.6734	1.025	4.46	3.034	2.029	4.071	1.9	20.305	13.89	1.186	3.228	3.552	2.049	4.124	2.191	22.118	18.553	1.122	5.042	3.876	2.221	3.908	1.996	20.888	20.433	8.412	10.68	8.833	1.249	0.825	2.223	1.657	8.769	10.518	7.925	1.088	1.153	1.587	1.591	9.546	10.292	6.176	1.038	1.216	1.413	1.329
17.83996	0.99	4.78	3.291	2.188	4.262	1.93	21.626	14.921	1.248	3.582	3.776	1.852	4.316	2.35	23.536	18.676	1.12	5.298	3.97	2.316	4.1	1.994	21.853	20.652	8.441	11.291	9.412	1.312	0.952	2.317	1.622	9.25	11.097	8.472	0.988	1.248	1.843	1.588	9.769	10.287	6.432	1.132	1.181	1.41	1.326
18.00685	1.069	5.079	3.495	2.103	4.433	1.912	22.604	16.236	1.163	3.656	3.849	2.122	4.323	2.297	25.091	18.235	1.004	5.531	4.238	2.195	4.398	1.844	23.25	22.729	8.893	11.157	9.668	1.226	0.933	2.489	1.601	9.41	11.059	8.373	1.064	1.26	1.756	1.599	10.349	11.028	6.887	1.111	1.255	1.649	1.499
18.17344	0.985	5.454	3.415	2.215	4.418	1.958	23.393	16.206	1.178	3.965	4.029	1.911	4.569	2.41	26.759	21.059	1.018	5.875	4.094	2.277	4.547	2.183	24.526	23.293	9.501	12.318	9.921	1.209	0.948	2.441	1.714	9.987	12.123	8.755	0.95	1.146	1.87	1.68	10.57	11.897	6.748	1.127	1.175	1.6	1.45
18.34006	0.918	5.904	3.509	2.472	4.739	2.053	24.583	17.722	1.24	4.091	4.123	2.006	4.663	2.407	28.013	21.343	1.112	6.13	4.479	2.371	4.543	1.986	26.007	23.997	10.047	11.763	10.208	1.207	0.945	2.632	1.743	10.63	12.054	9.042	0.98	1.176	1.835	1.677	11.569	12.152	7.295	1.254	1.107	1.468	1.512
18.5068	1.029	6.216	3.753	2.423	4.985	2.067	25.765	18.471	1.158	4.271	4.303	2.054	4.844	2.358	29.525	22.652	0.932	6.54	4.628	2.584	4.66	2.164	27.904	24.402	9.976	12.959	10.235	1.222	0.96	2.65	1.824	11.37	12.797	9.587	1.093	1.353	1.852	1.693	11.5	12.668	7.48	1.108	1.124	1.58	1.432
18.67351	0.997	6.394	3.875	2.353	5.038	2.098	27.687	18.578	1.22	4.422	4.325	2.017	5.122	2.418	30.366	22.997	0.932	6.878	4.649	2.444	4.905	2.256	28.914	26.098	10.69	13.857	10.947	1.186	1.087	2.416	1.722	11.304	13.338	10.17	0.927	1.156	1.747	1.656	12.08	13.469	7.522	1.103	1.246	1.48	1.49
18.84016	1.015	6.778	3.93	2.504	5.419	2.118	28.824	19.534	1.176	4.706	4.641	2.233	5.116	2.731	31.477	24.807	1.112	7.036	4.868	2.501	5.288	2.277	30.086	27.364	11.018	13.835	11.341	1.401	0.945	2.632	1.841	11.827	13.543	9.916	1.077	1.176	1.835	1.774	12.766	13.9	7.748	1.286	1.172	1.565	1.609
19.00683	1.087	7.016	4.004	2.512	5.364	2.254	30.276	19.651	1.183	5.007	4.748	2.338	5.644	2.512	32.575	26.03	1.217	7.631	5.007	2.575	5.298	2.253	31.506	28.719	12.134	14.628	11.841	1.214	1.147	2.706	2.011	11.81	14.757	10.901	0.988	1.183	1.94	1.783	13.721	14.531	8.278	1.1	1.116	1.605	1.521
19.17358	1.119	7.599	4.133	2.609	5.526	2.319	31.507	20.979	1.151	5.299	4.877	2.241	5.741	2.609	33.514	28.136	1.12	8.019	5.363	2.769	5.493	2.447	32.77	30.176	11.615	15.406	12.457	1.409	1.05	2.803	2.011	12.717	15.049	11.128	1.085	1.183	1.973	1.815	13.818	14.531	8.634	1.132	1.213	1.605	1.553
19.34025	0.999	8.101	4.21	2.718	5.896	2.426	32.355	21.817	1.258	5.507	5.182	2.316	5.949	2.75	34.527	27.75	1.129	8.327	5.474	2.814	5.733	2.458	33.685	33.749	12.413	15.493	12.964	1.16	1.06	2.75	1.924	13.645	15.072	11.375	0.998	1.161	1.984	1.891	14.812	15.461	8.911	1.143	1.095	1.615	1.564
19.50686	1.096	8.457	4.404	2.815	5.993	2.426	33.49	23.406	1.193	5.798	5.279	2.251	6.144	2.75	35.079	30.214	1.129	9.105	5.668	2.782	5.798	2.491	34.593	34.203	13.223	16.952	13.029	1.355	0.962	2.75	1.957	13.645	16.596	11.991	1.063	1.161	2.147	1.826	14.066	15.753	9.397	1.208	1.192	1.68	1.629
19.6737	1.015	8.882	4.48	2.763	6.455	2.312	34.554	23.937	1.24	6.098	5.547	2.297	6.346	2.893	35.653	30.537	1.145	9.205	5.969	2.954	6.421	2.666	35.362	34.939	14.709	16.845	13.931	1.401	0.913	3.021	2.197	14.514	17.298	12.117	1.045	1.079	2.029	2.098	15.55	16.91	9.593	1.124	1.302	1.662	1.804
19.8403	1.103	9.248	4.77	2.888	6.392	2.531	35.143	24.532	1.266	6.49	5.581	2.486	6.641	2.855	36.278	31.865	1.039	9.832	6.198	3.083	6.425	2.596	36.214	36.668	14.115	17.977	14.569	1.33	1.067	3.051	2.062	15.219	17.068	13.142	1.266	1.168	2.188	2.029	16.419	17.555	9.605	1.281	1.298	1.785	1.637
20.00696	1.089	9.903	4.849	2.936	6.955	2.548	35.891	27.369	1.186	6.89	5.885	2.34	6.879	3.001	36.149	33.718	1.122	10.583	6.468	3.096	6.63	2.58	36.506	38.189	14.958	18.619	14.827	1.347	1.052	3.13	2.143	15.606	18.327	12.85	1.152	1.283	2.332	2.012	17.55	17.874	10.064	1.2	1.216	1.802	1.62
20.17364	1.08	10.63	5.096	2.99	6.94	2.603	36.237	27.012	1.273	7.393	6.13	2.751	7.155	3.022	36.592	35.199	1.015	11.374	6.584	3.181	6.971	2.666	36.722	39.633	15.227	18.658	15.549	1.304	1.042	3.118	2.294	16.521	19.143	14.254	1.142	1.24	2.158	2.098	18.173	18.982	10.629	1.124	1.269	1.791	1.739
20.34031	1.094	11.176	5.309	3.007	7.319	2.748	36.463	29.526	1.191	7.675	6.54	2.638	7.34	3.201	37.143	37.143	1.062	11.857	7.059	3.297	6.994	2.877	36.917	39.866	16.233	20.285	16.362	1.222	1.057	3.233	2.116	17.044	19.767	14.612	0.996	1.191	2.371	2.18	18.308	20.383	11.111	1.14	1.189	1.904	1.723
20.50695	0.999	11.765	5.345	3.139	7.322	2.945	36.636	30.086	1.193	8.198	6.576	2.673	7.765	3.236	37.348	38.483	1.161	12.931	7.16	3.203	7.582	2.977	36.927	37.381	17.406	21.654	16.79	1.322	0.962	3.496	2.443	18.314	21.298	15.104	1.193	1.452	2.438	2.183	19.255	21.071	11.245	1.11	1.192	1.874	1.759
20.67361	1.136	12.266	5.549	3.31	7.69	2.758	36.798	31.184	1.298	8.697	6.912	2.649	8.199	3.342	37.966	38.485	1.039	13.206	7.593	3.407	7.885	2.888	37.317	35.565	17.522	22.227	17.782	1.265	1.067	3.602	2.257	18.658	22.65	15.219	1.168	1.298	2.35	2.321	20.215	22.325	11.617	1.281	1.298	1.915	1.67
20.84027	1.201	13.466	5.971	3.407	7.918	2.888	37.284	34.137	1.298	9.281	7.074	3.071	8.199	3.277	38.322	36.084	1.169	14.667	7.463	3.407	7.821	3.018	38.031	34.948	18.593	22.909	18.463	1.362	1.067	3.505	2.451	19.826	22.974	15.933	1.103	1.298	2.285	2.321	20.832	22.325	11.649	1.216	1.331	2.012	1.864
21.00697	1.017	13.882	5.956	3.519	8.067	2.966	37.566	36.136	1.181	10.082	7.32	2.792	8.414	3.454	39.061	35.651	1.051	14.304	8.1	3.586	8.36	3.0	38.476	34.027	19.633	23.661	19.081	1.343	1.047	3.748	2.563	20.38	24.572	16.84	1.182	1.278	2.398	2.497	21.776	24.474	12.681	1.229	1.215	1.993	1.943
21.17371	1.205	15.23	6.14	3.413	8.25	2.99	37.793	35.26	1.206	10.198	7.763	2.946	8.856	3.38	39.708	34.709	1.141	15.684	8.347	3.674	8.705	3.186	38.735	33.476	20.684	26.365	19.255	1.368	1.072	3.738	2.619	20.132	25.132	17.6	1.076	1.27	2.356	2.489	22.177	24.905	12.698	1.156	1.142	2.017	1.935
21.3403	1.108	15.392	6.497	3.705	8.737	3.153	38.313	39.059	1.173	10.783	8.088	2.881	9.181	3.543	40.26	32.794	1.173	16.333	8.769	3.804	8.9	3.186	39.482	32.372	21.366	26.852	19.937	1.465	0.975	3.836	2.749	22.08	26.041	17.925	1.109	1.465	2.843	2.521	24.612	26.788	13.347	1.221	1.142	1.92	1.967
21.50699	1.11	16.729	6.598	3.643	8.806	2.993	38.681	38.453	1.273	11.307	8.481	3.079	9.77	3.545	40.175	33.259	1.143	17.833	8.903	3.904	9.099	3.384	40.077	32.057	22.737	28.776	21.47	1.37	1.14	4.066	2.72	21.763	27.056	18.711	1.111	1.273	2.651	2.686	25.009	27.283	13.774	1.126	1.112	2.02	1.97
21.67384	1.11	17.509	6.89	3.741	9.683	2.993	39.168	39.265	1.208	11.989	8.579	3.177	9.607	3.87	41.051	32.707	1.143	18.19	9.261	3.872	9.618	3.416	40.759	31.895	23.061	29.491	22.347	1.37	1.172	4.066	2.72	23.646	29.167	19.75	1.209	1.208	2.554	2.621	24.944	29.329	14.326	1.061	1.145	2.182	2.035
21.84047	1.103	17.944	7.074	3.926	9.54	3.245	39.75	38.615	1.103	12.299	8.761	3.135	9.984	3.829	41.697	32.32	1.071	19.696	9.54	4.024	9.767	3.602	41.211	30.827	24.272	31.086	23.59	1.525	1.165	4.219	2.808	25.018	29.691	20.508	1.103	1.363	2.642	2.872	27.679	29.561	14.797	1.151	1.233	2.272	2.124
22.00718	1.133	18.619	7.395	3.956	10.12	3.372	40.355	36.981	1.263	13.494	9.276	3.262	10.466	3.858	41.782	30.331	1.166	20.792	10.217	4.021	10.023	3.599	41.815	31.336	26.048	33.153	22.836	1.457	1.032	4.41	2.903	26.308	31.92	21.182	1.166	1.36	2.834	2.772	27.735	31.531	15.44	1.31	1.295	2.172	1.959
22.17381	1.096	19.612	7.388	4.112	10.727	3.464	41.11	33.523	1.193	14.553	9.559	3.483	11.17	3.917	42.504	30.474	1.226	22.497	10.597	4.306	10.954	3.69	42.472	31.122	26.713	32.711	24.767	1.517	1.157	4.339	2.929	26.486	32.939	21.913	1.258	1.29	2.86	2.669	30.895	32.128	15.785	1.11	1.127	2.264	2.115
22.34055	1.117	20.874	7.974	4.14	10.508	3.423	41.574	33.806	1.346	15.026	9.696	3.478	10.823	3.944	43.199	30.56	1.248	23.246	11.061	4.337	11.094	3.718	42.972	29.878	28.413	33.807	26.724	1.476	1.18	4.433	2.956	28.674	32.736	23.248	1.119	1.28	2.986	2.89	30.362	33.548	16.91	1.167	1.218	2.385	2.076
22.50721	1.147	22.394	7.872	4.526	11.153	3.518	41.952	33.862	1.408	15.8	10.309	3.572	11.728	4.234	43.674	30.29	1.278	24.18	11.283	4.788	11.999	4.039	43.544	31.07	28.827	33.862	27.495	1.473	1.275	4.625	3.148	30.354	32.823	24.962	1.182	1.31	2.885	2.725	32.4	33.635	17.196	1.164	1.215	2.48	2.236
22.67382	1.208	23.191	8.514	4.358	11.079	3.675	42.35	33.127	1.208	17.379	10.884	3.599	12.108	4.13	44.104	31.083	1.241	25.918	12.021	4.716	12.119	3.871	43.942	30.856	30.53	32.024	28.127	1.468	1.042	4.846	3.174	30.725	32.544	25.238	1.176	1.273	2.976	2.881	34.329	33.388	17.963	1.159	1.145	2.377	2.262
22.84047	1.154	24.919	8.534	4.568	12.012	3.721	42.898	31.941	1.351	17.248	10.94	3.581	12.848	4.373	44.752	29.766	1.188	27.162	12.078	4.929	12.339	3.984	44.59	30.157	30.999	32.267	30.122	1.546	1.348	5.123	3.157	33.6	32.008	25.897	1.19	1.416	3.252	3.026	33.437	32.885	19.068	1.237	1.126	2.586	2.18
23.00712	1.045	25.432	8.774	4.942	11.891	3.87	43.227	31.309	1.306	18.905	11.599	3.696	12.887	4.455	45.078	29.719	1.143	27.802	12.508	4.781	13.093	4.098	45.013	30.661	35.336	32.576	30.66	1.565	1.075	5.008	3.337	34.005	31.407	26.504	1.274	1.305	3.171	3.076	34.653	32.933	18.938	1.224	1.145	2.572	2.23
23.17384	1.133	27.4	9.14	4.78	12.817	3.931	44.001	32.086	1.364	20.631	12.037	3.824	13.329	4.681	45.695	29.715	1.297	29.483	12.884	5.208	13.341	4.357	45.565	30.269	34.138	32.316	31.275	1.56	1.263	5.173	3.367	34.237	31.862	27.566	1.138	1.396	3.105	3.432	35.635	33.032	19.915	1.153	1.239	2.502	2.389
23.34064	1.173	28.631	9.283	5.18	13.256	4.004	44.397	31.104	1.437	21.303	11.987	3.898	13.67	4.528	46.06	29.743	1.207	30.259	13.257	5.251	13.845	4.562	46.027	29.875	36.351	32.019	31.174	1.568	1.401	5.379	3.506	36.059	30.816	28.44	1.048	1.208	3.375	3.246	33.224	31.889	21.467	1.161	1.182	2.51	2.268
23.50727	1.194	29.821	9.288	5.047	13.498	4.259	44.74	30.47	1.362	22.608	12.913	4.22	14.763	4.818	46.864	29.436	1.229	34.097	13.761	5.84	14.123	4.592	46.602	31.429	36.35	31.813	32.664	1.625	1.392	5.77	3.828	35.601	30.804	29.141	1.17	1.328	3.437	3.339	32.758	32.597	21.532	1.185	1.176	2.731	2.621
23.67402	1.201	31.416	10.052	5.319	14.036	4.235	45.17	30.007	1.37	23.578	13.189	4.131	14.878	5.023	47.133	29.399	1.203	34.454	14.234	5.59	15.087	4.699	47.099	30.021	37.46	31.384	31.713	1.666	1.302	5.618	3.903	35.796	31.714	30.247	1.243	1.434	3.741	3.381	32.036	32.528	22.73	1.193	1.086	2.74	2.597
23.84056	1.173	33.037	10.518	5.554	14.472	4.273	46.143	30.908	1.343	24.574	13.331	4.268	15.445	5.063	47.65	30.006	1.241	36.566	15.03	5.892	15.425	4.804	47.779	30.171	37.352	32.646	32.027	1.606	1.307	6.082	4.105	34.379	31.636	31.148	1.183	1.439	3.944	3.648	32.317	32.319	23.333	1.199	1.223	2.876	2.44
24.00728	1.271	34.246	10.812	5.456	15.093	4.404	46.47	30.646	1.375	26.698	14.572	4.366	16.098	5.389	48.107	29.221	1.339	37.285	15.454	5.99	16.308	4.902	48.269	30.628	36.077	32.351	31.602	1.508	1.405	6.115	4.138	34.902	32.028	29.678	1.183	1.635	3.813	3.583	32.644	32.712	23.987	1.297	1.223	2.941	2.701
24.17394	1.243	36.144	10.823	5.643	15.287	4.76	46.736	30.895	1.377	28.52	14.376	4.524	16.842	5.447	48.498	28.98	1.31	38.392	16.005	5.976	16.561	4.927	48.562	28.948	36.275	31.452	32.007	1.606	1.374	6.233	4.36	34.94	31.161	29.761	1.249	1.343	3.773	3.936	30.864	32.528	25.946	1.199	1.155	2.94	2.698
24.34063	1.138	38.327	11.265	5.731	15.889	4.75	47.478	29.955	1.369	29.861	15.532	4.612	17.215	5.209	48.913	28.724	1.27	40.182	16.964	6.062	17.031	5.113	49.107	29.507	35.559	30.967	32.239	1.598	1.301	6.743	4.252	34.029	31.099	29.929	1.241	1.401	3.958	4.024	31.683	31.587	26.149	1.256	1.244	2.996	2.656
24.50738	1.147	39.61	12.099	5.842	16.531	4.534	48.021	30.024	1.379	29.408	15.718	4.625	18.054	5.613	49.652	29.771	1.214	38.697	17.673	6.371	17.578	5.354	49.684	30.066	35.015	31.005	32.963	1.641	1.409	6.563	4.559	32.897	30.649	30.651	1.219	1.346	3.972	4.037	30.515	31.756	25.954	1.202	1.256	3.04	2.766
24.67395	1.178	38.979	12.811	6.002	16.981	4.76	48.137	29.265	1.377	32.397	16.168	4.817	18.863	5.545	50.16	29.404	1.277	38.327	17.895	6.53	18.354	5.318	50.257	29.828	35.363	30.572	32.105	1.834	1.406	7.472	4.751	32.985	31.259	30.445	1.249	1.506	4.262	4.392	31.712	32.43	26.565	1.166	1.188	3.135	2.795
24.84067	1.187	37.198	12.863	6.375	17.397	4.87	49.138	29.627	1.55	32.241	17.431	4.863	19.77	5.754	50.608	29.213	1.319	39.579	18.997	6.48	19.391	5.528	50.705	29.638	34.263	31.229	32.634	1.715	1.417	7.259	4.601	32.764	31.754	30.679	1.26	1.419	4.504	4.341	32.761	32.763	28.165	1.21	1.265	3.408	3.101
25.00729	1.373	38.067	12.811	6.523	18.35	5.281	49.441	29.885	1.54	35.591	17.309	5.143	19.71	5.936	50.942	29.501	1.407	38.229	19.427	6.921	19.722	5.612	51.267	29.046	34.711	31.256	31.03	1.801	1.406	7.569	4.881	33.278	31.617	30.445	1.151	1.506	4.555	4.425	33.08	32.137	27.543	1.101	1.188	3.363	2.893
25.17402	1.252	37.85	14.038	6.766	18.93	5.065	49.92	29.66	1.55	35.927	18.214	5.026	20.944	6.113	51.521	28.984	1.515	38.372	20.66	7.133	20.141	5.952	51.781	29.344	34.524	31.327	31.427	1.812	1.482	7.683	5.058	32.535	31.558	30.679	1.227	1.419	4.504	4.536	31.75	33.22	29.013	1.21	1.2	3.506	3.232
25.34088	1.257	36.73	14.146	6.839	19.53	5.267	50.373	29.938	1.392	38.461	18.619	5.163	22.1	6.25	51.942	29.721	1.39	37.024	21.457	7.435	21.199	5.959	52.332	30.766	35.621	31.705	31.675	1.818	1.389	7.855	5.163	33.665	32.524	30.96	1.363	1.456	4.772	4.837	33.597	32.163	27.53	1.183	1.107	3.316	3.238
25.50746	1.402	37.481	14.276	7.156	20.224	5.286	50.882	30.189	1.506	38.365	20.488	5.379	22.21	6.468	52.454	28.764	1.306	38.233	22.089	7.46	22.256	6.013	52.616	29.91	34.704	31.959	32.419	1.965	1.536	8.109	5.314	33.333	31.374	31.116	1.281	1.537	4.826	4.759	33.167	32.94	28.889	1.133	1.223	3.628	3.028
25.67414	1.299	37.067	14.984	7.213	20.929	5.476	51.442	30.073	1.501	38.637	20.082	5.373	23.338	6.591	52.751	29.399	1.432	36.512	22.368	7.746	23.221	5.908	53.077	30.021	35.566	32.038	31.681	1.862	1.628	8.198	5.601	33.313	32.139	31.227	1.243	1.467	4.917	5.047	33.572	32.92	29.198	1.226	1.217	3.687	3.185
25.84075	1.387	35.816	14.995	7.067	21.554	5.659	51.711	29.351	1.49	37.547	20.642	5.522	24.319	6.74	53.28	29.166	1.487	36.469	23.775	7.99	24.169	6.383	53.344	30.375	34.349	32.032	33.437	2.112	1.52	8.638	6.109	34.513	31.708	31.677	1.265	1.554	5.099	5.033	33.532	32.261	28.835	1.346	1.303	3.773	3.368
26.00754	1.257	36.502	16.594	7.492	22.37	5.887	52.233	30.167	1.458	37.547	21.556	5.848	24.515	6.936	53.573	30.275	1.39	36.403	24.623	8.153	24.756	6.383	53.931	30.212	35.262	31.901	32.523	1.851	1.585	9.16	5.554	34.937	32.622	31.645	1.233	1.456	5.392	5.13	34.119	33.109	30.565	1.346	1.205	3.903	3.532
26.17407	1.362	37.383	15.926	8.091	23.208	5.93	52.374	29.998	1.563	37.09	22.786	5.761	25.584	7.273	53.945	29.651	1.397	36.501	25.496	8.46	26.218	6.59	54.27	29.783	35.098	30.656	33.043	1.859	1.528	9.664	6.185	33.564	32.39	32.556	1.339	1.562	5.371	5.533	33.235	32.911	29.287	1.289	1.181	4.01	3.541
26.34091	1.292	36.055	17.318	7.789	23.846	6.282	53.129	30.502	1.591	37.264	24.044	5.95	26.841	7.233	54.111	29.567	1.49	35.827	25.153	8.679	26.592	6.452	54.86	30.123	35.926	32.433	31.978	2.017	1.686	9.72	6.472	34.817	33.317	32.308	1.235	1.557	5.592	5.787	33.705	32.858	29.138	1.185	1.208	3.874	3.633
26.50755	1.285	36.024	17.202	7.973	25.323	6.207	53.182	30.442	1.648	37.427	24.934	6.07	26.815	7.385	54.685	30.061	1.482	34.588	27.119	9.057	27.97	6.963	55.173	29.149	33.937	31.621	32.927	1.91	1.678	9.999	6.558	33.807	31.786	31.038	1.423	1.549	5.972	5.972	34.001	33.318	30.057	1.275	1.2	4.191	3.558
26.67421	1.292	34.521	18.656	8.116	25.086	6.315	53.749	30.241	1.689	38.015	24.86	6.178	28.147	7.494	55.09	29.926	1.49	35.892	27.046	9.136	27.506	6.942	55.513	29.96	34.392	32.107	32.631	2.114	1.62	10.634	6.864	33.446	32.077	31.851	1.333	1.622	5.657	5.885	33.835	33.25	30.019	1.283	1.208	4.2	3.633
26.84082	1.46	35.26	18.734	8.385	25.821	6.485	54.203	29.704	1.563	37.417	25.986	6.447	28.458	7.763	55.447	29.683	1.495	35.75	28.729	9.766	28.406	7.178	56.001	30.012	34.804	31.179	32.945	2.022	1.822	10.741	6.773	34.25	32.684	31.87	1.273	1.529	6.155	6.219	33.431	33.237	30.005	1.125	1.214	4.304	3.737
27.0075	1.474	36.402	19.133	8.704	26.36	6.571	54.588	30.674	1.677	36.436	27.115	6.502	28.871	8.016	55.834	29.184	1.543	35.617	29.6	9.664	29.866	7.201	56.683	30.559	34.866	31.988	33.136	2.137	1.838	10.672	7.091	34.116	32.548	32.06	1.388	1.578	6.113	6.503	34.309	32.937	30.094	1.24	1.297	4.618	3.953
27.17433	1.573	34.832	20.408	9.064	27.668	6.866	55.242	30.478	1.612	36.338	27.769	6.796	28.871	8.016	56.423	29.544	1.543	33.72	30.025	9.991	29.375	7.332	56.781	29.775	34.343	31.105	33.234	2.17	1.936	10.836	7.385	33.233	31.697	31.537	1.453	1.774	6.669	6.634	33.131	34.115	30.486	1.37	1.297	4.618	3.953
27.34089	1.51	35.203	20.415	8.872	28.102	6.836	55.519	29.702	1.516	35.4	28.236	6.669	29.469	8.118	56.667	29.553	1.545	35.137	30.394	10.323	29.973	7.794	57.32	30.667	36.512	32.391	31.968	2.238	1.906	11.855	7.52	34.747	31.903	32.725	1.39	1.744	6.673	6.703	33.501	33.7	31.412	1.21	1.333	4.687	4.055
27.50763	1.376	35.814	21.161	9.064	28.42	7.029	55.961	29.202	1.481	35.979	29.633	6.796	29.427	8.408	56.979	30.165	1.51	35.192	31.072	10.58	29.866	7.888	57.5	30.559	36.502	31.792	32.253	2.333	1.936	11.948	7.908	35.686	31.567	32.976	1.453	1.545	6.767	6.797	34.276	33.788	30.683	1.305	1.232	4.814	4.28
27.67438	1.484	34.939	21.876	9.572	28.947	7.044	56.285	29.532	1.622	34.876	29.375	7.237	30.413	8.654	57.533	29.647	1.553	34.481	30.259	10.895	30.787	8.101	57.957	30.631	35.17	31.864	33.373	2.28	1.849	12.459	8.023	34.942	32.653	32.526	1.464	1.752	6.914	7.108	33.237	33.861	30.59	1.414	1.309	4.991	4.261
27.84089	1.404	34.746	23.141	9.774	29.024	7.382	57.074	29.806	1.607	33.963	29.713	7.181	30.52	8.923	57.83	29.394	1.636	34.975	31.184	10.962	31.318	8.207	58.253	30.181	36.317	32.296	33.083	2.36	1.832	13.212	8.26	33.932	33.182	33.054	1.448	1.769	7.445	7.215	33.994	33.866	29.585	1.201	1.291	5.167	4.339
28.00772	1.384	34.143	23.44	10.059	30.05	7.4	57.873	29.949	1.62	34.996	29.268	7.495	30.764	9.141	58.335	29.932	1.648	34.471	30.707	11.315	31.399	8.326	58.857	28.887	34.407	32.639	33.264	2.473	1.912	13.567	8.805	35.325	33.167	31.567	1.461	1.847	7.172	7.693	33.62	34.604	31.3	1.313	1.24	5.577	4.683
28.17437	1.622	34.545	24.027	10.503	30.12	7.611	58.199	30.476	1.63	34.645	29.959	7.543	30.703	9.223	58.727	29.478	1.626	34.708	31.138	11.401	31.438	8.735	59.282	29.513	35.595	33.334	33.206	2.452	2.021	14.277	9.215	34.581	33.666	33.146	1.505	1.858	7.221	7.71	33.136	34.252	31.601	1.324	1.35	5.525	4.861
28.34103	1.678	34.536	24.226	10.811	30.705	7.695	58.528	30.8	1.718	34.571	30.512	7.691	30.895	9.435	59.153	29.048	1.648	35.06	30.609	11.773	31.792	8.587	59.642	29.967	35.552	32.41	32.839	2.44	2.01	14.352	8.935	33.066	32.938	32.45	1.494	1.782	7.597	7.726	33.358	33.753	32.216	1.248	1.339	6.035	4.683
28.50771	1.786	34.25	26.222	10.732	29.301	7.906	58.723	29.821	1.63	34.153	29.959	7.936	30.9	9.682	59.579	29.085	1.658	34.25	32.252	12.319	31.929	8.735	60.003	30.136	34.055	32.188	32.617	2.583	2.054	14.768	9.313	34.089	33.6	33.178	1.571	1.792	8.073	8.528	33.693	33.859	31.568	1.259	1.219	5.886	4.861
28.67441	1.678	34.798	27.793	10.975	30.999	8.12	59.051	29.131	1.783	33.916	30.021	8.117	31.418	10.155	59.873	29.441	1.714	34.045	31.395	12.493	31.595	9.046	60.624	30.228	34.799	33.294	32.839	2.375	2.141	15.269	10.081	33.95	33.363	32.941	1.396	1.88	8.088	8.282	33.26	33.916	31.562	1.215	1.404	5.773	4.978
28.84104	1.62	34.731	27.852	11.317	30.897	8.328	59.558	29.747	1.726	34.634	30.638	8.358	31.512	10.136	60.218	29.796	1.656	33.945	31.26	12.706	32.476	9.026	61.1	29.438	34.503	33.815	32.181	2.58	2.215	15.876	10.095	34.014	32.215	32.022	1.568	1.855	8.756	9.179	33.257	34.537	32.967	1.321	1.216	6.144	5.087
29.00773	1.764	34.158	27.554	11.474	31.149	8.297	59.984	29.479	1.705	33.734	31.184	8.488	30.749	10.231	60.674	28.773	1.636	34.517	32.001	13.054	31.939	9.482	61.391	29.854	34.715	33.342	33.018	2.556	2.225	16.677	10.842	33.638	33.214	32.564	1.578	1.932	9.014	8.653	32.85	35.01	31.252	1.234	1.324	6.246	5.254
29.17437	1.582	34.055	27.998	11.602	31.991	8.844	60.344	30.907	1.786	34.385	31.208	8.612	31.231	10.552	61.199	29.778	1.716	34.677	31.928	13.284	31.31	9.737	61.754	29.911	33.828	32.649	33.471	2.672	2.209	16.846	10.511	33.077	33.079	31.871	1.464	1.85	9.075	8.876	31.371	34.876	31.67	1.316	1.211	6.235	5.243
29.34119	1.776	34.7	28.938	12.415	31.687	8.905	60.622	30.08	1.718	34.407	31.133	8.804	30.895	10.777	61.543	30.161	1.746	34.143	31.657	14.293	31.595	9.798	62.032	29.214	34.276	33.032	32.839	2.669	2.304	18.738	11.292	34.048	32.741	31.959	1.658	1.945	8.939	9.46	33.554	34.506	31.922	1.248	1.24	6.853	5.469
29.50788	1.608	35.006	28.921	12.339	31.341	8.996	61.014	30.029	1.778	34.648	30.984	8.992	31.563	11.16	61.836	29.128	1.709	34.221	31.801	14.216	33.735	9.986	62.423	29.784	34.092	33.961	33.113	2.827	2.299	18.201	10.955	32.752	33.048	32.267	1.489	1.973	9.617	9.876	33.076	34.485	31.804	1.21	1.333	6.911	5.527
29.67448	1.51	33.927	29.215	12.634	31.275	8.996	61.309	30.323	1.713	34.092	30.787	9.286	31.497	11.324	62.359	29.553	1.741	33.992	32.128	14.674	33.048	10.542	62.946	29.784	34.779	33.797	31.772	2.762	2.331	19.215	12.002	33.079	32.296	32.07	1.652	1.875	9.748	9.942	33.24	35.466	32.328	1.242	1.3	6.617	5.723
29.84118	1.6	34.191	29.384	13.305	31.835	9.278	61.651	28.956	1.803	33.702	30.955	8.979	31.468	11.669	62.7	28.871	1.603	33.962	31.772	15.146	33.116	10.887	63.287	29.821	33.473	33.44	32.102	2.949	2.323	19.391	11.856	32.297	33.378	32.4	1.742	1.965	10.289	10.712	33.014	35.533	31.971	1.234	1.389	7.325	5.941
30.00788	1.605	34.931	29.533	13.315	32.083	9.744	61.881	29.496	1.775	35.194	31.04	9.707	32.272	11.744	62.865	29.315	1.739	33.884	31.006	15.747	32.874	10.406	63.485	29.251	33.885	32.773	32.711	2.955	2.525	20.484	12.487	33.625	32.908	31.864	1.747	1.97	10.691	11.147	32.674	35.26	33.332	1.468	1.395	7.3	5.85
30.17454	1.684	34.13	28.808	13.469	31.974	9.873	62.301	30.47	1.754	34.098	31.388	9.573	33.076	11.803	63.218	28.457	1.914	34.913	31.616	15.926	32.468	11.087	63.772	29.862	33.673	32.988	32.468	3.094	2.502	21.928	13.196	33.773	34.329	31.687	1.725	1.949	10.847	11.01	32.367	35.469	32.892	1.348	1.306	7.66	6.016
30.34122	1.932	34.505	29.795	13.97	32.312	9.842	62.731	29.431	1.677	33.722	30.255	10.328	33.286	12.071	63.585	29.413	1.706	34.701	32.315	16.205	32.842	11.518	64.074	29.382	34.278	32.61	32.22	3.216	2.492	21.301	13.534	33.135	32.45	31.243	1.747	2.036	11.509	11.998	32.379	35.26	32.514	1.37	1.395	7.888	6.57
30.5078	1.689	34.966	29.871	14.329	31.928	10.175	63.217	29.998	1.857	34.706	31.505	10.562	32.41	12.401	63.938	29.553	1.789	34.28	32.452	17.016	33.206	11.554	64.296	29.13	33.4	33.302	31.867	3.231	2.671	23.021	14.187	33.891	33.337	32.523	1.633	2.019	11.445	11.869	33.072	35.099	32.846	1.289	1.279	8.256	6.383
30.67463	1.761	34.573	30.388	14.541	32.152	10.842	63.595	29.404	1.8	34.313	31.338	10.412	32.668	12.645	64.546	28.895	1.829	34.67	32.677	17.363	33.531	11.994	64.152	29.223	33.07	33.855	31.504	3.305	2.778	23.534	14.204	33.595	34.087	31.704	1.772	1.929	11.853	11.786	31.958	35.424	32.778	1.297	1.419	7.974	7.244
30.8413	1.782	34.619	30.734	15.134	32.92	10.689	63.999	29.882	1.885	33.674	32.008	10.552	31.868	13.239	65.731	29.044	1.784	35.108	32.53	18.048	33.48	12.393	64.392	28.883	33.902	34.098	31.456	3.224	2.795	25.094	14.632	33.152	32.827	32.144	1.855	2.144	12.153	12.576	32.073	35.078	31.945	1.218	1.306	8.15	7.06
31.00791	1.749	35.109	29.755	15.623	32.202	10.918	64.456	29.752	1.852	34.163	31.519	10.814	32.194	13.207	66.254	29.11	1.784	35.5	30.833	18.146	32.272	12.197	65.143	29.307	33.478	33.216	32.337	3.29	2.959	25.486	15.514	32.989	32.664	32.144	1.758	2.144	12.806	12.968	32.073	35.469	32.794	1.218	1.274	8.705	6.962
31.17469	1.772	33.763	30.208	15.372	31.968	11.128	65.495	29.031	1.939	33.829	31.448	11.088	32.057	13.708	66.997	29.529	1.806	34.284	32.002	19.293	33.211	12.96	66.474	29.465	33.274	33.046	31.743	3.505	2.849	25.844	15.849	33.112	33.179	30.833	1.812	2.134	13.208	13.599	31.969	35.623	33.928	1.37	1.555	9.112	7.24
31.34129	1.641	34.48	30.599	16.35	32.881	11.519	66.016	29.52	1.874	33.829	31.48	11.479	32.383	14.197	67.584	28.779	1.871	34.415	31.252	19.358	33.146	12.666	67.877	29.041	33.731	33.372	31.319	3.603	2.947	26.496	15.947	33.797	33.896	31.028	1.714	2.199	13.012	14.088	31.414	35.297	33.7	1.37	1.392	9.079	7.403
31.50797	1.739	34.154	30.827	17.133	33.011	11.291	66.343	29.324	1.939	35.036	31.676	11.479	32.938	14.229	67.877	29.203	1.806	35.002	32.1	19.814	33.244	13.155	68.496	29.27	33.046	33.633	31.841	3.701	2.849	27.703	16.566	32.004	33.798	31.42	1.909	2.297	12.882	14.61	32.262	35.036	33.145	1.37	1.36	9.405	7.403
31.67473	1.764	33.863	30.962	16.788	32.135	11.929	66.485	29.461	1.963	33.734	32.462	11.269	32.615	14.702	68.442	28.491	1.864	34.677	31.68	20.868	33.116	13.628	69.028	29.111	31.843	33.049	31.388	3.789	3.036	27.872	17.134	31.746	34.126	31.912	1.836	2.321	14.071	14.755	31.842	35.363	33.18	1.329	1.383	9.75	7.814
31.84129	1.626	34.907	31.26	17.226	32.953	11.98	66.822	29.141	1.955	33.996	32.075	11.971	32.911	15.206	68.419	28.724	1.954	34.842	31.358	21.107	32.89	13.514	69.46	29.67	32.498	33.996	30.773	3.942	3.124	29.343	18.19	32.108	33.119	31.589	1.827	2.182	14.021	15.552	31.325	35.332	32.434	1.354	1.375	9.965	8.192
32.00805	1.626	34.647	31.585	18.203	33.343	12.631	67.31	29.564	1.858	34.192	32.498	12.167	32.716	15.174	68.94	29.018	1.856	34.516	32.595	21.139	32.89	14.101	69.786	29.214	32.693	32.791	30.871	3.942	3.157	29.734	18.516	31.359	33.509	30.417	1.99	2.378	15.226	15.422	31.716	35.462	32.401	1.256	1.375	10.225	8.062
32.17475	1.767	34.134	30.971	18.62	32.34	12.227	67.741	29.828	1.934	33.32	32.439	12.285	32.331	15.327	69.373	29.185	1.866	34.655	32.732	21.528	32.8	14.546	70.285	29.349	31.853	33.515	31.039	4.053	3.234	30.162	19.227	33.19	32.474	31.531	2.034	2.291	16.032	16.163	30.581	35.374	32.473	1.365	1.484	10.733	8.503
32.34148	1.669	34.786	32.21	19.044	33.546	12.911	67.904	29.111	1.966	34.526	31.82	12.969	32.266	16.239	69.503	28.859	1.997	34.688	32.732	22.636	32.278	14.449	70.676	29.316	32.048	32.831	31.007	4.184	3.462	30.064	19.39	30.974	32.898	31.922	2.132	2.291	16.032	16.75	30.972	35.178	31.593	1.332	1.289	10.635	8.666
32.50814	1.817	34.984	32.38	19.329	33.486	12.817	68.283	29.319	1.95	33.586	33.259	12.938	32.305	16.008	69.977	29.032	1.948	35.114	31.73	23.305	32.122	15.066	70.855	28.87	32.869	34.073	31.568	4.359	3.444	30.496	20.488	30.852	32.903	31.44	1.887	2.307	16.385	17.298	30.167	34.953	32.935	1.446	1.369	10.802	9.322
32.67472	1.759	34.201	32.507	20.164	33.223	13.092	68.599	29.606	1.958	33.811	32.703	13.279	32.791	17.134	70.164	29.646	1.989	34.526	32.996	24.013	32.705	15.083	71.336	29.093	32.41	34.169	31.076	4.434	3.648	30.199	20.802	31.629	33.226	31.013	1.993	2.478	16.567	17.903	31.074	35.244	33.388	1.357	1.345	11.305	8.978
32.84138	1.727	35.569	32.605	20.424	32.767	13.45	68.859	29.052	1.925	35.309	32.182	13.084	32.693	17.003	70.164	28.766	1.956	34.07	31.53	23.818	33.194	15.311	71.792	29.581	32.312	33.713	31.174	4.467	3.648	31.6	22.431	31.271	34.334	31.469	2.091	2.478	17.87	18.783	30.097	35.635	32.704	1.324	1.378	11.761	9.434
33.00811	1.747	35.517	33.142	20.617	32.783	14.108	69.223	29.106	1.944	34.314	33.337	13.806	33.164	17.558	70.557	29.827	2.041	35.289	31.58	24.46	33.143	15.705	71.891	29.827	31.483	33.663	31.028	4.547	3.828	31.225	22.295	31.126	33.371	31.453	1.979	2.464	16.828	19.009	30.799	34.802	32.948	1.408	1.428	12.419	9.508
33.17491	1.807	35.593	32.829	21.904	33.609	13.967	69.543	28.926	2.134	34.391	32.569	13.827	32.754	17.578	70.942	29.613	2.036	34.26	32.634	24.866	31.888	15.791	72.243	29.321	30.911	34.033	30.651	4.703	3.919	31.954	23.386	30.391	32.668	31.433	2.103	2.654	18.669	19.874	31.301	35.952	33.09	1.305	1.357	12.051	9.597
33.34142	1.844	34.899	33.142	21.04	32.458	14.531	69.906	30.049	1.912	34.411	32.264	14.326	31.993	18.209	71.143	29.631	1.943	34.41	31.971	25.566	33.013	16.258	72.509	29.274	31.58	33.24	30.54	4.938	3.893	32.332	24.02	30.995	33.859	30.542	2.109	2.594	18.878	19.985	30.506	36.168	31.972	1.343	1.265	12.452	10.354
33.50819	1.764	34.45	32.526	22.002	32.037	14.568	70.428	29.168	2.061	34.32	32.364	14.984	33.267	18.026	71.472	29.306	2.092	34.971	31.94	26.506	32.464	16.594	72.971	29.111	31.354	34.026	30.802	4.962	4.144	32.108	24.141	31.16	33.637	31.521	2.129	2.582	19.48	20.361	30.376	36.243	32.92	1.264	1.351	12.749	10.486
33.67492	1.822	34.517	32.921	22.664	32.627	15.269	70.892	28.653	2.053	33.866	32.53	14.967	32.716	19.049	71.773	29.083	2.051	34.614	32.53	25.601	33.086	17.292	73.108	28.823	31.033	33.312	31.783	5.31	4.134	33.544	25.908	30.545	33.509	30.873	2.218	2.573	20.241	21.186	30.446	35.071	32.304	1.354	1.44	13.221	11.09
33.84156	1.659	36.015	32.79	22.99	31.878	15.269	71.283	29.597	2.02	33.801	32.009	15.13	31.869	19.146	71.968	28.92	1.986	34.419	32.042	25.112	32.369	17.52	73.596	29.507	30.186	33.377	31.164	5.147	4.134	32.795	26.592	29.666	33.64	31.199	2.12	2.703	20.729	22.26	30.38	35.136	33.085	1.354	1.44	13.515	10.96
34.00816	1.719	35.375	32.868	23.203	31.956	15.128	71.668	29.742	2.113	34.367	31.99	15.444	32.208	19.394	72.32	29.325	2.079	35.863	33.585	25.811	33.033	17.703	73.72	28.967	30.428	33.064	30.592	5.401	4.29	33.328	28.56	31.145	32.74	30.691	2.212	2.6	22.082	23.319	29.678	35.408	32.414	1.446	1.369	13.764	11.471
34.17505	1.854	35.819	33.214	23.674	31.78	15.953	72.162	28.653	2.118	34.55	32.791	16.368	31.901	20.058	72.327	29.018	2.084	35.102	32.498	26.187	32.239	18.725	73.857	29.605	30.446	32.986	30.806	5.505	4.492	33.967	28.252	30.447	33.412	31.264	2.283	2.769	22.032	23.531	30.934	35.332	31.945	1.256	1.375	14.101	11.774
34.3416	1.767	34.884	32.732	23.053	32.275	16.204	72.598	29.176	2.031	35.21	32.667	16.001	32.527	20.281	72.632	29.12	2.094	34.851	31.266	26.71	32.604	18.719	74.261	30.131	30.712	32.961	30.942	5.748	4.505	34.204	28.908	30.028	32.996	30.422	2.393	2.91	23.301	24.736	30.32	35.276	33.093	1.462	1.484	14.71	11.306
34.50834	1.832	36.187	33.123	24.78	33.676	16.432	72.598	29.633	2.031	35.504	31.853	16.978	31.353	20.803	73.024	29.511	2.16	34.981	32.374	26.45	32.572	19.045	74.587	30.229	30.516	33.548	30.746	5.911	4.636	34.986	30.57	31.365	33.256	30.618	2.393	2.976	23.692	24.573	30.776	34.787	32.734	1.332	1.452	15.59	12.088
34.675	1.844	35.907	32.816	24.554	32.002	16.32	73.257	29.431	2.009	34.607	31.776	16.636	31.96	20.714	73.258	29.827	2.139	35.484	31.613	26.835	32.2	19.577	74.917	29.925	30.539	33.175	31.223	6.077	4.869	35.129	31.307	30.312	32.981	30.477	2.467	2.985	25.092	25.451	30.051	35.485	32.59	1.18	1.363	15.64	12.371
34.84165	1.804	36.331	32.82	24.53	31.324	17.051	73.621	29.502	2.099	34.608	32.332	17.203	31.639	21.929	73.914	30.091	2.163	35.355	32.332	27.394	32.886	19.849	75.215	29.897	30.869	33.112	30.74	6.358	5.054	35.0	31.994	30.902	32.853	30.546	2.295	2.944	24.774	27.572	30.868	35.291	32.463	1.4	1.452	16.175	12.355
35.00837	1.934	35.453	32.592	24.465	32.624	16.953	73.816	29.372	2.131	34.771	32.364	18.016	31.931	21.929	74.207	29.994	2.131	35.03	31.064	28.109	32.561	20.337	75.345	30.222	29.634	33.242	29.472	6.358	4.989	35.488	31.668	30.089	32.463	29.83	2.588	3.074	25.782	27.507	29.34	35.291	32.463	1.335	1.452	16.858	13.233
35.17498	1.797	36.039	32.92	24.409	32.302	17.618	73.952	29.866	2.188	35.682	31.978	18.419	33.104	22.459	74.44	29.348	2.253	35.973	31.133	27.627	32.466	20.511	75.707	30.323	29.119	33.212	30.679	6.574	5.173	35.326	32.451	29.997	32.823	31.167	2.481	3.065	26.698	28.942	29.703	35.422	32.336	1.424	1.508	17.424	13.736
35.34167	1.939	36.441	33.62	24.67	32.453	17.829	74.055	29.405	2.166	34.82	32.225	18.043	32.409	22.822	75.027	30.085	2.199	35.143	32.744	27.814	32.874	21.071	76.001	30.247	29.599	33.425	30.247	6.737	5.275	35.241	32.34	30.28	33.328	30.993	2.62	3.139	27.536	29.939	29.631	35.987	33.198	1.564	1.516	17.925	13.659
35.50837	1.825	36.043	32.062	25.132	32.579	18.433	74.307	29.829	2.179	34.91	31.64	18.225	32.276	23.287	75.05	29.825	2.213	35.621	31.51	27.946	32.546	21.086	76.152	30.925	29.859	33.355	29.761	6.872	5.542	34.875	32.497	29.729	33.16	30.731	2.534	3.183	28.445	30.91	30.636	35.686	31.898	1.545	1.496	17.783	13.749
35.67505	1.907	36.668	33.004	25.416	32.744	19.093	74.639	30.086	2.166	34.885	32.355	19.437	31.923	23.827	75.319	30.377	2.134	35.922	31.642	28.139	33.198	21.946	76.39	30.604	29.047	33.49	30.636	7.483	5.664	35.37	31.983	30.604	33.62	30.506	2.522	3.236	28.801	30.426	30.669	36.019	31.933	1.467	1.484	18.574	14.956
35.84182	1.907	36.441	33.004	25.87	31.804	18.736	74.736	30.41	2.296	34.917	31.512	19.34	32.15	24.735	75.125	30.02	2.199	36.019	31.253	28.333	31.869	21.946	76.52	31.025	29.242	33.587	29.955	7.386	5.826	36.116	32.761	30.118	33.62	31.673	2.652	3.333	29.579	30.977	30.02	36.408	31.771	1.467	1.581	19.158	14.859
36.00856	1.835	36.085	31.646	25.165	32.845	18.88	74.904	30.577	2.158	35.664	32.002	19.968	32.023	25.294	75.454	30.672	2.224	35.274	32.229	28.954	32.585	22.637	76.88	31.385	29.766	33.687	29.992	7.633	6.042	36.116	32.051	29.118	34.496	31.061	2.546	3.324	29.842	30.689	30.349	36.733	32.228	1.394	1.475	19.818	15.586
36.17518	1.864	35.757	33.19	26.269	31.695	19.249	75.207	29.907	2.191	35.303	30.948	20.798	31.1	25.131	75.792	31.112	2.255	35.042	31.143	27.408	32.443	23.345	76.994	31.177	29.225	33.385	30.136	7.845	5.892	35.726	32.916	29.616	33.938	29.942	2.744	3.36	30.054	32.331	29.615	37.512	32.508	1.427	1.641	20.778	15.269
36.34184	1.869	36.493	32.429	26.156	32.136	19.294	75.442	30.738	2.294	35.226	32.137	20.227	32.321	26.057	75.767	31.001	2.326	35.713	30.544	28.727	33.113	23.555	77.263	31.425	29.536	34.9	30.219	7.788	6.354	36.463	32.741	29.146	34.349	30.903	2.75	3.464	31.146	32.091	28.755	37.307	32.268	1.497	1.647	21.735	16.159
36.50837	1.934	36.266	32.202	24.855	32.624	20.692	75.474	30.64	2.196	35.193	31.844	20.844	30.956	25.732	75.865	31.944	2.326	35.713	30.381	29.28	31.975	24.4	77.555	31.717	29.211	34.315	29.764	8.243	6.257	37.243	33.619	28.366	34.706	30.806	2.783	3.366	30.236	31.473	29.178	37.567	31.26	1.4	1.549	21.182	17.037
36.67513	1.862	35.454	32.693	26.845	31.783	20.509	75.609	31.49	2.285	35.747	31.231	21.993	31.09	26.747	76.097	31.492	2.415	36.201	31.523	28.796	32.531	24.279	77.591	32.5	29.379	34.837	29.932	8.555	6.538	36.69	33.231	28.925	34.318	29.835	2.936	3.357	31.864	31.379	28.306	37.339	32.498	1.587	1.735	22.59	17.375
36.84185	1.877	36.428	32.946	26.538	31.937	20.973	75.925	31.156	2.237	35.452	31.255	21.777	31.993	26.765	76.479	31.649	2.334	36.167	31.157	29.113	32.395	24.132	77.78	32.593	29.173	35.777	29.857	8.582	7.049	37.57	33.78	28.816	35.583	30.086	3.052	3.668	31.631	31.698	29.075	38.348	32.557	1.506	1.753	22.733	17.154
37.00858	1.98	36.417	31.729	26.132	32.184	21.344	76.095	30.946	2.308	35.278	30.46	22.377	31.98	27.368	76.454	32.645	2.437	35.309	29.646	28.871	32.252	24.994	77.951	33.101	29.354	36.482	29.68	8.851	7.187	36.583	33.67	28.703	35.93	30.007	3.058	3.739	31.781	31.717	29.19	38.468	31.047	1.413	1.824	23.464	17.72
37.17524	1.985	36.015	31.357	26.572	31.422	21.879	76.2	31.421	2.346	36.341	30.805	22.49	32.097	27.385	76.723	32.209	2.377	35.623	30.251	28.987	31.392	25.368	78.155	32.991	29.372	35.657	30.089	9.088	7.097	37.093	33.202	28.461	36.114	30.71	3.162	3.745	31.117	32.16	27.873	37.741	30.773	1.354	1.733	24.424	19.459
37.34192	1.977	37.122	32.956	26.514	31.361	22.281	76.4	31.49	2.305	35.463	31.199	23.183	31.97	27.197	76.955	32.895	2.336	36.275	31.004	29.578	32.73	25.051	78.256	33.189	29.93	36.309	29.769	9.432	7.638	37.353	33.465	28.629	35.496	30.356	3.153	3.834	32.715	31.349	28.14	40.116	31.298	1.508	1.626	24.563	19.341
37.50855	1.985	36.471	31.846	26.637	31.78	21.977	76.656	31.714	2.313	35.95	31.228	23.89	30.794	27.418	77.016	32.73	2.344	35.689	30.218	29.378	31.067	26.084	78.481	33.871	29.111	36.699	30.089	9.869	7.846	38.005	33.235	28.07	36.31	29.603	3.195	3.941	33.364	31.151	28.101	38.49	31.229	1.549	1.57	26.085	19.752
37.67519	1.955	36.84	31.888	26.678	32.018	23.743	76.774	32.342	2.414	36.189	30.684	24.028	31.585	27.589	77.036	33.033	2.38	36.285	30.618	30.169	32.966	26.712	78.534	33.49	30.0	36.156	30.522	10.134	7.948	36.746	33.994	29.154	36.809	30.394	3.1	3.683	31.811	32.268	28.501	39.153	31.467	1.454	1.573	27.298	20.085
37.84192	2.06	37.002	31.689	27.681	31.134	23.342	76.9	32.697	2.325	35.536	29.766	24.019	30.864	27.55	77.196	33.455	2.551	36.122	29.994	29.807	32.181	27.096	78.857	34.14	30.027	36.384	30.127	10.246	8.254	37.724	32.265	28.887	36.646	30.162	3.305	4.051	33.21	32.656	27.842	40.85	31.463	1.658	1.647	27.65	20.498
38.00871	1.985	37.154	31.585	26.442	32.594	23.149	77.08	33.472	2.313	35.983	30.186	24.378	31.576	27.678	77.472	33.642	2.377	35.982	30.739	29.052	32.369	26.964	78.872	34.424	29.469	37.578	30.122	10.455	8.335	37.973	32.812	28.07	36.929	30.026	3.39	4.039	32.355	32.258	27.678	41.454	32.239	1.549	1.765	28.592	21.12
38.17527	2.002	37.231	32.957	26.794	31.358	24.278	77.288	32.824	2.464	36.579	30.577	25.184	31.382	28.0	77.453	33.877	2.461	36.904	30.022	29.02	31.851	27.513	79.018	34.596	29.533	37.394	30.089	11.044	8.658	36.584	33.567	28.523	37.495	28.983	3.511	4.257	33.731	31.838	27.868	40.755	31.59	1.536	1.885	29.275	21.368
38.34202	2.057	36.959	31.418	26.956	31.548	24.28	77.304	32.785	2.322	35.721	30.409	24.728	31.116	27.965	77.762	34.161	2.45	37.317	30.083	30.091	31.91	27.609	79.162	34.717	29.986	38.23	29.824	11.447	8.934	37.844	31.408	28.748	37.418	30.054	3.465	4.146	32.776	32.19	27.834	41.913	31.453	1.362	1.742	29.727	21.631
38.50864	1.917	36.697	31.308	27.131	32.156	24.741	77.619	33.558	2.347	35.915	29.807	25.715	31.822	28.109	77.948	34.68	2.507	37.807	30.95	29.459	32.096	27.589	79.711	35.008	29.089	38.396	30.006	11.362	9.104	37.945	32.442	28.339	38.432	30.041	3.625	4.207	32.803	32.835	28.075	42.381	31.671	1.485	1.802	29.941	22.744
38.67533	2.105	38.362	32.063	27.301	31.67	25.24	77.818	33.757	2.437	36.503	30.595	25.592	31.107	28.213	78.115	34.518	2.564	37.676	30.236	29.953	32.034	27.759	79.68	35.694	29.747	38.395	30.565	11.837	9.385	37.03	32.739	28.541	38.594	30.503	3.582	4.296	33.719	31.63	27.592	42.182	30.956	1.542	1.858	28.999	23.602
38.84203	1.962	37.817	31.884	27.062	31.036	25.265	77.878	34.327	2.325	36.221	30.907	25.323	30.93	27.648	78.174	35.802	2.453	37.654	30.288	29.742	33.126	28.041	79.737	35.868	29.538	38.535	29.638	12.202	9.558	37.431	32.982	28.301	38.113	30.357	3.664	4.377	33.764	31.483	27.517	42.349	30.909	1.625	1.778	30.16	24.54
39.00866	1.995	37.622	31.004	27.095	31.134	25.005	78.074	34.131	2.455	36.319	30.223	26.236	30.538	28.332	78.369	35.248	2.453	37.23	29.212	30.035	32.409	28.53	79.998	36.064	30.419	38.828	30.518	12.3	9.949	37.17	32.167	28.855	38.733	30.162	3.664	4.54	34.971	31.972	27.549	42.447	31.887	1.56	1.843	29.867	24.996
39.17535	2.098	37.709	31.447	27.438	31.381	25.738	78.083	34.64	2.526	36.829	29.948	26.187	31.046	28.741	78.444	35.302	2.556	36.893	29.687	29.663	32.005	28.352	80.236	36.281	30.209	40.221	30.145	12.995	10.252	37.388	32.187	28.286	39.962	30.181	3.67	4.742	33.883	32.807	27.175	44.428	30.732	1.533	1.784	30.961	25.632
39.34207	2.075	37.883	31.126	27.114	30.342	25.313	78.198	34.811	2.472	36.905	28.614	26.221	30.366	27.994	78.69	36.128	2.567	38.471	30.441	29.766	31.978	28.061	80.484	36.586	29.952	39.875	29.987	13.409	10.597	38.347	32.423	28.256	39.813	30.577	4.01	4.756	33.468	32.162	27.666	44.544	30.28	1.479	1.763	30.281	25.732
39.50875	2.068	37.524	32.043	27.316	31.456	25.648	78.527	35.074	2.333	36.547	30.348	27.174	30.73	28.652	78.627	36.65	2.559	37.785	29.826	29.607	31.134	27.839	80.551	37.075	29.631	40.428	30.057	13.425	11.039	38.476	32.719	27.805	40.267	29.375	4.0	4.681	34.383	32.393	27.673	43.788	30.872	1.438	1.787	31.036	26.587
39.67544	2.08	38.199	30.948	28.045	31.732	26.276	78.729	35.354	2.445	36.829	29.807	26.14	31.985	28.893	78.863	36.248	2.605	38.493	28.86	30.569	31.573	28.602	80.756	36.837	30.101	39.703	30.299	14.334	11.652	37.847	32.769	28.274	41.11	30.988	4.115	4.763	33.163	32.182	27.716	45.353	30.201	1.485	1.965	31.084	26.631
39.84212	2.01	37.688	31.681	27.766	31.419	26.847	78.818	35.431	2.472	36.514	30.017	26.025	30.888	28.908	78.853	37.303	2.567	37.883	29.266	29.799	32.795	28.094	80.811	37.043	30.083	40.169	30.574	14.747	11.642	37.825	33.01	28.321	41.217	29.696	3.977	4.886	33.632	32.913	27.568	45.262	31.521	1.577	1.665	31.065	26.613
40.0087	2.082	37.741	30.381	28.852	31.585	26.569	79.001	35.784	2.607	36.895	30.088	26.007	31.608	29.111	79.002	36.833	2.54	38.098	29.827	29.671	30.839	28.885	80.956	37.388	30.088	41.258	30.024	14.754	11.917	38.07	32.714	28.819	41.683	30.971	4.074	5.113	34.634	32.225	27.385	45.655	30.61	1.647	2.026	31.751	26.819
40.17544	1.992	37.35	31.092	27.901	31.255	26.528	78.868	36.467	2.452	36.438	29.399	27.563	30.79	28.421	79.196	37.192	2.548	37.936	29.757	30.091	31.324	28.879	81.15	38.073	30.474	41.652	29.726	15.488	12.225	36.866	33.526	28.748	41.393	29.729	4.312	4.961	33.852	31.506	27.508	46.769	30.802	1.655	1.775	31.389	26.845
40.34217	2.108	38.243	30.864	27.864	31.158	26.651	79.406	36.247	2.537	37.46	29.266	26.776	30.856	29.332	79.441	37.368	2.502	37.883	29.919	29.473	31.26	30.085	81.431	37.925	30.834	41.769	30.803	15.824	12.556	37.988	33.5	28.354	41.412	29.631	4.369	5.245	34.741	32.031	27.96	46.111	30.509	1.479	1.698	31.522	26.515
40.50879	2.163	38.622	30.534	28.318	31.25	26.553	79.518	36.825	2.526	37.155	29.687	26.448	31.046	29.361	79.552	38.432	2.491	38.458	29.687	29.924	32.233	28.417	81.41	38.466	30.013	42.699	30.732	15.996	12.893	37.747	32.317	28.318	42.669	29.887	4.355	5.166	34.275	31.698	27.86	47.591	30.928	1.468	1.881	31.157	27.654
40.67555	2.296	38.144	30.804	27.544	30.966	26.855	79.539	37.423	2.529	37.036	29.663	26.783	30.436	29.598	79.606	38.183	2.657	38.763	28.489	29.868	31.329	29.144	81.66	38.38	29.664	43.005	29.992	16.654	13.42	38.313	32.621	28.719	42.681	29.962	4.62	5.431	33.731	31.153	27.444	46.528	30.579	1.471	1.787	32.21	27.174
40.84222	2.269	38.166	30.561	28.117	31.377	26.969	79.809	37.281	2.535	37.776	28.898	26.996	30.357	30.106	79.714	38.499	2.662	38.264	28.735	30.932	30.826	29.26	81.703	38.631	30.628	42.703	30.598	16.797	13.595	36.998	33.033	28.606	42.738	30.862	4.659	5.536	34.992	30.977	28.049	48.382	31.511	1.476	1.793	31.349	27.453
41.00894	2.1	39.155	30.086	27.838	30.966	27.377	79.734	37.553	2.464	37.362	28.783	26.587	30.534	30.088	80.258	38.574	2.657	39.35	29.794	30.814	31.558	29.209	81.856	38.902	29.925	42.418	29.861	17.535	14.334	37.66	32.327	27.805	43.105	30.875	4.717	5.463	34.285	32.491	28.129	48.29	29.796	1.569	1.95	31.427	27.37
41.17554	2.166	38.731	30.706	28.001	31.39	27.964	79.93	36.934	2.529	37.427	29.044	27.663	30.664	29.174	80.454	38.933	2.689	39.383	29.826	29.607	31.623	29.307	82.149	39.0	30.153	43.755	31.264	18.024	14.595	37.465	33.371	28.327	43.562	30.581	4.815	5.757	34.677	32.687	28.26	49.04	30.644	1.634	1.885	31.688	27.728
41.34222	2.171	39.145	29.191	28.737	30.593	27.1	80.135	38.064	2.535	37.906	29.388	27.387	30.194	29.715	80.595	38.858	2.695	39.243	28.996	29.626	30.99	29.162	82.291	39.186	30.433	43.715	29.292	18.625	15.585	38.27	31.956	28.704	44.664	30.111	4.822	5.862	34.894	31.858	27.462	49.231	30.793	1.444	2.054	32.491	29.215
41.50889	2.075	39.287	30.669	27.571	31.713	27.467	80.254	38.173	2.537	37.983	29.103	26.71	30.301	29.299	80.779	38.772	2.698	38.895	29.331	29.897	32.142	29.889	82.476	39.557	30.246	44.282	30.183	19.056	15.624	37.237	33.108	28.941	44.187	31.361	4.956	5.931	35.133	31.052	28.254	49.244	30.607	1.642	1.894	32.109	28.147
41.67556	2.155	39.305	30.082	27.999	31.19	27.343	80.4	37.999	2.517	37.677	28.519	27.824	31.148	29.986	80.825	39.93	2.678	40.022	28.193	30.417	31.78	29.336	82.519	40.028	30.67	44.292	30.411	19.269	15.875	36.964	31.668	28.194	44.326	30.608	4.997	6.003	35.644	31.603	26.791	50.419	30.736	1.525	1.775	32.953	27.334
41.8423	2.261	39.829	31.218	27.797	31.348	27.042	80.561	39.043	2.559	38.036	29.459	27.1	29.742	30.176	81.15	39.965	2.687	40.122	29.621	30.348	31.255	28.222	82.715	40.292	30.111	44.036	30.635	20.398	16.252	37.29	32.513	29.003	46.093	31.028	5.105	6.145	35.677	32.872	28.545	49.581	31.287	1.664	1.849	32.103	27.263
42.00908	2.068	39.546	28.716	27.805	30.836	26.463	80.811	39.152	2.659	38.569	28.978	26.946	30.567	30.903	81.172	40.597	2.657	39.774	28.88	30.031	31.166	30.351	82.769	40.728	30.446	44.277	30.872	20.438	17.237	37.758	33.078	28.719	45.225	30.94	5.305	6.214	35.101	31.349	27.444	51.421	30.481	1.732	1.982	32.993	27.728
42.17564	2.296	39.122	29.891	28.229	30.477	27.442	81.072	39.674	2.529	38.243	28.652	27.696	30.991	29.696	81.465	40.564	2.657	39.938	28.88	29.64	30.612	30.253	82.769	40.728	30.61	44.538	30.448	20.829	17.367	37.497	32.23	28.914	45.976	31.266	5.239	6.214	35.688	32.295	28.423	50.443	30.579	1.634	2.048	33.091	27.533
42.34226	2.271	39.581	30.44	28.354	30.799	27.924	81.038	39.349	2.57	38.668	28.614	27.788	31.705	30.931	81.367	40.73	2.6	40.462	28.94	29.864	31.489	30.379	83.128	41.32	30.964	45.164	30.803	21.308	18.137	38.021	32.814	28.256	46.146	29.925	5.446	6.453	34.839	32.162	28.776	50.615	30.672	1.642	1.959	33.187	28.637
42.50909	2.263	40.231	30.706	29.175	30.868	27.279	81.072	39.38	2.529	38.667	28.881	27.663	30.762	31.686	81.628	40.858	2.787	41.047	29.109	30.064	32.765	29.959	83.226	41.185	30.61	46.299	30.253	22.493	18.509	38.508	32.23	28.914	46.889	30.288	5.402	6.605	35.068	32.197	28.423	51.682	31.72	1.569	1.982	32.667	27.565
42.67563	2.263	40.786	29.923	28.327	30.868	27.964	81.169	39.413	2.659	39.221	28.587	28.577	31.839	29.696	81.792	41.412	2.657	41.242	29.206	29.836	31.525	30.612	83.422	41.381	31.099	46.234	30.285	22.982	19.129	37.563	31.61	29.763	46.661	30.777	5.5	6.736	35.688	32.426	28.423	51.813	30.97	1.666	1.982	33.091	27.924
42.84242	2.253	40.609	29.593	28.716	30.701	28.223	81.377	40.378	2.615	39.306	28.552	27.922	30.855	30.181	81.9	41.526	2.646	40.673	29.073	29.276	31.878	30.509	83.529	41.984	31.876	45.986	30.313	22.43	19.623	37.746	32.842	28.846	46.64	30.999	5.518	6.688	35.807	30.919	28.42	51.95	30.508	1.558	1.872	32.334	28.279
43.00907	2.288	40.718	29.407	28.431	30.449	28.166	81.399	40.683	2.716	38.633	29.31	28.876	31.745	30.679	82.053	41.571	2.681	41.402	29.571	29.937	33.093	30.616	83.486	41.67	30.973	46.26	30.159	23.611	19.728	38.344	32.069	28.887	47.501	31.237	5.783	6.822	35.068	31.515	28.299	52.356	31.3	1.625	2.038	33.648	28.027
43.17571	2.28	42.344	30.162	28.502	29.966	28.043	81.562	39.931	2.642	39.153	29.316	28.1	31.813	31.14	82.183	41.6	2.673	41.66	29.153	29.876	32.64	30.783	83.681	41.959	30.553	46.253	30.718	23.978	20.195	38.407	32.463	28.828	47.851	30.72	5.999	7.169	36.013	31.747	28.305	51.987	31.011	1.617	2.029	32.705	27.772
43.34235	2.261	41.785	29.294	28.612	31.577	28.901	81.702	40.575	2.624	38.721	28.774	28.405	31.372	31.024	82.455	41.791	2.882	42.013	28.904	30.707	31.842	31.026	83.791	42.184	31.187	47.069	30.765	24.703	19.644	39.671	32.383	28.775	48.05	31.257	6.018	7.123	35.188	30.622	28.969	53.331	30.178	1.566	2.045	33.081	28.143
43.50904	2.261	41.59	29.36	29.427	31.055	28.607	81.8	40.412	2.722	39.927	28.317	28.079	32.188	31.611	82.585	41.922	2.784	42.437	29.393	30.348	32.429	30.635	83.987	42.967	30.502	47.265	31.352	24.801	21.176	39.965	31.828	29.069	48.213	30.833	6.181	7.123	35.546	31.242	29.197	52.972	32.004	1.631	2.045	33.733	28.111
43.67583	2.253	43.151	29.985	27.705	31.092	28.875	81.833	40.801	2.713	39.893	28.519	29.062	30.953	30.768	82.552	42.08	2.744	42.955	29.953	29.83	33.377	31.389	84.181	42.831	31.55	47.127	30.541	25.2	21.546	39.017	32.483	30.019	48.498	31.325	6.3	7.209	36.1	30.724	29.365	53.254	30.606	1.623	2.035	32.921	28.507
43.84254	2.188	42.825	29.854	28.683	31.222	28.158	82.355	40.899	2.713	40.544	28.389	29.225	32.028	30.963	82.65	42.667	2.776	42.596	29.301	30.384	33.377	30.574	84.344	42.342	31.289	47.355	30.117	25.982	21.383	38.952	33.037	29.465	48.074	32.01	6.365	7.698	37.208	31.18	29.333	53.971	31.356	1.655	2.133	34.257	29.192
44.00918	2.346	42.8	29.771	28.926	31.106	29.02	82.312	42.212	2.74	41.205	29.511	29.305	32.335	31.14	82.769	42.414	2.771	43.647	30.423	30.886	33.943	30.881	84.332	43.425	30.781	48.273	30.424	25.443	21.335	38.733	31.942	30.001	48.796	31.306	6.358	7.592	35.427	31.747	29.054	53.746	31.076	1.617	2.062	33.291	28.554
44.17587	2.375	43.505	29.208	28.103	32.594	29.207	82.485	41.548	2.834	40.509	29.372	29.296	32.39	31.521	83.073	42.63	2.768	44.286	30.153	30.648	33.672	31.197	84.603	42.826	31.13	47.51	30.61	25.533	21.361	39.015	32.16	30.382	49.01	31.199	6.647	7.653	36.197	32.258	29.338	54.024	31.359	1.549	2.417	33.379	28.773
44.34254	2.18	43.211	28.752	28.852	32.041	29.239	82.55	42.493	2.704	41.096	29.73	28.547	32.488	31.651	83.236	43.053	2.865	44.286	30.804	29.671	34.16	31.392	84.603	42.891	31.261	48.976	30.61	25.891	21.23	39.796	33.007	30.187	49.271	31.003	6.744	8.044	36.263	30.695	30.022	54.773	30.806	1.614	2.124	33.835	27.796
44.5092	2.449	43.77	29.756	29.041	31.809	28.777	82.811	41.812	2.615	41.327	30.311	29.486	33.234	31.582	83.302	43.351	2.906	44.323	30.05	29.732	34.191	31.128	84.833	43.581	31.094	48.724	30.606	25.754	21.48	39.408	32.288	29.889	49.931	32.01	6.952	8.317	36.198	32.353	29.365	55.47	30.834	1.851	2.231	34.061	29.159
44.67596	2.261	44.198	28.87	28.514	33.175	29.097	82.713	42.075	2.656	41.362	30.046	29.709	33.851	30.992	83.303	43.52	2.882	45.176	31.187	29.663	34.907	31.418	85.128	43.521	31.383	48.178	30.569	25.844	21.698	39.345	32.48	29.721	49.387	31.811	6.964	8.069	36.557	31.437	29.882	54.277	31.776	1.762	2.142	33.472	29.676
44.84247	2.248	44.852	29.119	28.274	32.604	28.629	82.996	42.928	2.74	42.117	30.488	28.523	33.8	30.847	83.29	43.456	2.803	45.699	31.237	29.55	34.887	31.597	85.179	43.751	31.759	48.175	30.001	26.16	21.368	39.482	32.333	29.577	49.903	30.915	7.237	8.439	36.697	31.747	29.803	54.593	31.858	1.747	2.224	34.171	29.14
45.00925	2.37	44.424	29.223	28.28	33.031	29.319	82.963	42.632	2.731	42.764	30.656	29.701	33.412	31.404	83.452	44.102	2.795	46.344	31.404	30.661	35.898	32.122	85.144	44.721	31.437	49.241	30.657	26.134	21.639	39.74	31.848	29.875	49.861	30.789	6.964	8.426	36.273	31.815	30.427	54.938	31.08	1.739	2.248	34.14	28.331
45.17595	2.351	45.204	29.985	29.139	33.178	28.875	83.17	43.148	2.648	42.695	31.517	29.649	33.951	31.778	83.53	43.97	2.874	46.148	32.234	30.384	35.951	31.617	85.322	44.33	31.256	48.789	30.443	26.405	21.774	39.994	33.819	30.182	50.192	31.619	7.245	8.61	36.426	31.962	30.767	55.503	30.899	1.623	2.263	34.191	28.214
45.3426	2.343	45.947	28.948	29.112	33.05	28.816	83.267	43.372	2.639	43.57	31.391	30.012	34.409	31.651	83.789	44.421	2.963	46.695	32.823	30.388	36.277	32.076	85.45	44.422	32.107	49.432	30.285	26.77	22.142	39.764	32.616	30.447	50.378	31.296	7.233	8.923	37.044	30.499	30.576	55.522	30.773	1.647	2.352	34.161	28.48
45.50936	2.253	45.758	29.887	28.944	33.96	29.233	83.333	42.496	2.746	43.738	32.234	30.04	35.222	32.104	83.954	44.622	3.004	47.647	32.657	29.797	36.766	31.812	85.68	44.982	31.256	50.158	30.899	26.894	22.719	39.831	32.646	29.889	50.42	31.684	7.571	9.132	36.882	30.593	30.897	55.763	31.975	1.623	2.263	34.289	29.094
45.676	2.312	46.344	29.782	29.622	34.616	29.747	83.585	42.714	2.873	44.059	32.331	29.643	36.176	31.646	84.143	44.817	2.935	48.141	33.246	29.926	36.973	32.465	85.775	44.394	31.646	50.788	30.636	26.59	22.044	40.897	31.897	30.504	50.824	31.488	7.972	9.176	37.028	31.179	30.207	55.525	30.897	1.683	2.262	33.805	28.567
45.84269	2.353	46.781	30.515	29.246	34.524	30.383	83.485	43.682	2.651	44.435	32.961	29.463	36.275	31.559	83.845	45.189	2.974	47.367	33.743	31.013	37.461	31.724	85.67	44.441	31.951	49.976	30.909	26.87	22.27	40.3	32.787	30.126	50.923	31.4	7.641	9.104	37.872	31.613	30.157	55.224	31.398	1.625	2.364	34.202	28.712
46.00945	2.399	46.259	29.909	29.65	35.652	29.808	83.693	43.71	2.665	44.89	33.63	29.704	37.112	31.542	84.054	45.157	2.989	47.173	33.695	29.692	36.635	32.23	86.011	44.571	31.607	50.535	30.467	27.599	22.373	40.196	32.151	29.683	51.256	30.992	8.086	9.419	36.852	32.021	30.464	54.974	31.348	1.672	2.445	34.417	28.66
46.17603	2.366	47.304	29.746	28.769	34.966	29.645	83.823	44.33	2.861	44.564	34.12	29.215	37.112	31.803	84.054	45.353	2.923	47.826	34.381	30.573	38.137	31.675	86.076	45.55	31.412	49.654	30.369	27.208	22.406	40.848	32.608	30.368	51.843	31.547	8.086	9.746	37.146	31.858	30.856	56.932	30.956	1.737	2.445	33.699	29.346
46.34275	2.464	47.793	30.235	29.389	36.272	29.025	83.921	44.657	2.73	45.804	33.206	29.998	36.851	31.607	84.185	46.266	2.891	49.49	35.164	30.377	38.43	32.164	86.207	45.419	32.521	50.862	30.663	27.044	22.471	41.077	32.347	30.368	52.235	30.666	8.347	10.007	38.223	31.075	30.953	56.41	31.185	1.672	2.282	33.601	28.66
46.50933	2.5	48.394	30.212	29.203	36.315	29.817	84.041	43.853	2.766	46.013	34.685	30.007	37.254	31.421	84.37	45.986	2.926	48.818	35.664	30.256	39.519	31.881	86.295	45.335	31.911	50.06	31.097	27.641	23.099	41.285	32.847	30.639	52.641	31.165	8.547	9.913	37.679	31.476	30.963	57.111	32.729	1.577	2.547	34.525	28.767
46.67609	2.48	47.645	31.107	28.496	37.479	28.98	84.054	44.209	2.682	46.176	34.247	30.283	38.387	32.874	84.286	45.039	2.908	48.952	36.567	30.043	39.838	32.125	86.245	45.041	32.286	50.555	30.262	27.685	23.432	41.313	32.57	29.444	51.44	31.05	8.667	9.969	37.41	31.722	30.977	56.144	31.667	1.656	2.399	33.923	28.422
46.84279	2.524	48.517	31.57	29.023	37.72	29.997	84.404	44.062	2.694	46.457	34.418	29.797	38.465	32.096	84.669	45.386	2.919	49.301	37.1	29.329	39.558	31.968	86.434	45.192	31.802	51.266	31.183	27.787	23.562	42.31	32.316	30.462	51.138	31.58	9.078	10.282	37.979	31.532	30.852	55.813	31.935	1.602	2.478	34.749	28.131
47.00951	2.491	48.942	31.538	29.186	37.589	30.226	84.437	45.404	2.858	46.621	36.806	31.302	39.283	32.031	84.8	46.007	2.919	49.334	36.871	30.474	41.03	32.688	86.63	45.453	32.325	51.462	31.281	28.474	23.496	41.59	33.036	30.724	52.12	31.351	8.783	10.38	38.6	30.943	31.31	55.944	32.197	1.798	2.379	34.259	28.818
47.17603	2.507	49.221	32.021	28.684	38.932	30.215	84.537	45.153	2.81	47.192	36.97	29.983	39.81	32.384	84.607	45.989	2.969	50.105	37.625	30.14	41.102	32.224	86.571	44.943	31.86	50.795	30.127	28.725	23.249	42.483	32.769	30.682	53.223	31.54	9.236	10.703	37.851	31.788	31.203	56.987	32.354	1.783	2.399	34.583	29.398
47.34274	2.537	49.109	32.076	28.479	39.805	30.075	84.515	45.631	2.709	46.916	36.762	29.254	41.371	31.195	84.814	46.074	2.933	49.862	38.301	29.802	42.203	33.131	86.712	45.65	32.047	51.141	30.707	28.618	23.634	42.929	32.563	31.099	52.815	32.022	9.035	10.895	38.233	31.811	31.292	56.087	32.475	1.78	2.592	34.409	28.996
47.50951	2.643	50.101	32.761	28.604	39.741	30.922	84.713	44.26	2.816	47.874	36.828	30.166	41.669	31.683	84.783	45.852	2.942	50.428	38.859	29.307	41.88	32.014	86.879	45.658	32.699	50.987	30.769	28.842	23.461	43.261	32.822	30.013	52.565	31.921	9.704	11.106	38.89	32.103	31.583	57.183	32.276	1.69	2.602	34.309	28.303
47.67612	2.46	49.843	33.532	29.042	40.718	29.951	84.891	45.274	2.896	47.843	37.539	30.738	41.171	32.584	84.961	46.378	2.989	51.221	39.802	29.551	42.4	33.015	87.026	46.02	32.716	51.551	31.669	29.085	23.402	43.751	32.545	30.683	52.573	31.576	9.728	11.327	39.179	32.185	31.827	56.507	31.931	1.737	2.716	34.656	28.086
47.84296	2.572	49.387	33.878	29.121	40.711	30.687	84.806	45.897	2.845	48.404	38.415	30.391	41.527	32.108	85.107	45.985	2.97	50.898	40.78	28.942	43.283	32.146	87.207	46.251	32.01	51.36	31.554	29.329	23.639	43.585	31.642	30.632	51.858	30.443	9.785	11.319	39.041	32.104	32.237	57.078	31.52	1.751	2.536	35.136	28.198
48.00957	2.362	50.237	34.517	29.567	41.276	30.476	84.825	45.668	2.83	48.106	39.081	30.443	41.007	32.223	85.093	46.115	2.956	50.991	40.327	30.372	43.384	32.687	87.092	45.855	32.42	51.584	31.768	29.413	23.993	44.506	31.888	30.552	52.278	31.872	10.122	11.623	38.785	32.054	32.09	56.966	32.62	1.803	2.52	34.985	28.644
48.17623	2.553	50.405	35.119	29.024	41.941	31.245	85.01	44.691	2.824	48.177	39.058	30.621	42.361	31.712	85.343	46.712	2.983	50.766	39.91	29.434	43.458	33.159	87.341	46.124	32.63	51.227	32.273	29.558	24.272	44.087	32.82	30.533	52.281	31.163	10.211	11.613	38.729	31.673	31.447	57.459	31.551	1.699	2.644	34.734	28.363
48.34289	2.447	50.658	36.235	28.735	42.199	30.529	84.943	45.375	2.783	49.054	40.007	30.363	44.029	31.388	85.472	46.671	2.876	51.346	41.35	29.733	43.846	32.113	87.37	46.674	32.371	50.627	31.817	29.563	24.117	45.031	32.92	30.636	53.188	31.134	10.262	11.893	39.218	32.692	32.467	57.084	31.587	1.69	2.798	34.309	28.106
48.50959	2.457	50.911	35.753	29.033	43.199	30.205	85.098	45.622	2.893	49.109	41.071	30.236	44.473	31.131	85.562	46.2	2.986	51.01	41.398	29.739	45.439	32.742	87.463	46.367	32.214	51.373	31.004	29.863	23.755	45.182	32.272	30.28	53.542	30.287	10.773	12.077	39.167	33.225	33.064	57.738	31.757	1.8	2.615	35.072	28.93
48.67628	2.473	51.227	36.046	29.088	43.372	30.26	85.134	46.127	3.042	50.178	42.686	30.589	43.958	32.207	85.6	46.642	3.069	52.18	41.766	29.435	45.09	33.46	87.733	46.908	32.667	50.671	31.455	30.052	24.428	45.064	32.726	29.745	52.713	31.626	10.737	12.305	39.6	31.546	31.777	57.045	32.276	1.751	2.569	35.53	29.61
